hrv_mean_rr,hrv_std_rr,hrv_rmssd,hrv_pnn50,hrv_min_rr,hrv_max_rr,hrv_range_rr,hrv_mean_hr,hrv_cv,hrv_skew_rr,hrv_kurt_rr,hrv_num_peaks,eda_mean,eda_std,eda_min,eda_max,eda_range,eda_skew,eda_kurt,eda_slope,resp_mean,resp_std,resp_min,resp_max,resp_range,resp_skew,resp_kurt,resp_slope,emg_mean,emg_std,emg_max,emg_rms,emg_skew,emg_kurt,label
595.9714285714286,134.5141491685191,119.63922266237725,30.0,400.0,831.4285714285714,431.42857142857144,100.67596720839924,0.22570570117925923,-0.14459163994868315,-1.4932263032934063,101,5.03745539528983,0.30236951898704123,4.555511474609375,5.9574127197265625,1.4019012451171875,0.7297638592381125,0.05592822591064017,-2.332463835418751e-05,-0.04123887561616443,2.8731520711828202,-8.80584716796875,6.74285888671875,15.5487060546875,-0.37063862213020554,0.05344493828534391,1.083906670873738e-05,0.010999410356794085,0.014906611036719133,0.245819091796875,0.015140525479279087,-0.4574054549986487,6.064726260328472,0
544.4285714285714,144.35911081637948,117.54756991388868,31.818181818181817,400.0,822.8571428571429,422.8571428571429,110.20729467331408,0.26515711774197226,0.6357983963048928,-1.2518539341371995,111,4.587705775669643,0.22896847184794483,4.1278839111328125,5.0945281982421875,0.966644287109375,-0.08280642290989017,-1.163751395413779,-1.877835398238031e-05,0.04753094627743676,2.3359028754239786,-8.16802978515625,6.74285888671875,14.910888671875,-0.2840705988818506,0.7928841346543871,-8.434612933888064e-07,0.007710716247558594,0.010719584652637776,0.245819091796875,0.01105477687305759,-0.8160661474110473,19.52530031812093,0
506.9128329297821,130.91382120751814,94.56105502535074,35.59322033898305,400.0,822.8571428571429,422.8571428571429,118.36354517446442,0.25825706650763053,1.4072169658396543,0.3572191454065492,119,4.186873472304571,0.23064521198245524,3.7715911865234375,4.671478271484375,0.8998870849609375,0.1165153425747599,-1.240235632683332,-1.8968140299143633e-05,0.061072467622302826,1.5956186994016905,-3.14788818359375,3.73077392578125,6.878662109375,0.2786899882910391,-1.2140780759120728,-7.072141491320994e-07,0.006740189688546317,0.008823311039699305,0.06756591796875,0.009234046249225053,-0.6737827792880895,3.686453820368232,0
501.88475390156066,128.31733365387052,144.7582939951539,40.33613445378151,400.0,911.4285714285714,511.42857142857144,119.54935776305403,0.255670913803129,1.7104442899169758,1.478859590600936,120,3.8367648987543017,0.17571664678899931,3.3115386962890625,4.2949676513671875,0.983428955078125,0.1427228760445273,-1.0273977423527507,-1.4417495333512996e-05,0.07862755911690848,1.4912543420498805,-3.24249267578125,3.73077392578125,6.9732666015625,0.2310669840744175,-1.1782005397105677,1.8438663641406318e-06,0.007048078264508929,0.009167453802362259,0.06756591796875,0.009541090696053167,-0.6535142607683139,3.114176895722146,0
558.584779706275,163.7461383915664,188.48365391621633,39.25233644859813,400.0,911.4285714285714,511.42857142857144,107.41431234762658,0.29314464758182335,0.6149231576166247,-1.3937061347246031,108,3.5474849065144856,0.16077529702695179,3.255462646484375,3.919219970703125,0.66375732421875,0.11112415597458826,-1.2820576590247752,-1.2830046386472375e-05,0.033487955729166664,1.885184490084379,-6.646728515625,5.21697998046875,11.86370849609375,-0.11984302149801637,0.2116859735493417,-2.3775220883831738e-06,0.0076774281093052454,0.010211948930819214,0.0846405029296875,0.010527164254761294,-0.5082858291040967,3.547474401155844,0
556.4485981308411,162.73744980660936,178.0708887842761,34.57943925233645,400.0,830.0,430.0,107.82667114544844,0.29245729138910315,0.5230956924137657,-1.5657750850136425,108,3.314104479835147,0.1227638541631173,3.0269622802734375,3.5915374755859375,0.5645751953125,-0.22226482838393818,-0.8146530126151985,-9.49601719346981e-06,0.04712996709914435,1.920568964945932,-6.646728515625,5.21697998046875,11.86370849609375,-0.02617422785269228,0.23045904592239763,4.818015840207593e-06,0.008113524300711496,0.01070755044557432,0.0846405029296875,0.011000113274228163,-0.3667090745869558,3.040493654122839,0
528.6472819216182,157.6307608657086,177.08668464215773,30.973451327433626,400.0,842.8571428571429,442.8571428571429,113.49722594222308,0.2981775680236644,0.9579541176983865,-0.9291400081211365,114,3.0828943888346356,0.16103327207956744,2.783203125,3.4114837646484375,0.6282806396484375,0.13274528929679136,-1.1799972631695586,-1.3203522733419605e-05,0.07363531930106026,1.5377707630807267,-2.9449462890625,4.55474853515625,7.49969482421875,0.35025970201403783,-0.9282052227602064,-2.6536070997812675e-06,0.007930794852120535,0.010309717096653723,0.0712738037109375,0.010612922312450309,-0.3083180967377165,2.4886835523444857,0
526.7003792667508,159.0888676865273,174.591568362966,26.548672566371685,402.85714285714283,842.8571428571429,440.00000000000006,113.91675867697185,0.30204813580731393,1.0244179259156811,-0.834970165063567,114,2.8301904678344725,0.132311384188801,2.5844573974609375,3.134918212890625,0.5504608154296875,0.15073513229635593,-1.1818942676041688,-1.0826342575710242e-05,0.04573077247256324,1.4104170022336222,-2.9449462890625,3.19366455078125,6.13861083984375,0.24233914500442086,-1.3040099306395099,2.4129232784217273e-06,0.007722887311662947,0.010016527737348705,0.0712738037109375,0.01032621702672505,-0.372970521717327,2.4899979171252253,0
532.920918367347,157.61864294314373,156.92479312339165,25.892857142857146,400.0,831.4285714285714,431.42857142857144,112.5870611043297,0.2957636630703542,0.9115367783603788,-1.0404993397144837,113,2.6230162302652995,0.10841171921183836,2.1892547607421875,2.878570556640625,0.6893157958984375,0.10659197504708681,-1.1338332242411275,-8.847406112390004e-06,0.06264528547014508,1.4415558967677902,-3.240966796875,3.20587158203125,6.44683837890625,0.23843510560656536,-1.2180791273674916,1.25488235858647e-06,0.007687545776367187,0.009941758224075897,0.0803375244140625,0.010246550154736208,-0.43379980101785814,2.306053591492578,0
532.2448979591837,148.28818102398984,147.2240532679227,36.607142857142854,400.0,838.5714285714286,438.57142857142856,112.73006134969324,0.27860892907114654,0.9772906249795286,-0.824639351887996,113,2.4512455349876765,0.09233775398356649,2.1213531494140625,2.69775390625,0.5764007568359375,0.12360814313954409,-1.1097023140481732,-7.5010054940080854e-06,0.06211482456752232,1.4953501635579032,-3.240966796875,3.20587158203125,6.44683837890625,0.25774082538415977,-1.254465478079818,2.6842554301015853e-06,0.007829186575753348,0.010140053380996767,0.0803375244140625,0.010431620890692855,-0.42315978272772403,2.231552900954931,0
532.5637755102041,147.86159640252026,159.95948880409262,46.42857142857143,400.0,838.5714285714286,438.57142857142856,112.6625631691136,0.2776411074164153,1.0119151214124325,-0.7254155294066091,113,2.306586792355492,0.07771901785414274,2.1076202392578125,2.53143310546875,0.4238128662109375,0.13410148855622997,-1.101820493726534,-6.271959725825333e-06,0.038453202020554314,1.4697667635504972,-2.87322998046875,3.22418212890625,6.097412109375,0.2789541975414674,-1.2683756706838376,4.507903787136587e-07,0.007642805916922433,0.009903936135495098,0.0663299560546875,0.010194285937419178,-0.4813857006641026,2.3263868544448707,0
516.8103448275862,146.1730147387408,151.6454558397355,33.62068965517241,400.0,822.8571428571429,422.8571428571429,116.09674728940784,0.28283685921090795,1.1305942179255555,-0.5180439545405844,117,2.1841745739891416,0.06753306809503301,2.01568603515625,2.40936279296875,0.3936767578125,0.06614407267993992,-1.005793937247645,-5.414849608419771e-06,0.02464657738095238,1.4834989869459954,-3.08990478515625,3.22418212890625,6.3140869140625,0.22092973948469502,-1.2856169412991074,-5.459172930659619e-07,0.007544330051967076,0.009805437083969672,0.065093994140625,0.010100085731115191,-0.4949640791300568,2.402335368966857,0
497.6190476190476,138.50370624640675,136.44706448391182,20.0,400.0,822.8571428571429,422.8571428571429,120.57416267942584,0.27833280681096095,1.4501880917428434,0.28035187789499805,121,2.073596173241025,0.06429727194537599,1.8291473388671875,2.2918701171875,0.4627227783203125,0.0797797080468028,-1.0664639678614565,-5.136017153963359e-06,0.06656861078171503,1.4651099824967306,-3.08990478515625,2.95257568359375,6.04248046875,0.17648720578863816,-1.3587715880627929,2.5793824910216466e-07,0.007566470554896764,0.009856141669749047,0.065093994140625,0.010153930578192551,-0.49136543429940627,2.4943158720731473,0
496.3928571428571,133.66968152316142,145.01107297207963,25.833333333333336,400.0,835.7142857142858,435.7142857142858,120.8720051802288,0.26928204062511835,1.6957667833257524,1.122331448259664,121,1.9694646926153274,0.05961938471594865,1.8268585205078125,2.152252197265625,0.3253936767578125,0.09442224916904428,-1.0429350011935317,-4.735016537203391e-06,0.07961814517066593,1.4163434662696819,-2.72369384765625,2.70843505859375,5.43212890625,0.1733225528218798,-1.405923111970789,-8.688936793906614e-07,0.007523491995675223,0.00977739449023735,0.06129455566406251,0.010069991592000938,-0.4902145120133204,2.4656524518409393,0
534.4897959183673,159.54756288640203,173.29921029756352,32.142857142857146,401.4285714285714,835.7142857142858,434.2857142857144,112.2565864833906,0.29850441318952653,1.0191064345454537,-0.8704138660240797,113,1.8759510040283203,0.05285173062398358,1.7368316650390625,2.056121826171875,0.3192901611328125,0.11569981161569054,-0.9175001520192914,-4.15250296993383e-06,0.03583577473958333,1.3780940815047136,-2.62603759765625,2.69775390625,5.32379150390625,0.22365217640373383,-1.4194204533545194,-4.3134797111127573e-07,0.007517713274274553,0.009750719456251075,0.0614776611328125,0.0100473579479581,-0.5044960885821285,2.3499653711127744,0
573.9835164835165,174.46471994017554,184.73297765554813,35.57692307692308,400.0,834.2857142857143,434.28571428571433,104.53261858038577,0.3039542337540032,0.39535601600533804,-1.767086797007521,105,1.7950218200683594,0.046001532680690474,1.5758514404296875,1.9672393798828125,0.391387939453125,0.21755679370098457,-0.8801190085487773,-3.545251509300757e-06,0.051604207356770834,1.4356690583779577,-2.81219482421875,2.84423828125,5.65643310546875,0.20042300562525678,-1.4002258790286015,2.3925736878627722e-06,0.007839153834751674,0.010207350826194056,0.0688934326171875,0.010489190350781007,-0.4793746687816767,2.194828243478022,0
535.561224489796,155.5215945397292,159.21894070506343,34.82142857142857,400.0,825.7142857142858,425.7142857142858,112.03200914547011,0.2903899450298839,0.847917496636556,-1.1303797746833741,113,1.7281104859851655,0.03800518363838852,1.5758514404296875,1.8962860107421875,0.3204345703125,0.14745447104960122,-0.6798726356300224,-2.8343354074093375e-06,0.04261205764043899,1.4683715785020268,-2.83050537109375,3.05023193359375,5.8807373046875,0.20752241586912049,-1.3283883391599067,-4.885650694873117e-06,0.008254915509905134,0.010725317731964914,0.0688934326171875,0.010980900718128407,-0.3272020632807113,1.9216824645627497,0
503.5894357743098,136.33979381433568,172.6607252572244,39.49579831932773,400.0,844.2857142857143,444.28571428571433,119.14467567760852,0.27073600859935065,1.5614316156333092,0.7043653611918854,120,1.6710182734898158,0.03606512636403978,1.4263153076171875,1.8280029296875,0.4016876220703125,0.21884070979834333,-0.5225498443543937,-2.649851334087174e-06,0.05855647495814732,1.4027078338003671,-2.83050537109375,3.05023193359375,5.8807373046875,0.19798572234688455,-1.3308042370338806,2.8274891072624773e-06,0.00797044699532645,0.010344522808921492,0.0633087158203125,0.010618486868868795,-0.32236835134817954,1.9854393075964962,0
532.1301020408163,163.12980615616925,191.70406998926873,35.714285714285715,400.0,844.2857142857143,444.28571428571433,112.7543804980944,0.30656000389855154,1.0267064232813505,-0.8300981519768267,113,1.6182174955095563,0.03333147396274331,1.409912109375,1.776123046875,0.3662109375,0.2203831450903708,-0.4363288948314046,-2.394354400564782e-06,0.07988259451729911,1.3675684484580795,-2.813720703125,2.5360107421875,5.3497314453125,0.13596641428176826,-1.4199053490091755,-2.9199018674744938e-06,0.0074574530465262275,0.009745409553018902,0.0669708251953125,0.010054342963748644,-0.5365979868265119,2.5526153924092503,0
547.1821756225426,163.68148714747744,166.82588766484207,34.862385321100916,400.0,844.2857142857143,444.28571428571433,109.65269461077845,0.2991352687270067,0.717419132367821,-1.3452093710673005,110,1.5693395523797897,0.031721886453720836,1.409912109375,1.7215728759765625,0.3116607666015625,0.2587254188225519,-0.4569368415698061,-2.2381207547704416e-06,0.022759501139322916,1.39636820604062,-2.984619140625,2.64434814453125,5.62896728515625,0.171192182087286,-1.3676800470601302,-1.114445332379495e-06,0.007535301208496094,0.00982678146320982,0.0669708251953125,0.010141629701232023,-0.5226841252809887,2.516362145376842,0
527.9140328697852,151.44944580955254,161.1944075526166,35.39823008849557,400.0,830.0,430.0,113.6548685281862,0.2868827808691892,0.9736982148341675,-0.8939821160732495,114,1.5259004683721633,0.02845659146979081,1.4278411865234375,1.67236328125,0.2445220947265625,0.34888746221833555,-0.10615315360568722,-1.905753405532608e-06,0.03388730003720238,1.410631908819222,-2.984619140625,2.899169921875,5.8837890625,0.20403195347850728,-1.3371217500156825,-1.8173619927222692e-06,0.007735803876604353,0.010014160594850571,0.0615692138671875,0.010317614842540158,-0.4575278278265771,2.1043649322040583,0
494.9822904368359,135.87582701778817,168.57591801931386,31.40495867768595,400.0,830.0,430.0,121.21645796064401,0.2745064412261576,1.6663572375243272,0.9791330629468415,122,1.4874256678989954,0.027354432075015398,1.1898040771484375,1.6139984130859375,0.4241943359375,0.37297932018731805,0.5195478783901688,-1.7854810938006194e-06,0.07883929298037574,1.3726162193119542,-2.66265869140625,2.899169921875,5.56182861328125,0.190681294862442,-1.3782693653880522,-2.0586517937569224e-06,0.007618297031947545,0.009883078406796853,0.0615692138671875,0.01019099255587819,-0.5181043200490622,2.2116282918394123,0
470.0674915635546,103.54628813494338,130.61477817838082,24.409448818897637,400.0,825.7142857142858,425.7142857142858,127.64124530378807,0.22027961940215046,2.698479646294174,5.921859471964353,128,1.4523304803030832,0.025084025481185247,1.1898040771484375,1.5705108642578125,0.380706787109375,0.4263757165491033,0.6208946031092104,-1.5567745209223693e-06,0.08431171235584077,1.3410868114176637,-2.48260498046875,2.44598388671875,4.9285888671875,0.17886510182918186,-1.4543172189782623,-5.308685673991184e-07,0.0076222076416015624,0.009864710738218062,0.062164306640625,0.010171280772873752,-0.5330124407242094,2.225889099068427,0
492.3258559622195,119.82926689235967,149.7039595675548,29.75206611570248,400.0,821.4285714285714,421.42857142857144,121.87050359712232,0.2433942183640975,1.773772128985233,1.5965093718877181,122,1.4193436395554315,0.0252647452852801,1.270294189453125,1.532745361328125,0.262451171875,0.42371258221953,0.17771637745190372,-1.577354667267604e-06,0.04316155569893973,1.4614399211331186,-3.204345703125,3.14788818359375,6.35223388671875,0.19729596103201225,-1.32398768061655,-1.3238418124443277e-07,0.007947037833077568,0.01036257429378659,0.0688018798828125,0.010646857115200812,-0.3785823802691938,2.474065496487535,0
513.0418719211823,136.44572535135634,172.82454392060885,37.06896551724138,400.0,854.2857142857143,454.28571428571433,116.9495187114429,0.26595436516791415,1.360787605251644,0.1521171694452712,117,1.3848026911417644,0.026563819660100654,1.270294189453125,1.528167724609375,0.25787353515625,0.36784493493523934,0.11868143363476369,-1.7000010832465195e-06,0.05939185732886905,1.534183904789578,-3.204345703125,3.14788818359375,6.35223388671875,0.19145870088139405,-1.3589125546868404,4.345222625378248e-06,0.007869421822684151,0.010309468895878849,0.0688018798828125,0.010593368618090154,-0.3568063779304706,2.491746253906304,0
511.050061050061,133.0929797474818,142.35706808804227,35.8974358974359,400.0,854.2857142857143,454.28571428571433,117.4053279178115,0.2604304155135291,1.545024525163362,0.7318519494451476,118,1.3479052952357702,0.027601335559325042,1.24969482421875,1.502227783203125,0.252532958984375,0.3723035707793608,-0.03914370961859426,-1.8072939114053754e-06,0.06084761846633185,1.4433601213496199,-2.7008056640625,3.01361083984375,5.71441650390625,0.2184707740860667,-1.4029801422899142,-5.979609827404564e-07,0.007231981549944196,0.009543738419870263,0.0630340576171875,0.00984569122411731,-0.5487566489341568,2.79679566012479,0
502.2154963680388,135.64489081650726,141.38194369557846,31.35593220338983,400.0,837.1428571428572,437.1428571428572,119.47062652170767,0.2700930015052792,1.6159675643731812,0.9126770862986224,119,1.3120324089413598,0.025813961186961793,1.2195587158203125,1.42974853515625,0.2101898193359375,0.49633135935424577,0.17401901309656997,-1.6178781609396462e-06,0.035108875093005955,1.3868526415656208,-2.66265869140625,2.55889892578125,5.2215576171875,0.24584991739805864,-1.4092065050304257,2.6852139932119564e-06,0.0070796356201171876,0.00938223943373772,0.0714569091796875,0.009693568636888968,-0.6317020931905516,3.188476977107851,0
488.5128805620609,132.32175339519415,163.4257044356809,27.049180327868854,400.0,837.1428571428572,437.1428571428572,122.82173589970996,0.2708664574881848,1.8914850106496752,1.8039225675670343,123,1.2759628023420062,0.027911472011536893,1.1753082275390625,1.410675048828125,0.2353668212890625,0.25304797886092734,-0.06411223393653298,-1.8276452641456432e-06,0.05740341913132441,1.407338926093548,-2.69012451171875,2.557373046875,5.24749755859375,0.21589584247981977,-1.418015349335623,6.463539117313498e-07,0.007581987653459821,0.009899971106017643,0.0714569091796875,0.010205072911731174,-0.4864261292360145,2.4145909088322153,0
491.3817330210773,123.47929914648003,154.5665160809588,36.0655737704918,400.0,827.1428571428572,427.1428571428572,122.10466113811837,0.25128996633088824,1.8182053182662798,1.772962051738748,123,1.2403732299804688,0.02570090295869988,1.042938232421875,1.3706207275390625,0.3276824951171875,0.6364747463581201,0.36358415446508996,-1.579043458833368e-06,0.027364640008835567,1.4714233609018113,-3.85894775390625,2.78167724609375,6.640625,0.16820780745486208,-1.2690713710178034,-3.83780410942149e-06,0.008579085213797433,0.011130540893385337,0.0720977783203125,0.011420794901509301,-0.3121782273379412,1.7707364129651948,0
520.9192546583852,137.18984589745756,149.1470557989358,40.0,400.0,828.5714285714287,428.57142857142867,115.18099871226211,0.2633610577275083,1.1000103526285392,-0.4450587229250824,116,1.2143256323678153,0.020830749468029333,0.9777069091796875,1.3324737548828125,0.354766845703125,0.7709692050878345,1.950207439362302,-9.865290767242727e-07,0.06959857032412574,2.4511796999435282,-10.64453125,10.43243408203125,21.07696533203125,-0.5592005679514098,5.5781127663456385,3.3532324961649754e-06,0.008886587960379465,0.011539681355853041,0.0816192626953125,0.011820940306980854,-0.3053490758003343,1.7802059072267937,0
515.307881773399,137.59134973782722,165.70807441775568,36.206896551724135,400.0,860.0,460.0,116.43524603876395,0.2670080443254922,1.33413665053302,0.15085680475984287,117,1.1981357846941267,0.01926062757252823,0.9777069091796875,1.3294219970703125,0.351715087890625,1.0759955094952014,2.528128658296904,-6.607678467801212e-07,0.07902450561523437,2.431600433468685,-10.64453125,10.43243408203125,21.07696533203125,-0.5680521502483942,5.839958706474315,-4.157049434264022e-06,0.008150174822126117,0.010640561994676058,0.0816192626953125,0.010928612368422932,-0.4186663428104671,2.2228040007941763,0
505.9200968523003,142.46644824885013,180.04776775717474,35.59322033898305,402.85714285714283,860.0,457.14285714285717,118.59580272320467,0.2815987131866046,1.586416517520681,0.7632718556352258,119,1.1816289265950521,0.020291011322889577,1.07269287109375,1.3294219970703125,0.2567291259765625,0.9214802039975368,1.533396285310296,-8.69781806778956e-07,0.02359466552734375,1.4252446546264006,-2.98309326171875,2.88848876953125,5.87158203125,0.26843212469469785,-1.3224404449799536,1.6114593673168065e-06,0.007745776585170201,0.010082764606120875,0.06866455078125,0.010381136604107964,-0.5276595863485951,2.2933879213265396,0
535.4081632653061,159.76059765504982,174.03060638313173,36.607142857142854,400.0,854.2857142857143,454.28571428571433,112.06403659233847,0.29839029102715614,0.9633708558419282,-0.9235826218711369,113,1.1676223482404435,0.01928359573513266,0.927734375,1.2981414794921875,0.3704071044921875,1.0913018024419017,2.6166012220597743,-3.4195838631873706e-07,0.05062793550037202,1.4434831552312077,-3.09600830078125,2.85491943359375,5.950927734375,0.24670295825738983,-1.3689735913912682,-8.041484410995543e-07,0.00792697252546038,0.010335052650865794,0.07891845703125,0.01063041227239193,-0.47697018540861247,2.2558072082079317,0
569.4013605442177,169.1971301224886,160.48707993401115,32.38095238095238,400.0,835.7142857142858,435.7142857142858,105.37382619292251,0.29714914969780676,0.4474904623149382,-1.6951147282417702,106,1.155650483994257,0.02029225367792849,0.913238525390625,1.294708251953125,0.3814697265625,1.0939384553403166,2.7061520104068997,-5.704642418936429e-07,0.03865331013997396,1.634757493949933,-4.22515869140625,4.1534423828125,8.37860107421875,0.283852999201894,-1.0601395421286428,-4.938679568609991e-06,0.007863563537597656,0.010637124331251852,0.1978912353515625,0.010918665999565291,-0.12270507892792795,7.809337576527673,0
578.6407766990292,170.15318203104908,169.88444393091407,32.038834951456316,400.0,812.8571428571429,412.8571428571429,103.69127516778522,0.29405667364426263,0.24985017878325524,-1.8426519513078743,104,1.1426591328212192,0.01790636332022621,0.913238525390625,1.26495361328125,0.351715087890625,1.3140829463936068,3.373993464411549,-4.487649305679645e-07,0.04533382597423735,1.7201891431389293,-4.22515869140625,4.1534423828125,8.37860107421875,0.26976660666315333,-1.1404559335870714,-2.5180725103280932e-06,0.006978674752371652,0.00976278924755167,0.1978912353515625,0.010054832119200182,-0.26189447664716814,11.186582583986912,0
547.9423328964613,159.06008223920287,173.80261999770025,32.11009174311927,400.0,827.1428571428572,427.1428571428572,109.50057405281288,0.290286171901339,0.5927585238336316,-1.5199018265930733,110,1.1311745689028785,0.018579784058870216,0.9372711181640625,1.253509521484375,0.3162384033203125,1.1562389766449754,2.666604465090259,-6.032852541737985e-07,0.07882795787992931,1.6528071786052827,-3.9764404296875,3.40118408203125,7.37762451171875,0.12393274921252233,-1.2966782033253437,-3.001106646613792e-06,0.006573041643415179,0.009053927002380405,0.06175231933593749,0.009358188667942682,-0.9063298571119563,4.418599793764197,0
599.8556998556999,157.78649440596664,139.59981776922024,31.313131313131315,400.0,828.5714285714287,428.57142857142867,100.02405580947799,0.26304075204073823,-0.09559072196427913,-1.8072319861863024,100,1.1166383652460008,0.02229436666943184,0.9372711181640625,1.235198974609375,0.2979278564453125,0.4910850644479268,1.1600858945337507,-9.676258744490286e-07,0.09057104928152902,3.872088771511942,-19.024658203125,13.66729736328125,32.69195556640625,-1.2860711391792465,7.768100837177606,1.884323100548703e-06,0.007999901907784598,0.011451114615997704,0.1737213134765625,0.011689377337010998,-0.20174988050234974,8.196737076814346,0
726.6724738675958,71.95694985238171,78.77462901766499,20.73170731707317,402.85714285714283,830.0,427.14285714285717,82.5681474910695,0.09902253414031574,-2.124975901843475,7.115274335367259,83,1.2035297575451078,0.028947588394983015,0.968170166015625,1.3519287109375,0.383758544921875,0.6892056411610048,0.007442926665032434,-1.7882931434282106e-06,-0.20734242030552455,5.037488082222761,-7.98492431640625,19.27032470703125,27.2552490234375,1.044658257741405,1.1834829908954445,2.7753748904590062e-05,0.008235386439732142,0.010750054685748488,0.0722808837890625,0.011021034045379734,-0.5563477925647724,1.7433707308654167,1
652.0496894409938,145.93429748129375,123.05531459784139,27.173913043478258,401.4285714285714,854.2857142857143,452.85714285714295,92.0175271480282,0.22380855300522284,-0.7238088184727403,-1.09097681010244,93,1.1920989354451497,0.03236290010374775,0.968170166015625,1.371002197265625,0.40283203125,1.674835238519858,2.4037529011218624,1.0250885888929479e-06,0.019905962262834823,5.2277360120422065,-7.98492431640625,19.27032470703125,27.2552490234375,1.1786108954057255,1.3300669924212096,-9.383422372723041e-06,0.008353433881487165,0.010932159861919763,0.079833984375,0.011183135713695828,-0.5286217771127933,1.800208800813527,1
619.6428571428572,143.93817172283232,152.25755498655346,27.083333333333332,401.4285714285714,865.7142857142858,464.2857142857144,96.82997118155619,0.23229215033079564,-0.3850575568808119,-1.372957242732745,97,1.2444866089593796,0.05584041809142716,1.114654541015625,1.422119140625,0.307464599609375,-0.22130032028156896,-1.3431729235243008,3.7234830266672613e-06,0.12010468982514881,4.59815825319212,-7.97271728515625,17.01507568359375,24.98779296875,1.1062600501847204,1.2000899036798778,6.041977652072172e-06,0.00848173086983817,0.011087985098517026,0.079833984375,0.011327751368141726,-0.5398265411317874,1.820425137856578,1
637.8267477203649,144.163439224395,145.06579893794876,29.78723404255319,402.85714285714283,865.7142857142858,462.85714285714295,94.06943219995709,0.22602288119719768,-0.4799499676125999,-1.2780869277210147,95,1.2797889164515903,0.022337500044904802,1.1962890625,1.422119140625,0.225830078125,0.9877943156779605,1.247666272288364,-9.016033110988412e-07,0.14299138387044272,3.4188480519756,-6.365966796875,13.42315673828125,19.78912353515625,1.1677754008049797,1.6271761866294812,-1.388700466245039e-06,0.00821890149797712,0.010621584473298928,0.0707244873046875,0.010893271290883275,-0.5337407272712521,1.5868187759863988,1
640.5069124423964,154.3273319816987,151.89252726939515,32.25806451612903,400.0,854.2857142857143,454.28571428571433,93.67580401467731,0.2409456150804275,-0.4227505700325538,-1.462355580990208,94,1.2675746554420109,0.01817268135428094,0.9716033935546875,1.3866424560546875,0.4150390625,1.09712440659324,5.561815025403243,-2.0716003773240034e-07,0.09720408121744792,2.9767403255950353,-5.97381591796875,13.42315673828125,19.39697265625,1.0639272444254582,2.261149475501333,1.8006465724603342e-05,0.008503251211983818,0.011118504355491339,0.1354522705078125,0.01138675925260588,-0.5701740106262387,2.580990925216895,1
629.609022556391,143.99553073761206,145.50405001727125,23.157894736842106,400.0,854.2857142857143,454.28571428571433,95.29723661897825,0.22870626941295952,-0.4572006536499035,-1.2895633563228082,96,1.3249762217203775,0.07117827519310675,0.9716033935546875,1.52435302734375,0.5527496337890625,0.3915399008278149,-1.4595066727720976,4.96441991968221e-06,-0.0881270999000186,2.6970146425891546,-8.36639404296875,9.39788818359375,17.7642822265625,0.3497295422055434,1.4609335273029815,-6.0778415543856e-06,0.008616154261997768,0.0112660312081119,0.1354522705078125,0.0115277441266485,-0.5548971152281438,2.4951201851370737,1
654.8194662480378,123.04513534010842,107.6168352069259,17.582417582417584,400.0,880.0,480.0,91.62830840046028,0.18790696013533048,-0.9679749783147478,-0.29346490656952984,92,1.404358636765253,0.04334676098054508,1.21002197265625,1.52435302734375,0.3143310546875,-1.6913601626678354,3.171577514993472,2.070183052752215e-06,0.06530823480515253,3.4129288788169623,-8.36639404296875,14.32342529296875,22.6898193359375,0.9938736838762449,2.4195678698814183,2.6313499674562408e-05,0.008381693158830915,0.01082597113563276,0.0726470947265625,0.01109413936215821,-0.4596669014179438,1.5439726619145633,1
632.4316109422492,143.72152322854447,131.57500357902435,31.914893617021278,401.4285714285714,880.0,478.5714285714286,94.87191810448407,0.22725227635983627,-0.2896134884416971,-1.3112317099803787,95,1.4297132128760928,0.025570751329535537,1.21002197265625,1.556396484375,0.34637451171875,0.7055252510534612,0.9550450258939951,8.531899388463692e-07,0.16588966732933408,3.9098413548145574,-7.15789794921875,14.32342529296875,21.4813232421875,1.104965172269131,1.6692636787662707,-1.6501988816417706e-05,0.008207180568150112,0.010618910141543232,0.0726470947265625,0.01090054649510767,-0.48604562251930644,1.7192495289741379,1
604.4169096209913,172.39850568366717,170.6010956949099,43.87755102040816,400.0,878.5714285714286,478.57142857142856,99.2692279863975,0.28523110942043667,0.18799545217724853,-1.7342506335137078,99,1.476589093889509,0.05451064952792546,1.245880126953125,1.7009735107421875,0.4550933837890625,0.31502268241282977,-0.3545475311225603,3.392296708908411e-06,-0.036627197265625,3.5928126084302128,-7.09686279296875,13.67340087890625,20.770263671875,0.8137081011574548,1.3448711747868165,1.3917301889245448e-05,0.007704709734235491,0.009878901578209916,0.0702667236328125,0.010179066027829073,-0.51834431960363,1.5563569359991103,1
660.1428571428571,166.8191207494484,155.71840894595437,27.77777777777778,400.0,850.0,450.0,90.88941787491885,0.252701546255386,-0.5718469150297341,-1.4961316740135067,91,1.5069367454165503,0.03377503056792293,1.294708251953125,1.7009735107421875,0.4062652587890625,0.7152019924764564,2.530422205646518,-8.124199550563457e-07,-0.06887955438523065,2.752449718239029,-7.09686279296875,10.90850830078125,18.00537109375,0.4213389015051262,0.9875098541188057,-1.4395517136084724e-05,0.007523267473493304,0.009617693076736085,0.06211853027343749,0.009921682819756953,-0.5206395813564298,1.3599017246608307,1
700.3865546218487,154.40213289573177,159.6831623624723,20.0,402.85714285714283,881.4285714285714,478.5714285714286,85.66697861924987,0.22045273695908718,-1.1592790045579342,-0.3837194973591065,86,1.5596630368913924,0.10757616778210524,1.311492919921875,1.9683837890625,0.656890869140625,1.3128623617953492,0.7576497308382137,6.4254364899353175e-06,0.03113646734328497,2.6892037989288617,-6.44073486328125,11.47308349609375,17.913818359375,1.0247932852103945,2.38631650489869,-2.7614494483965437e-06,0.007392807006835938,0.009474577542776539,0.06211853027343749,0.009790378580977324,-0.5687778463741584,1.454760051770207,1
681.1688311688312,176.9477540805309,202.214284699251,32.95454545454545,402.85714285714283,900.0,497.14285714285717,88.08388941849381,0.2597707733880053,-0.6908440977712439,-1.294503871156887,89,1.7271781194777716,0.14192452349049284,1.4293670654296875,2.06146240234375,0.6320953369140625,-0.45484000513216316,-0.7734204076477642,1.0044869555207538e-05,0.09714736938476562,2.683771450455402,-6.44073486328125,11.47308349609375,17.913818359375,0.9681021200020119,2.3607571949217316,-2.89706280299476e-05,0.00742880358014788,0.00951221744863922,0.06175231933593749,0.009833528547786873,-0.523040670374407,1.4081362769339307,1
618.5565476190476,189.99233501273486,218.51407179024986,39.58333333333333,401.4285714285714,900.0,498.5714285714286,97.00002405754566,0.30715435111640926,0.03949840527132531,-1.8380341962240192,97,1.8430974506196522,0.06652358447350926,1.6937255859375,2.0656585693359375,0.3719329833984375,0.626503454198038,-0.5177772730473889,2.3973454705556217e-06,0.0672852289109003,2.1166821676809824,-4.31060791015625,5.61065673828125,9.9212646484375,0.23144828280138838,-0.6817086324489061,-3.144199796481282e-06,0.007553835187639509,0.00966254945174578,0.06175231933593749,0.00998067155736735,-0.48096355497405663,1.3317312857881607,1
629.1578947368421,185.0011170444799,208.69385797604525,33.68421052631579,400.0,855.7142857142858,455.7142857142858,95.36556801070772,0.2940456101593708,-0.17065268149016266,-1.859598059044294,96,1.977646255493164,0.18792126284259295,1.7253875732421875,2.388763427734375,0.6633758544921875,0.9059411571740795,-0.7404804046908846,1.3161811911083492e-05,0.14988072713216147,2.621537136345925,-5.13763427734375,8.39996337890625,13.53759765625,0.5031105233506675,-0.22122527105199818,-8.041120482079767e-06,0.007504779270717076,0.00961256219195256,0.06005859375,0.00993394079098928,-0.5346552269002228,1.5006183067136147,1
597.5571428571428,183.13219213431145,194.55778420713096,36.0,400.0,871.4285714285714,471.42857142857144,100.40880728681059,0.3064680831337542,0.1798544056252091,-1.8528182448638184,101,2.2507964724586125,0.21007164059439842,1.8215179443359375,2.7896881103515625,0.968170166015625,-0.661855604888636,-0.7602862672865633,1.4826660084085712e-05,0.06593402680896578,2.7015952898646614,-5.13763427734375,8.39996337890625,13.53759765625,0.7283239719666411,0.10237521770602953,-1.024967816497976e-06,0.0074233136858258926,0.009465716561698579,0.0640411376953125,0.009806427358208311,-0.530264125941395,1.4598698312575555,1
589.9292786421499,174.49929828380593,181.2307695639311,36.633663366336634,401.4285714285714,871.4285714285714,470.00000000000006,101.7071065503021,0.2957969787250666,0.23625271431152464,-1.7582773459538112,102,2.5155248369489396,0.1441991129984978,2.2247314453125,2.9296875,0.7049560546875,0.25470622885298105,-0.7832707253149476,8.800318975775816e-06,0.06293269566127233,2.6985778357176216,-6.37359619140625,7.91778564453125,14.2913818359375,0.4928285105663911,-0.04091914566826427,7.407335911221121e-06,0.007487384251185826,0.009526859879366068,0.0640411376953125,0.00987988672025579,-0.47937143279970706,1.3462452446538116,1
618.5267857142857,174.10087938977853,160.8844379144561,29.166666666666668,400.0,871.4285714285714,471.42857142857144,97.00469144713101,0.28147670143132725,-0.13914885112778866,-1.7969126409430038,97,2.6473928905668713,0.07928363079897438,2.4509429931640625,2.9296875,0.4787445068359375,0.3412977752998595,0.03914041213962127,1.0264391815030242e-06,0.012855457124255952,2.8711293881957713,-6.37359619140625,7.97576904296875,14.349365234375,0.5939961975398358,-0.14713492886981738,-5.354934889180878e-06,0.007529362269810268,0.009572355782755098,0.0648651123046875,0.009931711564572246,-0.48139744096688736,1.4162752739171962,1
584.2997198879551,180.83345956974208,171.7675808723966,28.431372549019606,400.0,868.5714285714286,468.57142857142856,102.68702509647883,0.3094875000186866,0.2813657745944078,-1.8230335059882516,103,2.7839765367053806,0.14310564144386148,2.5177001953125,3.1978607177734375,0.6801605224609375,0.43748844646866475,-0.8712332810227039,8.330702483121108e-06,0.02029814947219122,2.6449360025085404,-4.6600341796875,7.97576904296875,12.63580322265625,0.7380808571932641,0.014003700851207057,2.90885386815698e-06,0.007344161987304688,0.009340158515338991,0.0648651123046875,0.00972524760857546,-0.5482897856257706,1.69131483824878,1
623.8541666666666,181.53588406159992,175.19073540041904,26.041666666666668,400.0,855.7142857142858,455.7142857142858,96.17632325930875,0.2909908978112138,-0.1713452583048926,-1.8896020841392855,97,2.9480557032993864,0.1271735656724211,2.6874542236328125,3.4427642822265625,0.75531005859375,1.328578772096806,2.2823321090081503,5.160163797301762e-06,0.09398411342075892,2.3128605177017234,-4.89044189453125,7.17315673828125,12.0635986328125,0.25576850476504337,-0.4945003626705695,-4.397374046947626e-06,0.007233642578125,0.00921153759892593,0.0652313232421875,0.009617931355308479,-0.5929522189056285,1.8080229962344045,1
521.304347826087,127.56800510348626,158.59332865998152,66.08695652173913,400.0,917.1428571428571,517.1428571428571,115.09591326105087,0.24470926750460248,1.7591957898291282,2.133549465272446,116,0.7679247447422572,0.026712680698856236,0.5794525146484375,0.9296417236328125,0.350189208984375,0.8737645278756045,0.8413269917659605,1.1828141448396902e-06,0.03278187343052456,1.848744185736163,-3.20892333984375,4.02069091796875,7.2296142578125,0.3746176770858511,-1.1556052424275958,3.1206383867719184e-06,0.007100784301757813,0.009322740304853068,0.0668792724609375,0.00962769363416247,-0.7053535031495953,2.789477043726709,2
518.0372670807453,140.07165878963667,174.54969941349634,60.0,401.4285714285714,930.0,528.5714285714287,115.82178312790754,0.27038915477832604,1.6575201384477798,1.289134370288112,116,0.8059670221237909,0.03706019145804601,0.5794525146484375,0.969696044921875,0.3902435302734375,0.5582874196018057,-0.22671934791226667,2.2958587039781622e-06,0.11124888828822545,2.229503009294978,-8.93402099609375,8.18328857421875,17.1173095703125,-0.00665936445027134,1.4365924921608766,1.2010823065767328e-05,0.007243228367396763,0.009568702215045747,0.0668792724609375,0.009846902686778505,-0.7269540937424408,3.0197236847291125,2
520.6708074534162,146.0782595543646,186.6371901436553,55.65217391304348,401.4285714285714,930.0,528.5714285714287,115.23595934532614,0.28055780632071264,1.5297107605001006,0.7997186693872278,116,0.8518972760155088,0.035517084620709814,0.7358551025390625,1.0009765625,0.2651214599609375,0.09087200581196593,0.19490408080249333,1.7253558593128985e-06,0.055325826009114586,2.3573219568769517,-8.93402099609375,8.18328857421875,17.1173095703125,0.06608158826475881,0.7580626663956047,3.7054688301993434e-08,0.007227328709193639,0.009573139035314985,0.0661468505859375,0.009851952134839881,-0.7540090905458859,3.127009524845244,2
569.7006802721088,174.96140851598332,199.25484222649757,43.80952380952381,401.4285714285714,911.4285714285714,510.00000000000006,105.3184629713658,0.3071111104034766,0.7720036474851263,-1.1996223548455307,106,0.8450615928286598,0.039277992090139456,0.7205963134765625,1.0009765625,0.2803802490234375,0.10942515605239295,-0.3169993463313756,-2.5716404508050198e-06,-0.019658624558221725,1.958590412730589,-3.16925048828125,3.79791259765625,6.9671630859375,0.3783863449907454,-1.3098953248984204,7.423207887360267e-06,0.007157400948660715,0.009437216961379087,0.0653228759765625,0.009738882792522953,-0.7329008745764699,2.943842479498393,2
564.6765498652292,162.70474888797676,178.90379952627285,48.113207547169814,400.0,911.4285714285714,511.42857142857144,106.2555192248025,0.28813795955721794,0.939134706736049,-0.773684285870547,107,0.7924680800664993,0.03660094386229613,0.5901336669921875,0.945281982421875,0.3551483154296875,0.43897412435723626,-0.2870629243940397,-2.4010252744064114e-06,0.05997819446382068,1.9541869883874754,-3.03802490234375,3.95050048828125,6.988525390625,0.39908549718988284,-1.263899293634921,4.856728545712664e-07,0.007207362583705357,0.009453999211105481,0.0653228759765625,0.00976020632170942,-0.6895160200458788,2.6735096068631057,2
522.4310776942356,129.35654601919103,177.31879236782393,65.78947368421053,400.0,897.1428571428571,497.1428571428571,114.84768529623412,0.24760499813699796,1.7113868067689006,1.8207050752065133,115,0.7485551834106445,0.030892785127677853,0.5901336669921875,0.8914947509765625,0.301361083984375,0.4834020452861948,-0.07451812054699802,-1.7923324832072249e-06,0.05096973237537202,1.9876889988182056,-3.30352783203125,3.95050048828125,7.2540283203125,0.3736282607949529,-1.2376818795298308,-3.1512697913039133e-06,0.0072534779139927456,0.009504226850069214,0.0652313232421875,0.009802604619364417,-0.672286999634848,2.6530340045816754,2
530.0126422250316,146.29349887127606,210.08427956168075,61.94690265486725,401.4285714285714,932.8571428571428,531.4285714285713,113.20484686575708,0.27601888561964355,1.5236435967827295,0.9015948352620566,114,0.7148633684430804,0.027382256764378485,0.6160736083984375,0.8373260498046875,0.22125244140625,0.6514174011258178,0.2279824726265285,-1.3692201958877882e-06,0.07417787824358259,2.016806047204224,-3.30352783203125,3.88336181640625,7.1868896484375,0.33442792662711274,-1.3360413695159676,3.7520359540039866e-06,0.007196103777204241,0.009478088761147715,0.0652313232421875,0.009771644513295107,-0.7023416419158717,2.931755128850753,2
584.5238095238095,168.58710501733097,206.90573171013887,54.90196078431373,402.85714285714283,932.8571428571428,530.0,102.64765784114053,0.2884178578707903,0.6696656600650932,-1.177419642380052,103,0.7072080067225865,0.02776096178224372,0.6160736083984375,0.8342742919921875,0.21820068359375,0.7312700951726071,0.11433878931626618,6.807859665912354e-07,0.06314595540364583,2.151915701027745,-4.82025146484375,4.83245849609375,9.6527099609375,0.3389097264381111,-1.1114074380457273,-2.563771360841754e-06,0.00800628662109375,0.01081545867533614,0.11151123046875,0.011066653321241385,-0.45035552604375484,4.037392676167586,2
570.7967032967033,154.84671446718673,159.14940088190698,54.807692307692314,402.85714285714283,910.0,507.14285714285717,105.11623429754054,0.27128172530228606,0.8373939082283104,-0.8396033416858866,105,0.6981881096249535,0.03278771145837687,0.59967041015625,0.8342742919921875,0.2346038818359375,0.4130923189627034,-0.1092761844729786,-1.0789633460765652e-06,0.061528378441220236,2.3934372666138892,-8.44879150390625,5.474853515625,13.92364501953125,0.07032525033155358,-0.4642351126382471,7.3876728251736295e-06,0.008599591936383929,0.011496075554195614,0.11151123046875,0.01172461968117345,-0.363558962458854,3.346804707559137,2
553.4788359788361,154.3642354995682,185.7482253058488,65.74074074074075,401.4285714285714,952.8571428571429,551.4285714285716,108.40522907057331,0.2788981718272436,1.1252321068305402,-0.15381375101253614,109,0.6359967731294178,0.05766677738419729,0.4573822021484375,0.7907867431640625,0.333404541015625,-0.21016359799572948,-1.05797547187456,-4.259457338459801e-06,0.050200762067522324,2.2923677558888182,-8.44879150390625,5.474853515625,13.92364501953125,0.07857431270964345,-0.3079319255899926,-2.7021801354960104e-06,0.00845396750313895,0.011142657705335542,0.090087890625,0.011383958085394014,-0.2908908578304682,2.607722853750703,2
551.7460317460317,144.08235621209883,159.5225209016097,61.111111111111114,401.4285714285714,952.8571428571429,551.4285714285716,108.74568469505179,0.26113890797935063,1.171661396024371,0.0049026630381998615,109,0.5828957239786784,0.0334777675260329,0.4451751708984375,0.737762451171875,0.2925872802734375,0.8293238012967677,0.20090452261285252,-1.2437965897807205e-06,0.03410095941452753,2.132399657871788,-6.28509521484375,5.23223876953125,11.517333984375,0.1672080078280256,-0.518066120776556,5.500222327307735e-06,0.008192726135253906,0.010824126244881669,0.090087890625,0.011076801366802872,-0.31259698801169133,2.7452334283582305,2
971.3348946135832,227.32253492502966,276.6416061103111,72.1311475409836,404.2857142857143,1210.0,805.7142857142858,61.770662551837205,0.23403105992137058,-1.4521893003076098,1.1625110069293685,62,8.185333760579427,0.4334644203771206,7.454681396484375,8.86688232421875,1.412200927734375,-0.12349399330028857,-1.4474492426178445,3.547091187268909e-05,-0.07954544793991815,3.7023752104273058,-16.33148193359375,7.14569091796875,23.4771728515625,-1.7708905192491649,5.968738230453022,2.9110367295258658e-05,0.009325193132672991,0.016003047520567856,0.4124908447265625,0.01642013859051195,3.4680373408379523,91.30561500205403,0
1008.0387409200969,172.03321502131408,215.69903381307915,71.1864406779661,407.14285714285717,1210.0,802.8571428571429,59.52152190622598,0.17066131294149384,-1.9978830812930095,4.723034392428129,60,8.677492541358584,0.15850524224124865,8.205032348632812,8.93096923828125,0.7259368896484375,-1.2744335287752824,0.5325758028873548,1.0239066683559605e-05,0.13119470505487352,2.129513402689442,-3.92303466796875,5.93414306640625,9.857177734375,0.502987711852327,-0.545081499550423,1.1010070449896945e-05,0.011227176121303013,0.015736414812054563,0.2161102294921875,0.016174803220615236,0.7711121462404994,9.12286481268027,0
961.1290322580645,183.89003660518952,243.5215460538121,67.74193548387096,402.85714285714283,1180.0,777.1428571428571,62.426581641214966,0.19132710638566455,-1.9065660613514648,3.2983244350502003,63,8.668603179568336,0.14045091889041192,8.266448974609375,8.93096923828125,0.664520263671875,-0.712418728134875,-0.6745643521173661,-1.0816122670059679e-05,0.0483748299734933,2.9626761540981708,-9.98382568359375,6.90460205078125,16.888427734375,-0.18476907116979893,0.43068971063313466,3.6826745515377173e-06,0.014605335780552455,0.020322496731634717,0.2520904541015625,0.020666154498464512,0.7277353729409688,6.8967503461219675,0
911.1428571428572,248.35220849883345,332.7126449079335,75.38461538461539,401.4285714285714,1200.0,798.5714285714287,65.8513640639699,0.272572194965794,-1.00248254724028,-0.24424181389351185,66,8.334373819260371,0.24852968576291645,7.898712158203125,8.815383911132812,0.9166717529296875,0.018354087226977435,-1.340754418778603,-2.0415430998319066e-05,-0.05669795445033482,2.7672672257785913,-9.98382568359375,6.90460205078125,16.888427734375,-0.3080176905505539,1.058699395713952,7.570178440976109e-06,0.011269400460379464,0.015962668296278487,0.2520904541015625,0.016382126488848982,0.810656157098511,12.19073156741415,0
993.9761904761904,238.5413570535376,308.1051988514995,73.33333333333333,401.4285714285714,1265.7142857142858,864.2857142857144,60.36361894267852,0.23998699298748608,-1.399585194503348,0.9278156992922613,61,7.958947563171387,0.17885420920450787,7.619476318359375,8.375930786132812,0.7564544677734375,0.30895819603485286,-1.08575642988969,-1.4625669955291803e-05,0.01653133573986235,1.9406057424164325,-5.01861572265625,6.21490478515625,11.2335205078125,0.3366076131447564,-0.03296632926723886,-1.968742315742981e-06,0.007643662588936942,0.009234293327238205,0.079559326171875,0.009919981210710775,0.18964138452488483,2.6840830880242814,0
988.8571428571428,241.46967810095094,306.333693976078,75.0,405.71428571428567,1265.7142857142858,860.0000000000001,60.67610517191564,0.2441906597380319,-1.3602592217120357,0.9020406314757472,61,7.7061406544276645,0.11683575104731211,7.3925018310546875,8.014297485351562,0.621795654296875,0.173388261042481,-0.985127387486679,-9.530634124475211e-06,0.03406005132765997,3.131610209490075,-12.97607421875,8.08868408203125,21.06475830078125,-0.766257014575786,3.343354190167454,-1.036791675328675e-05,0.008143183026994977,0.012633716013654745,0.290313720703125,0.013121295276930223,1.5025536978248641,59.26254702192826,0
944.5351473922902,257.5642226273253,333.6104783782117,74.60317460317461,405.71428571428567,1217.142857142857,811.4285714285714,63.52331108657032,0.27268887064543734,-1.1095128245383563,0.0022672628789401905,64,7.498188354855492,0.12196697516369198,7.253265380859375,7.7442169189453125,0.4909515380859375,-0.09329575858514554,-1.3643528035631627,-9.954217222763331e-06,0.08082980201357887,2.9827742747822357,-12.97607421875,8.08868408203125,21.06475830078125,-0.9999215286785744,4.51266864126509,-3.132453235391451e-06,0.008788424900599888,0.01571939333180285,0.4302520751953125,0.01608936088831182,2.413175020171916,72.65815357250591,0
999.4761904761906,205.97981650456978,268.69703672370935,65.0,405.71428571428567,1207.142857142857,801.4285714285714,60.03144504264138,0.2060877672397906,-1.715171106339729,2.463896495777253,61,7.299399394080752,0.10439692685774153,6.873321533203125,7.5649261474609375,0.6916046142578125,0.15361631975375709,-1.1577783087524705,-8.538357656262857e-06,0.08338059924897694,1.7620224109443545,-4.59136962890625,4.79583740234375,9.38720703125,0.29466443608393106,-0.6488659133845958,-9.918662380902119e-06,0.008946184430803571,0.015713770793747212,0.4302520751953125,0.01606508255221145,2.4886961749915555,64.61372615701575,0
1043.6842105263158,130.48669460903196,161.80818197823632,59.64912280701754,405.71428571428567,1227.142857142857,821.4285714285714,57.488653555219365,0.12502507299907248,-2.001764504008956,7.777544877463971,58,7.156568263825916,0.06261490794533613,6.873321533203125,7.3581695556640625,0.4848480224609375,0.5370780848576336,-1.1088637295522021,-4.916742206421786e-06,0.011268870035807291,1.9182107852101997,-3.302001953125,7.09075927734375,10.39276123046875,0.7658647772682179,0.09193603109341097,-5.795367540580854e-06,0.01225953347342355,0.022630831012261012,0.4373016357421875,0.022872782129184286,1.5774328470935295,31.75963381706292,0
1009.6852300242131,110.47805549932444,102.69760478977419,66.10169491525424,790.0,1218.5714285714287,428.57142857142867,59.42446043165468,0.10941831395976258,-0.080047663245019,-0.9296495219759535,60,7.067727225167411,0.041862566372190116,6.873321533203125,7.2162628173828125,0.3429412841796875,-0.23953513061774265,-1.2027139126372033,-3.280389025551409e-06,-0.09798620314825149,2.9403021248820895,-13.02642822265625,9.234619140625,22.26104736328125,-0.7593523907569394,4.848610360012995,-2.771369025933688e-05,0.012918249947684151,0.02223097976802177,0.4373016357421875,0.022478254084745745,1.500675764054197,31.288855871077708,0
916.9890109890109,239.36875686495114,315.3504691091278,83.07692307692308,401.4285714285714,1218.5714285714287,817.1428571428573,65.43153656256742,0.261037759445756,-0.8803177150368884,-0.02166148692139025,66,7.0111692337762745,0.02936020759371287,6.8027496337890625,7.1292877197265625,0.3265380859375,0.4648372139617326,-0.15364036757780264,-2.1559980539986953e-06,0.0973372323172433,2.7922577215617554,-13.02642822265625,9.234619140625,22.26104736328125,-1.155684340596107,6.658559196832208,-4.082944563130156e-06,0.011209686279296876,0.015037539375077652,0.2388153076171875,0.015388027775144747,0.6149108945364014,7.360378322669808,0
855.8367346938776,294.8454892944232,406.5536035923272,90.0,401.4285714285714,1241.4285714285713,840.0,70.10682945440671,0.34451137388942044,-0.41263058567610267,-1.2373530984298693,71,6.964141427902948,0.03325197902314863,6.8027496337890625,7.0964813232421875,0.293731689453125,-0.2069395995547383,-1.0307007436757363,-2.595650964533034e-06,0.24258597237723215,1.4915363396443482,-3.63311767578125,5.33599853515625,8.9691162109375,0.4772159875864367,0.4514363467629017,-1.9477021393048547e-05,0.012248626708984375,0.01623148239063164,0.1713409423828125,0.01654924239822257,0.3163032057208269,3.3019497302044147,0
936.9866071428571,263.9267732863911,349.5190828055342,81.25,401.4285714285714,1272.857142857143,871.4285714285716,64.03506682230746,0.28167614272650077,-0.9770273494442211,-0.2804089066860165,65,6.893014889671689,0.05223959469704993,6.710052490234375,7.06329345703125,0.353240966796875,-0.17631233562386253,-1.2048192240216795,-4.2119510940191695e-06,0.031183951241629464,1.7904068287047439,-4.84771728515625,5.596923828125,10.44464111328125,0.2727169808296955,-0.07616057787629149,-1.2939361080366146e-06,0.01385723876953125,0.018118577168325864,0.1562347412109375,0.01840473982490946,0.19542704352077714,1.9275637774539147,0
994.8095238095237,224.51807294595483,255.23966125307112,80.0,405.71428571428567,1248.5714285714287,842.857142857143,60.313053468000575,0.22568950896869713,-1.4832697415119918,1.4018040784438783,61,6.815352857680548,0.04222936553981283,6.5395355224609375,6.9789886474609375,0.439453125,0.5107138461716969,-0.48011500923212935,-3.3036200222664956e-06,0.01705681937081473,2.029887451699461,-4.84771728515625,5.596923828125,10.44464111328125,0.2715510975139711,-0.6075647123968544,1.4987706776456807e-06,0.01702739933558873,0.02690890896856168,0.7925262451171875,0.027102687089272423,2.944004423892158,70.34549043163449,0
1015.8866995073892,238.43585977139975,282.8253697250559,79.3103448275862,400.0,1248.5714285714287,848.5714285714287,59.06170444902413,0.23470713799778956,-1.4905570225632163,1.2577639599005215,59,6.755960700625465,0.03225197864247021,6.5395355224609375,6.90460205078125,0.3650665283203125,-0.0666880143253734,-0.9144174323286021,-2.5270845834703265e-06,0.05324292864118304,1.844087633681477,-4.63104248046875,4.29534912109375,8.9263916015625,0.2326673355393193,-0.915957142331012,-4.446020849169974e-06,0.01813916996547154,0.027952329209962018,0.7925262451171875,0.02813378255548551,2.7405087255802445,60.37344079961233,0
1066.1479591836735,187.12823584471164,242.82291584632478,71.42857142857143,400.0,1241.4285714285713,841.4285714285713,56.2773670231857,0.17551807348390153,-2.257002613078814,5.15756531631572,57,6.709631038847424,0.027370990973112783,6.3648223876953125,6.8569183349609375,0.492095947265625,0.0874109322644931,-0.17122405261092366,-2.049062845089506e-06,0.07481442406063989,1.7343788567504648,-4.52117919921875,4.72564697265625,9.246826171875,0.254665216410282,-0.6698074708663246,-1.7526356901336555e-06,0.018691822596958705,0.0247554912139029,0.28216552734375,0.024956989140753633,0.6767284952533941,4.4458920427555295,0
1044.9874686716792,178.97210643158837,201.25028294350213,71.9298245614035,415.7142857142857,1240.0,824.2857142857142,57.41695646960068,0.17126722740425415,-2.035039741580275,4.406150800427222,58,6.677185394650414,0.021447222762582253,6.3648223876953125,6.80694580078125,0.4421234130859375,0.0074118280427795695,1.1273594886698772,-1.4353346491100684e-06,0.03622382027762277,1.8411376025766222,-4.52117919921875,4.72564697265625,9.246826171875,0.3725652381186158,-0.6770624484973289,-7.015647549245756e-06,0.02183512660435268,0.029335146983316636,0.3545379638671875,0.02950657764429619,0.635087610833304,4.778761629311204,0
996.3333333333334,212.72437001051827,277.54302005886717,73.33333333333333,410.0,1282.857142857143,872.8571428571429,60.22080963532954,0.21350722985331375,-1.2997993583930687,1.192091354623578,61,6.653389776320685,0.020721776547982854,6.4136505126953125,6.77947998046875,0.3658294677734375,0.10203037914876825,0.0419632845081761,-9.635095281718719e-07,0.27712554931640626,2.584943615222189,-7.89947509765625,12.06817626953125,19.9676513671875,0.9252441535232737,3.8462924729691137,3.3684674256949025e-05,0.026204852512904577,0.03591976313351485,0.4285125732421875,0.03605531537688141,0.4838419733082059,6.597923300633598,0
955.3917050691244,188.5055078456316,222.11188666388486,58.06451612903226,410.0,1282.857142857143,872.8571428571429,62.80146633224001,0.19730703840682065,-0.9983192850965679,0.9168769652349984,63,6.6245548611595515,0.02938976394667983,6.3137054443359375,6.7775726318359375,0.4638671875,-0.5054987618555503,0.017411352932739543,-1.6367519996534152e-06,0.15154735020228793,3.1439289460158566,-13.262939453125,12.06817626953125,25.33111572265625,-0.44661774714334856,4.486438614523182,5.095326125695164e-06,0.020939259120396205,0.03192576830004712,0.4285125732421875,0.03206954624228227,0.5018325520694168,11.152671094439333,0
934.7991071428571,207.89048689158227,250.41319918722036,62.5,401.4285714285714,1231.4285714285716,830.0000000000002,64.1849136798873,0.22239054926676582,-1.1538401480889122,0.8551976120732578,65,6.578435625348773,0.03681186344854614,6.3137054443359375,6.7417144775390625,0.428009033203125,0.5849859893514769,-0.6427180122552616,-2.8517894791928813e-06,-0.1644150870186942,2.7292109186635556,-13.262939453125,6.44073486328125,19.70367431640625,-1.162753400235608,4.5857714444421065,3.517773836867773e-05,0.012453638349260603,0.01834666711536568,0.334259033203125,0.01860607703906728,0.4385702176415022,17.629286071920976,0
1023.8423645320197,192.68286358190934,237.7853120707658,74.13793103448276,401.4285714285714,1258.5714285714287,857.1428571428573,58.60277136258661,0.18819582999965165,-1.7292519720219715,3.1113683383299584,59,6.537336431230817,0.017290299018426797,6.3201904296875,6.6463470458984375,0.3261566162109375,0.5971889586850885,0.875751419605383,-1.1892363534009331e-06,0.021518089657738094,2.066618320119465,-4.09088134765625,5.25970458984375,9.3505859375,0.3806734584530386,-0.9381544858319786,1.3528326271195723e-05,0.012256535121372768,0.01556259486101966,0.0849151611328125,0.01588828907155538,-0.04256067892714906,0.9440978919105039,0
1062.6530612244899,130.33133056475913,159.39018762441498,69.64285714285714,447.1428571428571,1240.0,792.8571428571429,56.46245438832341,0.12264711345637021,-1.9302633409495844,6.752123350350612,57,6.533908444359189,0.017043994216997788,6.2122344970703125,6.653594970703125,0.4413604736328125,0.4211022393112916,3.7586181439091035,8.150961054762716e-07,0.028216734386625746,3.245577394482558,-16.66107177734375,10.07232666015625,26.7333984375,-1.641973256369049,7.815754203363168,3.1500416752835457e-07,0.015272361755371094,0.022056297323583562,0.5087127685546875,0.022289585657079006,1.5666423369434623,39.553207671347415,0
1046.3775510204082,188.20619474645696,212.42045329862148,69.64285714285714,401.4285714285714,1245.7142857142858,844.2857142857144,57.34067970159442,0.17986451884687485,-1.9086434886130739,3.9757371667081776,57,6.556160272870745,0.020219560804278117,6.2122344970703125,6.6936492919921875,0.481414794921875,-0.6606861760073599,2.4571462951213405,1.2324732404369953e-06,0.0979277837844122,3.359351574599719,-16.66107177734375,10.07232666015625,26.7333984375,-1.5031001479752062,6.767008909515974,1.5955055091147876e-05,0.019596981593540737,0.027786261206273928,0.5087127685546875,0.027970762404521496,1.1493276261865624,19.451122404299902,0
965.0460829493088,266.1911282713438,332.53741265154054,80.64516129032258,400.0,1245.7142857142858,845.7142857142858,62.17319676240957,0.27583255657370104,-1.0490787659460665,-0.03599866634687432,63,6.55991880326044,0.014478259604010286,6.3320159912109375,6.6936492919921875,0.36163330078125,0.23046594935381903,3.605476756644297,-7.723939159494118e-07,0.04499569847470238,1.9319091727040014,-5.71441650390625,6.20880126953125,11.9232177734375,0.2531239178092361,0.62118322136465,-4.840839314092499e-06,0.014277775355747768,0.022077952928475537,0.3646087646484375,0.022308077739902562,0.9140192586700758,15.151508491755873,0
948.2993197278911,266.5624015240011,348.7182870354938,82.53968253968253,400.0,1251.4285714285713,851.4285714285713,63.27116212338594,0.2810952153804029,-0.9472229135288167,-0.2820425217049949,64,6.54269210270473,0.013751839617296466,6.337738037109375,6.6646575927734375,0.3269195556640625,0.11617161517820386,2.974830997049052,-7.540261807340384e-07,-0.006589435395740327,2.428807542886684,-10.35003662109375,6.817626953125,17.16766357421875,-0.6909403948679592,3.4078306407756482,1.3438923376452405e-05,0.008512916564941407,0.01751722243033086,0.5467987060546875,0.01780464258795,4.3335954611538545,116.08719882799315,0
949.6145124716554,266.0580039041817,339.705222096576,79.36507936507937,400.0,1221.4285714285716,821.4285714285716,63.18353312001528,0.28017474502541695,-1.006931234174142,-0.21407349308663193,64,6.541511235918318,0.013526351563607791,6.3800811767578125,6.6532135009765625,0.27313232421875,0.2033699502253234,1.9938270025755145,1.9694781717755213e-07,0.10085478283110119,2.4000362100030985,-10.35003662109375,6.817626953125,17.16766357421875,-0.7986687888076274,3.7296202846117597,1.1006915779285922e-06,0.009162296840122769,0.019810141469407877,0.5467987060546875,0.02006406850060645,4.638750627841786,98.16964750095995,0
938.0272108843536,271.7102522848992,348.73758976836103,84.12698412698413,400.0,1221.4285714285716,821.4285714285716,63.964029298716376,0.2896613756318818,-0.9983074664696765,-0.3494695835993573,64,6.545570482526506,0.010883563967305988,6.2408447265625,6.6898345947265625,0.4489898681640625,0.1347623201050197,23.145516163272767,-2.782530031459828e-07,0.07471095493861607,1.7389426483341035,-4.412841796875,4.986572265625,9.3994140625,0.09563124332357202,-0.5334747452871467,8.50881071829472e-06,0.007532312665666853,0.013824337147675237,0.41180419921875,0.01418123679447147,5.6055854109004,140.88857434139206,0
957.7880184331797,240.9314650760329,334.9262763237571,80.64516129032258,407.14285714285717,1277.142857142857,870.0,62.644341801385686,0.25154988414886037,-1.1904705073037867,0.5633637951870942,63,6.546021861121768,0.012511121012607058,6.2408447265625,6.6898345947265625,0.4489898681640625,0.665162515678816,13.381378163317915,4.089953293880825e-07,0.13736950102306547,2.381734631065531,-7.26165771484375,8.48846435546875,15.7501220703125,0.33682343437944917,1.2607384411283755,1.865776058101782e-05,0.01069661603655134,0.023197538083899977,0.5363616943359375,0.023408895848819566,3.7534755051537823,75.05643372868595,0
1032.8070175438597,237.1754612536,292.8593827689353,75.43859649122807,402.85714285714283,1278.5714285714284,875.7142857142856,58.09410565653133,0.22964160508671985,-1.4244752153449358,1.379186594074163,58,6.54956229981922,0.011685721395693313,6.4483642578125,6.6608428955078125,0.2124786376953125,0.8906712945209262,4.190466747106186,2.237284579435852e-07,0.020471627371651785,2.600643649551326,-10.04486083984375,8.48846435546875,18.5333251953125,-0.542922971689581,3.021979962776702,6.814998162972287e-06,0.012791412353515625,0.02443459502732725,0.5363616943359375,0.024635451238611522,3.2637327573267196,60.60105017713233,0
1136.0439560439559,133.12734410185996,167.3122749798818,63.46153846153846,402.85714285714283,1278.5714285714284,875.7142857142856,52.81485780615207,0.11718502914750685,-3.36695755458094,15.347066292852489,53,6.559042839776902,0.012860985698879909,6.3739776611328125,6.6974639892578125,0.323486328125,0.5472061612187582,3.583653606660948,7.087513843018218e-07,-0.033380926223028275,2.012590730677996,-10.04486083984375,4.20074462890625,14.24560546875,-1.6296601952754493,6.32023258133964,2.03008355745428e-05,0.010534693036760603,0.013186487223950933,0.0864715576171875,0.01355972801359441,0.5367380877697506,1.5979809055808216,0
1079.6363636363637,132.24961449083142,158.02434344648654,61.81818181818181,400.0,1227.142857142857,827.1428571428571,55.57426743011114,0.12249459072070945,-2.708079139825084,10.5894650576374,56,6.57068422408331,0.009956852968620927,6.3739776611328125,6.6974639892578125,0.323486328125,0.4618802447414844,10.228850802683704,2.967366422913239e-07,0.059337071010044644,1.5312061054275659,-2.89459228515625,3.30810546875,6.20269775390625,0.40320088766345835,-1.1357612629172067,2.4486525514555384e-06,0.010202159336635045,0.012725385299918878,0.088531494140625,0.013118634655574123,0.4691320866902251,1.3851398467676015,0
1048.469387755102,196.2076414599178,248.76914065701203,71.42857142857143,400.0,1275.7142857142858,875.7142857142858,57.22627737226278,0.18713721521237903,-1.8371300179106413,3.6603029439140222,57,6.573377582005092,0.010815456576475915,6.497955322265625,6.6707611083984375,0.1728057861328125,0.7950972186187472,3.7201935165860576,1.117880352287817e-07,-0.02410728817894345,2.199763974264188,-8.20159912109375,6.85882568359375,15.0604248046875,-0.3594120737459687,2.09184296327234,-3.947004273640683e-06,0.009491400582449776,0.01179062881385646,0.088531494140625,0.012227214982335,0.40894074193672786,1.5182534707575108,0
1105.4497354497353,185.71511478733825,224.67175389117003,66.66666666666666,400.0,1275.7142857142858,875.7142857142858,54.27655195520032,0.1679996012770159,-2.3936030947290448,5.798274128840779,55,6.580703680855887,0.013560648782071067,6.4937591552734375,6.6883087158203125,0.194549560546875,0.0831745386050754,0.9746237549486536,7.618858139066486e-07,0.07136499314081102,2.1536167190131876,-8.20159912109375,6.85882568359375,15.0604248046875,-0.49982292390499033,2.5752916761559144,6.021207761331692e-06,0.008553712027413505,0.010451709238682867,0.0679779052734375,0.010951119906788301,0.2508334768364559,1.2614429562102707,0
1142.5000000000002,73.08458090091996,97.19309954641732,59.61538461538461,922.8571428571428,1248.5714285714287,325.7142857142859,52.51641137855579,0.06396899860036756,-0.8459644545793844,0.22981262428075233,53,6.594570377894811,0.014470664499568842,6.4937591552734375,6.7020416259765625,0.208282470703125,0.6067710183181543,1.1451594044564164,7.919156772570058e-07,0.08420787992931547,1.4607077078497075,-2.8076171875,3.27606201171875,6.08367919921875,0.35718626275660653,-0.9928306920249224,-1.1338456122298631e-05,0.008336499895368303,0.010083988204938207,0.0578155517578125,0.010599443010771715,0.17008587765603572,0.8948094256832291,0
1068.6734693877552,165.25575574342548,214.7232762027168,57.14285714285714,407.14285714285717,1255.7142857142858,848.5714285714287,56.144371240332276,0.1546363416676759,-2.374506971035309,6.605558660403755,57,6.613778613862538,0.01975198510376227,6.27288818359375,6.7264556884765625,0.4535675048828125,-0.08580005845495543,2.22186136977625,1.2920288576436492e-06,0.044716680617559526,2.7443530436671453,-13.71612548828125,7.80792236328125,21.5240478515625,-1.5312777213705167,7.206410067650927,7.432035799968079e-06,0.012262698582240513,0.018852839006549237,0.399993896484375,0.01913728357562459,1.277619872531188,33.68061669469929,0
1077.1168831168832,164.06399287926425,205.436320139972,56.36363636363636,404.2857142857143,1255.7142857142858,851.4285714285716,55.70426101425161,0.15231772470644755,-2.5750856456712783,7.550750572515078,56,6.624194381350563,0.013064064516900934,6.27288818359375,6.7264556884765625,0.4535675048828125,0.26251420368257156,14.500253342556277,-2.1767692661618938e-07,0.06519677298409599,2.691095488973422,-13.71612548828125,7.80792236328125,21.5240478515625,-1.6471968227897802,8.052153977958548,-5.03128171253864e-06,0.01827395738874163,0.02542598779068088,0.399993896484375,0.025643361183222194,0.5760648044715679,10.156239723474085,0
1098.121693121693,130.11066400737866,167.81845628628548,70.37037037037037,404.2857142857143,1240.0,835.7142857142858,54.63875304150908,0.11848474064609878,-2.9023998821572867,12.595078488496988,55,6.622044009254092,0.013428194720603246,6.4128875732421875,6.7584991455078125,0.345611572265625,1.8962923423650264,10.05486442160056,2.1092501554709908e-08,-0.10150647844587053,1.9300290575047414,-10.79254150390625,4.01458740234375,14.80712890625,-0.9372522928528457,4.672574980956846,-1.653216002363171e-05,0.021664972577776227,0.030466629995130706,0.5110931396484375,0.030651811711849317,0.44206530502766495,16.30018898735895,0
524.4247787610619,66.84752667339583,16.144392197196815,1.7699115044247788,448.57142857142856,727.1428571428571,278.57142857142856,114.41106986162673,0.1274682840717808,0.9384722457856928,0.11359200122632362,114,6.973359807332357,0.0901465038183381,6.7279815673828125,7.27081298828125,0.5428314208984375,1.4240611908278418,1.2216786390941285,6.409308307723832e-06,-0.1369070507231213,5.5867275240233045,-10.17303466796875,16.88995361328125,27.06298828125,0.863252932721467,-0.023653332931387272,-1.745518814461048e-05,0.014495899745396206,0.019231296536589507,0.284637451171875,0.019412774997151837,-0.12188051409348022,4.185872407583968,1
591.994342291372,53.511594764254724,25.270374685285017,2.9702970297029703,452.85714285714283,727.1428571428571,274.2857142857143,101.3523199694175,0.09039207124367583,0.09612420199354163,-0.3541993423416714,102,7.372246569678897,0.46597425805238185,6.880950927734375,9.004592895507812,2.1236419677734375,1.4645240308045908,1.795327188663589,3.402774076299372e-05,0.04054950532459077,4.58608096450608,-7.17315673828125,13.00811767578125,20.1812744140625,0.8611194084958116,-0.17488890055596817,-2.1150072006831876e-05,0.019138712201799666,0.027235614369762663,0.3114166259765625,0.027378873348301355,0.11232103928382099,7.709090228278956,1
642.0122887864824,66.83878480187622,38.245981514935856,13.978494623655912,542.8571428571428,897.1428571428571,354.28571428571433,93.45615504246919,0.10410826392157295,1.086950314199436,1.4796964421395753,94,9.350185557774134,1.767124796357313,7.161712646484375,12.09869384765625,4.936981201171875,0.16384840451836083,-1.651453854728569,0.0001344247251486744,0.30248275030226934,4.260371929695159,-7.26470947265625,12.46185302734375,19.7265625,0.7390829451693269,-0.294116315902365,-8.24126325629009e-06,0.02006497519356864,0.028294858756631288,0.3114166259765625,0.028469628908778515,0.0269438141507154,6.424678678140824,1
700.7731092436976,126.92173254274907,142.75838423091506,43.529411764705884,404.2857142857143,1004.2857142857142,600.0,85.61972371450497,0.18111672789460784,-0.12749379882732592,0.4206500925348067,86,10.396484147934686,1.1294387039718132,8.09173583984375,12.09869384765625,4.0069580078125,-0.5347987048523568,-0.8603462054088347,-5.5958362341956476e-05,0.1514800298781622,4.127755041055488,-8.35418701171875,10.60638427734375,18.9605712890625,0.28345997982785437,-0.6185442263850152,-1.1832888737878205e-05,0.017757569449288503,0.025183358181868058,0.3900604248046875,0.02540122504705409,-0.7327686400392389,11.10858299157915,1
672.3756019261638,127.88131963285288,129.03119454271743,29.213483146067414,404.2857142857143,1004.2857142857142,600.0,89.23583757072262,0.190193277784782,0.3067452304373849,0.24985745970874973,90,8.980016962687175,1.1306661993780533,7.9280853271484375,11.58599853515625,3.6579132080078125,0.9703603965548981,-0.6663524574285713,-8.026066252096369e-05,0.026592290969122023,4.3284169848509215,-9.28802490234375,12.86163330078125,22.149658203125,0.5679954678538833,-0.1629774592385127,2.005746623991858e-05,0.024013160705566406,0.03629480974668099,0.3992156982421875,0.036439325793488776,-0.4476249738355536,9.012753625555325,1
640.9216589861752,107.15087428505771,101.21511087299578,25.806451612903224,401.4285714285714,1071.4285714285713,670.0,93.61518550474545,0.1671824828865223,0.9239158175533548,2.366946273729881,94,8.064591880071731,0.20512635450121172,7.5870513916015625,8.806991577148438,1.219940185546875,0.6849051961311956,1.2277457014162856,-7.868765165472253e-06,0.09732117425827753,5.1095046209404495,-9.35211181640625,15.86761474609375,25.2197265625,0.9989836184258916,0.5588264173525448,1.0363509876106999e-05,0.029520459856305803,0.04432745696244884,0.5773773193359375,0.04444314900485064,0.2161943769103512,10.720279780540912,1
657.4920634920635,143.47980352176572,166.46623276163533,38.88888888888889,401.4285714285714,1071.4285714285713,670.0,91.25585437690117,0.2182228676034774,0.2995321566477952,-0.01845511376925213,91,8.108424813406808,0.23010741086413064,7.5870513916015625,8.806991577148438,1.219940185546875,0.2716964710661711,-0.2258077420802831,8.961778333744364e-06,0.08171059744698661,5.046291083786728,-9.35211181640625,15.86761474609375,25.2197265625,0.9238764833627635,0.5539515926748657,2.5378094179473207e-05,0.03320294407435826,0.05515674133492059,1.04718017578125,0.055253796702676404,1.478550957573249,29.298629262888603,1
644.347158218126,149.83143391903639,167.013540248813,30.107526881720432,408.5714285714286,1007.1428571428571,598.5714285714284,93.11750542351062,0.23253215600947072,-0.12490976809490174,-0.7434225582005825,94,8.241958836146763,0.3260486045842539,7.6503753662109375,9.41925048828125,1.7688751220703125,1.0780089441818435,2.1938036152614586,-7.792786947700348e-06,0.14778743925548735,5.407448811756959,-14.019775390625,15.185546875,29.205322265625,0.44887407032595905,0.20320150464359665,2.997486974699639e-05,0.029432535443987166,0.04976084008927382,1.04718017578125,0.049871173128035844,1.7084306052430063,40.18705889256352,1
679.3760262725781,206.75771920834467,188.58206201772015,42.5287356321839,405.71428571428567,1102.8571428571427,697.142857142857,88.31633392952094,0.30433472953517154,0.25021804486689836,-0.9774954643394511,88,8.025696545555478,0.521362900407709,0.0,9.41925048828125,9.41925048828125,-6.51296440782028,109.60545987222316,-2.0838650673104663e-05,-0.11397519792829242,5.676204988756551,-50.0,15.185546875,65.185546875,-0.9181903438395015,11.512264966342439,1.0139127523042682e-05,0.023586026872907367,0.07317672152399221,1.5,0.07344133099246765,-16.77689351039063,340.60594269344375,1
760.7509157509157,212.2736704463874,203.3087684793201,51.28205128205128,401.4285714285714,1197.142857142857,795.7142857142858,78.86944170257843,0.27903176460439494,-0.20845772919341413,-0.9428998067712318,79,8.219355274382092,0.571190571679085,0.0,9.1033935546875,9.1033935546875,-5.6884918774469995,82.32455140696206,3.446939650627728e-05,-0.1484807332356771,5.4420241147155695,-50.0,13.7420654296875,63.7420654296875,-1.7623154258305629,14.533944850391652,3.632975776070108e-05,0.019158840724400113,0.07100509326864024,1.5,0.0712831943635182,-18.35241729854751,384.44297120929843,1
716.3683304647159,140.6378915275256,143.7339815127696,34.93975903614458,401.4285714285714,1197.142857142857,795.7142857142858,83.75579635280269,0.19632064337111646,0.5247840837742209,1.3250122524368262,84,9.00038754599435,0.4357465086329791,7.9376220703125,9.625625610351562,1.6880035400390625,-0.3648556801215899,-1.0960479959285785,3.48733288245312e-05,0.021463848295665923,4.866435826861295,-16.63055419921875,13.37738037109375,30.0079345703125,-0.4525025610144261,2.041469440126825,-9.310954071716839e-07,0.014526882716587612,0.018856718025746642,0.1855316162109375,0.019157343797754404,-0.05821961532505019,1.9106367578709698,1
644.4409937888199,77.88020529182758,80.05548647658924,15.217391304347828,405.71428571428567,812.8571428571429,407.1428571428572,93.10394679774468,0.12084924150146248,-0.3632580380472376,1.2965172023102998,93,9.46959929693313,0.14631849539753133,8.95538330078125,9.71527099609375,0.7598876953125,-1.316500939847978,1.088268363509238,9.260275627903137e-06,-0.06210312616257441,3.432022465890866,-6.27593994140625,8.32366943359375,14.599609375,0.527516458453103,-0.7574254919936947,-4.873543757960754e-06,0.01699711717878069,0.021846529033985086,0.1855316162109375,0.022102925803643612,-0.009831160263834321,1.1730395430761344,1
620.7969924812029,63.55549036986136,58.51005012928235,6.315789473684211,405.71428571428567,785.7142857142857,380.0,96.6499527650607,0.10237725237012284,0.16424863207741677,2.0207243914962563,96,9.433939906529018,0.16349868014404964,9.011077880859375,9.71527099609375,0.704193115234375,-0.8046203639428918,-0.3810214261600917,-1.2008473608301202e-05,0.09891709827241443,4.224630156127565,-9.65728759765625,16.90216064453125,26.5594482421875,0.632981280462406,1.5238169494759362,4.222108445678101e-06,0.018237920488630023,0.023351822623135877,0.12762451171875,0.02359070129985841,-0.08318966764216752,0.7295897176886346,1
622.5595238095239,44.96546136113251,23.414263006498548,2.083333333333333,544.2857142857142,745.7142857142857,201.42857142857144,96.3763266086624,0.0722267665041616,0.677283434855254,0.21738658235542463,97,9.036393020266578,0.30260612677361187,8.243560791015625,9.544754028320312,1.3011932373046875,0.01765740600611611,-1.418122264134457,-2.474684989748446e-05,0.12870196387881325,4.224592226011368,-9.65728759765625,16.90216064453125,26.5594482421875,0.7580948770202153,1.6598508196017692,-1.040309626393917e-05,0.019747996738978795,0.02524489155319284,0.15618896484375,0.02546697971199934,-0.11391102913660349,0.6496723447523243,1
657.4725274725274,66.56842923929607,34.18205228497403,12.087912087912088,565.7142857142858,852.8571428571429,287.1428571428571,91.258565936821,0.10124898981741505,1.21869467091369,0.8497029425876974,92,8.637248847598121,0.1642622533596293,8.243560791015625,9.058761596679688,0.8152008056640625,0.6293837988420092,-0.6085763725790021,-1.2514968756332997e-05,0.12907838367280505,4.011950828409299,-8.8043212890625,15.17791748046875,23.98223876953125,0.8235325809510686,0.953038213009417,2.01130765484598e-05,0.02116367885044643,0.027551848855199092,0.2516326904296875,0.02775400864144672,-0.20636814437355883,1.8931731547532147,1
715.9724612736661,114.05940255607555,105.75524208977728,31.32530120481928,404.2857142857143,1031.4285714285713,627.1428571428571,83.80210587047453,0.15930696880878864,0.14191046542060712,0.8840132736465502,84,8.368547730218797,0.15951657480973802,7.8266143798828125,8.724594116210938,0.897979736328125,-0.14408315671807187,-1.1228115695359655,-1.2509164976618888e-05,0.12115431286039807,4.010444275843468,-8.8043212890625,15.17791748046875,23.98223876953125,0.8524079501620445,0.9939189049687625,8.163974530443068e-06,0.02197711181640625,0.028726155068768428,0.2516326904296875,0.02891488120204075,-0.21741690004983988,1.7590848592226962,1
756.0397830018084,106.56224826219317,105.69955842371377,32.91139240506329,404.2857142857143,1031.4285714285713,627.1428571428571,79.36090315482312,0.14094793773826883,-0.5197670453405879,2.508634342754805,80,8.085865647452218,0.16301254132386386,7.7144622802734375,8.404159545898438,0.689697265625,0.056225863351265566,-1.2928481256283526,-1.3391147893131345e-05,0.05945685250418527,3.3063504732470754,-6.09893798828125,9.88006591796875,15.97900390625,0.8266984168205799,0.06222908870329613,3.0079767206905855e-05,0.022270926339285714,0.028645663615184072,0.1543121337890625,0.0288253749960867,-0.18724253207545627,0.7164809181859013,1
768.4044526901671,74.56063514392261,51.83760687544879,28.57142857142857,638.5714285714286,928.5714285714286,290.0,78.08387860057464,0.09703305971599653,0.36397173276013645,-0.850719056213471,78,7.846589805966332,0.11622366886268266,7.3638916015625,8.122634887695312,0.7587432861328125,0.3489939558451177,-0.9251872471635285,-9.42282443628589e-06,-0.08965268816266742,3.627423974083516,-8.51593017578125,11.29608154296875,19.81201171875,0.7214538705312294,0.06964696776580048,-1.6089596295619311e-06,0.023827963692801338,0.03101755610492937,0.1934051513671875,0.031176295354374637,-0.2167413243699348,1.0766233989019094,1
776.5862708719851,99.88945807658915,67.60658132817339,31.16883116883117,555.7142857142857,1078.5714285714284,522.8571428571428,77.2612164938602,0.1286263507651621,0.7757000209668907,0.7302655654266021,78,7.657050523303804,0.10315356809691897,7.3638916015625,7.861328125,0.4974365234375,-0.0013783885118619635,-1.3972329901106524,-8.378111754947393e-06,-0.2515126182919457,4.22084454141824,-10.44464111328125,12.85552978515625,23.3001708984375,0.6347262564595341,0.4792804978612204,-1.3997180664538553e-05,0.026518438066755023,0.03518871816738843,0.3181915283203125,0.03532504144292046,-0.3501683491468204,1.9939445897024637,1
799.6911196911196,124.31506116717681,105.67619771891702,37.83783783783784,424.2857142857143,1078.5714285714284,654.2857142857142,75.02896871378911,0.1554538472494148,0.365196213316282,0.26932015633741635,75,7.501668167114258,0.07480982403510254,7.334136962890625,7.72552490234375,0.391387939453125,0.2418768982198557,-0.945842668014818,-6.03085546097031e-06,0.09713679722377232,4.194852379615934,-10.44464111328125,12.85552978515625,23.3001708984375,0.5924470820425792,0.5956666608216685,-1.6480192385205275e-05,0.026653065272739956,0.035400854142399324,0.3181915283203125,0.035529831676383614,-0.39421771095115365,1.950503407402218,1
993.4761904761904,171.25256175980857,190.53339536475417,61.66666666666667,400.0,1214.2857142857142,814.2857142857142,60.393998945501615,0.1723771172389388,-1.177861805744409,2.1039576398069872,61,8.11869469597226,0.1714737925407113,7.483673095703125,8.301162719726562,0.8174896240234375,-2.102795127913192,3.9546715454149766,1.0861884083339477e-05,0.1153378441220238,2.154343500069393,-8.03985595703125,6.27593994140625,14.3157958984375,0.023209394003518655,1.1799945004750798,-3.2792970491197144e-06,0.0076966977800641745,0.010570054831203088,0.1993560791015625,0.011247659031924245,0.7880158698858087,34.05525772934875,2
959.4930875576036,219.07536508586384,287.1769935550201,70.96774193548387,400.0,1240.0,840.0,62.53301954757217,0.22832406812176387,-1.4874432625660443,1.5733209017044993,63,8.235086386544364,0.025967340929566842,8.013534545898438,8.394241333007812,0.380706787109375,0.9583433025635192,0.9355673955928951,1.0896997910859469e-06,0.04610257829938616,2.392213342037421,-7.21435546875,6.964111328125,14.178466796875,0.23688939022407132,0.3726905766948394,-1.411254552066281e-06,0.00926512690952846,0.013326329079439484,0.2659149169921875,0.013885481698761663,-0.20260632844065346,28.19231440603406,2
898.5497835497836,263.4926080743975,368.9887747013085,83.33333333333334,405.71428571428567,1262.857142857143,857.1428571428572,66.77426348372799,0.2932420806262415,-0.7930755505575027,-0.5272346255308005,67,8.208211517333984,0.051566071734892964,7.8155517578125,8.394241333007812,0.5786895751953125,-0.05115654620671006,-0.996837978305499,-3.5552613128678864e-06,-0.04035055977957589,2.5245028538077032,-8.15582275390625,6.964111328125,15.11993408203125,-0.1490049840490784,0.27298050984666533,-6.464386594017346e-06,0.010061456952776228,0.014025252243737138,0.2659149169921875,0.014547768535937157,-0.3785511973113208,20.97054301030918,2
930.5133928571429,262.5865220852652,330.95967299752954,82.8125,411.42857142857144,1262.857142857143,851.4285714285714,64.48053349965217,0.2821953172312683,-0.8619689537768038,-0.5537781627993508,65,8.162728872753325,0.03015761403885354,7.8155517578125,8.281326293945312,0.4657745361328125,0.27851082866019927,-0.28994725039799496,-1.3361827742062523e-06,0.05233263288225446,2.1723259144138334,-8.15582275390625,7.39898681640625,15.5548095703125,0.2313512187206207,1.1759240244905431,-2.8764795856575723e-06,0.008548161097935268,0.010933049041557853,0.14776611328125,0.011600670122220514,-0.3245635798350365,6.005861390941645,2
877.3739495798319,260.6644490521232,315.83351181998887,82.35294117647058,408.5714285714286,1210.0,801.4285714285713,68.38589181811652,0.29709618022845735,-0.6280660537319346,-0.9669464306853293,69,8.109611256917317,0.05839110712615021,7.944488525390625,8.276748657226562,0.3322601318359375,-0.13506641857360338,-1.1736550325924962,-4.688336289335107e-06,0.13878675188337053,2.265847052290967,-4.644775390625,7.39898681640625,12.04376220703125,0.5736136390573211,-0.26976099820126764,-9.181792724298169e-06,0.0075771724155970985,0.009325544516405422,0.14776611328125,0.010098993398506834,-0.28575121592568364,5.539397315123528,2
802.6833976833976,262.5764357187134,373.4974744667552,89.1891891891892,400.0,1152.857142857143,752.8571428571429,74.74927246927535,0.32712329229248793,-0.39313756083442813,-1.330762190079007,75,8.008162716456821,0.06017939198483293,7.7880859375,8.223342895507812,0.4352569580078125,0.21205111729232043,-1.1540250620190067,-4.857483045287007e-06,0.13453409104120165,2.1796539721433525,-5.97076416015625,5.54046630859375,11.51123046875,-0.04815499409115434,-0.3332710602445754,7.940942828098939e-06,0.0075339377267020086,0.009197706058219903,0.0713653564453125,0.009969470792743351,-0.34569167554853136,2.703456291515333,2
833.2193158953722,269.5141336846966,367.2850117870071,84.50704225352112,400.0,1260.0,860.0,72.00985245466181,0.32346121668468336,-0.4240964163065497,-1.0904964048989874,72,7.933676065717425,0.03250573572154139,7.7880859375,8.084487915039062,0.2964019775390625,0.4443560711415287,-0.3261714281578523,-2.3336337513644026e-06,0.05256558372860863,3.6948404258664183,-15.37322998046875,10.50872802734375,25.8819580078125,-1.2291358143641404,4.857675220892308,2.091950670642918e-06,0.008311666216169085,0.010889085967794216,0.209930419921875,0.011548710684961296,-0.28365137656798217,18.28523109933439,2
966.6744730679158,251.2974324430263,291.0477787646034,67.21311475409836,410.0,1260.0,850.0,62.06846427792717,0.25996076181207994,-1.08473719536503,0.11224862615638465,62,7.883819371178037,0.03350995723902115,7.7838897705078125,8.002090454101562,0.21820068359375,0.17341246929398133,-0.804399345096011,-2.5195120844277393e-06,0.04050928751627604,3.601187862519306,-15.37322998046875,10.50872802734375,25.8819580078125,-1.261905849278876,5.555839514579265,1.6534622954439062e-05,0.008157843453543527,0.010970386908824686,0.22503662109375,0.011622265412351382,-0.5023490088361042,25.990945440032807,2
975.8313817330211,220.53681504538528,250.92604000187072,65.57377049180327,407.14285714285717,1228.5714285714287,821.4285714285716,61.486032446961694,0.22599889609383583,-1.3248762605919477,1.0933343213522244,62,7.844464547293526,0.022919515238354272,7.7342987060546875,7.9563140869140625,0.222015380859375,0.061731797541110925,-0.2679281038002719,-1.0812193328932343e-06,-0.001884823753720238,2.4832890482181984,-9.24530029296875,7.9498291015625,17.19512939453125,0.04705345156011457,1.0989582019254813,-7.50039005636768e-06,0.007806282043457031,0.01025589041334197,0.22503662109375,0.010937317317080508,-0.19152419863999035,22.5225456703253,2
941.4512471655331,242.25649238480898,290.2270909454021,66.66666666666666,407.14285714285717,1221.4285714285716,814.2857142857144,63.73139361240906,0.25732239785563066,-1.011393509614183,0.023207655453127973,64,7.810723904200962,0.028745067976119955,7.706451416015625,7.9395294189453125,0.2330780029296875,0.2849960989613097,-0.6109072776735438,-1.7127170762443123e-06,0.0024066743396577383,2.601800127597012,-9.24530029296875,7.9498291015625,17.19512939453125,0.07295076407952422,0.8751246784462632,7.443462825357093e-06,0.008074568612234934,0.010396162848189646,0.1607208251953125,0.011056456161250176,0.22371693059187947,11.910688176844095,2
892.7505330490405,275.6489657627871,362.31804552089375,77.61194029850746,401.4285714285714,1215.7142857142858,814.2857142857144,67.20802483878671,0.30876370896285443,-0.7055882934838933,-0.8950943221982155,68,7.766403152829125,0.02978455557938043,7.523345947265625,7.8815460205078125,0.3582000732421875,-0.13379028791119682,-0.7552463614405669,-2.2546741690221795e-06,0.1421323503766741,2.649291538900178,-9.35516357421875,9.27581787109375,18.6309814453125,0.13827658834414003,2.4644728861860985,-1.101849932811738e-06,0.008192436218261719,0.0119720279688325,0.3380584716796875,0.012547220756801756,-1.6884788010806613,75.57539463317015,2
840.744466800805,131.8019931611836,147.6210774492878,46.478873239436616,402.85714285714283,1025.7142857142858,622.8571428571429,71.36532248414501,0.15676819576668238,-1.7535435004567639,3.4343985041224334,72,1.2632250558762324,0.017239718381253065,1.166534423828125,1.3919830322265625,0.2254486083984375,1.5975807509126267,3.4473805621972966,-1.3918575208866165e-07,0.030366334461030507,1.8915013959629163,-4.53643798828125,6.96563720703125,11.5020751953125,0.4166469700901997,0.14833677259019762,1.5809630559202323e-05,0.00799354771205357,0.011101904326733192,0.1597137451171875,0.011274041166017369,0.31299483625629737,10.19995944586951,0
861.0559006211179,165.90205899261628,208.75093001065198,56.52173913043478,401.4285714285714,1097.142857142857,695.7142857142858,69.68188703743779,0.19267280890003047,-1.6376752833992207,1.9789072808830968,70,1.2623905999319893,0.01717580407859648,0.9761810302734375,1.3919830322265625,0.415802001953125,1.4740908778148005,5.150876364895975,1.1961328979134894e-09,0.07976891653878349,1.4823689203301915,-3.59039306640625,3.7750244140625,7.36541748046875,0.08803354439987503,-0.8520548961900278,-6.761764514259473e-06,0.006940860203334264,0.008945579444225615,0.1597137451171875,0.009151261788609484,-0.2681701056599579,5.830370572882272,0
868.1573498964801,194.64755937857632,226.12410938495273,66.66666666666666,401.4285714285714,1131.4285714285716,730.0000000000002,69.11189544977584,0.22420769622210338,-1.3657837144984495,0.5083628533664761,70,1.2603208541870117,0.01740391921373619,0.9761810302734375,1.392364501953125,0.4161834716796875,1.4581001990553217,4.973894031849823,-2.3931774060902215e-07,0.018957083565848215,1.3582732035822165,-3.59039306640625,3.59344482421875,7.183837890625,0.2117943141922404,-0.7246250187755359,5.425799350582944e-06,0.007176935468401227,0.009161242543542935,0.0630340576171875,0.00936342478197855,-0.44492898565358896,1.1263545375146755,0
922.9241071428571,168.88957373924907,162.9698857871275,59.375,415.7142857142857,1131.4285714285716,715.7142857142858,65.01076257044042,0.18299399964975352,-1.8529250618849156,2.5369090240670626,65,1.2560276848929268,0.017190749648354025,0.951385498046875,1.392364501953125,0.44097900390625,1.3822148964391632,7.541732959052084,-1.6755240403211028e-07,0.08453082130068824,1.1942474181369187,-2.51007080078125,3.59344482421875,6.103515625,0.2822857268427421,-0.6011605724701399,-5.36236636951132e-07,0.007110195704868862,0.009073305812924261,0.0630340576171875,0.009282202044609635,-0.463698493248021,1.218125064084913,0
995.3809523809523,73.09734757309748,85.44732438093219,58.333333333333336,664.2857142857142,1122.8571428571427,458.57142857142844,60.27842893364589,0.07343655451538282,-1.520855577807347,5.3265629615178,61,1.253004655383882,0.017038959218393705,0.951385498046875,1.3820648193359375,0.4306793212890625,1.3734025509004457,7.41381201938845,-9.945639618084587e-08,0.024680982317243305,1.2552158751428468,-4.4036865234375,4.8095703125,9.2132568359375,0.20897331298352442,1.2502206371176774,-5.031863639602163e-06,0.007121322631835937,0.009035207227621753,0.0603790283203125,0.009255232290815641,-0.4398254215218688,0.9945149799638449,0
997.5238095238095,102.29404949633324,135.60566572079273,61.66666666666667,414.28571428571433,1134.2857142857144,720.0000000000001,60.1489402329578,0.10254797782236959,-3.1550661330144467,15.485762624372903,61,1.2514488220214843,0.017053908019703055,1.1661529541015625,1.3782501220703125,0.21209716796875,1.6454434111506173,3.6971272474138406,6.122440703738856e-09,0.07484933762323288,1.3295875229923142,-4.4036865234375,4.8095703125,9.2132568359375,0.20875204718847615,0.6876495829493994,5.379006402136643e-06,0.007292934962681362,0.009245423464901282,0.056488037109375,0.009464347792856858,-0.4119228153319655,0.8040469815670401,0
1012.7602905569007,105.71718614134457,141.1694645948271,64.40677966101694,414.28571428571433,1171.4285714285716,757.1428571428572,59.244028976498434,0.10438520065119494,-3.1365337301481695,15.393312699573741,60,1.2525687081473214,0.017244608342278082,0.9975433349609375,1.38702392578125,0.3894805908203125,1.5556856153474057,4.901697658135429,1.2100626986653272e-07,0.08849676223028274,1.1500013050571392,-2.69622802734375,2.91595458984375,5.6121826171875,0.17470351282272467,-0.9495655010554227,-5.355126813063295e-06,0.007181484767368861,0.009103207837824163,0.0548858642578125,0.009314497083624432,-0.42270414501956044,0.7924417654965445,0
962.626728110599,137.79037650371916,158.73274913316942,53.2258064516129,418.5714285714286,1171.4285714285716,752.8571428571429,62.32945569438461,0.1431399861233523,-1.964315045719934,5.443526106553277,63,1.2555778866722471,0.017248807691089288,0.9975433349609375,1.38702392578125,0.3894805908203125,1.3756435227797812,6.168922858909816,1.3976419442571645e-07,0.04073126656668527,1.265755573556981,-3.668212890625,3.37066650390625,7.03887939453125,0.1036098175429755,-0.5169424474834625,5.056967108738414e-06,0.007147215706961496,0.00904181346958869,0.0548858642578125,0.009257241382042713,-0.4122843770043034,0.7760007504001991,0
981.311475409836,110.5723711092625,124.09413258287677,50.81967213114754,430.0,1168.5714285714287,738.5714285714287,61.142666221182765,0.11267815966697316,-2.0344040918177964,8.093605283049348,62,1.2582011359078544,0.01722464521580998,0.9929656982421875,1.3828277587890625,0.389862060546875,1.343809253503492,6.271089067391586,7.934160416231247e-08,0.0577452160063244,1.4493987648421467,-4.82330322265625,4.89959716796875,9.722900390625,-0.05266731515575741,0.9458841397925126,-1.562587537993297e-06,0.007167020525251116,0.009068703989943543,0.0531463623046875,0.009287463587985175,-0.43226865813565507,0.7691145297055271,0
1032.7832512315272,61.4534388970427,79.50076955269115,60.3448275862069,884.2857142857142,1168.5714285714287,284.28571428571445,58.09544251269943,0.05950274544418052,0.09971163610780093,-0.39890162362871484,59,1.2592670713152205,0.01723271926927765,0.9929656982421875,1.4026641845703125,0.409698486328125,1.5387742648137357,5.846276829227685,-9.973569720481016e-09,0.06935370309012277,1.3305576773679784,-4.82330322265625,4.89959716796875,9.722900390625,-0.16863507933198268,1.8232535395789728,4.136087933763621e-06,0.007115727015904018,0.009005510030913327,0.0524139404296875,0.009228524010193837,-0.4309093678251382,0.7821322358145233,0
1013.8498789346247,61.81686739267353,70.86725257609983,49.152542372881356,890.0,1161.4285714285716,271.42857142857156,59.18035918991211,0.06097240693822642,0.28121936299087746,-0.1925040203904489,60,1.258722005571638,0.017147589397613575,1.0387420654296875,1.404571533203125,0.3658294677734375,1.5242269868772107,6.241186744847736,-7.06257695102465e-08,0.07127147856212798,1.0551896277769761,-3.5369873046875,2.97698974609375,6.51397705078125,-0.05200695344344394,-0.3510467661207777,-1.8509421573772482e-07,0.007090382167271206,0.008973439017017436,0.0560760498046875,0.009193714522907192,-0.43828972939583327,0.8510200949682378,0
921.0109890109891,120.57755389808422,101.06780028823243,44.61538461538462,430.0,1142.857142857143,712.8571428571429,65.14580251038036,0.130918691890489,-1.7345589635309269,5.09881268460315,66,1.2572028841291154,0.01704464094012193,1.03912353515625,1.404571533203125,0.365447998046875,1.461052304044083,5.143050618345697,-8.87523852740627e-08,0.018009803408668156,1.9555652684064702,-7.3333740234375,6.55670166015625,13.89007568359375,0.21309866604696917,1.950680250910632,-3.1173254783916425e-08,0.008014106750488281,0.010371692951974307,0.0735626220703125,0.01056235605617641,-0.32576915376435717,1.619250301407476,0
901.7965367965368,110.50267743185208,104.14577393826103,51.515151515151516,430.0,1107.142857142857,677.1428571428571,66.53385497923817,0.12253615191780635,-1.9280694952102249,6.361443767607236,67,1.255317869640532,0.017195937029946172,1.010894775390625,1.3813018798828125,0.3704071044921875,1.5300492847236782,4.410882554434465,-1.1095160449508032e-07,0.07153759910946801,2.0431503726878475,-7.3333740234375,6.55670166015625,13.89007568359375,0.1500408786881646,1.2465178799475405,3.5927032138887138e-06,0.008167456490652902,0.010530808584467971,0.0735626220703125,0.010720701618327015,-0.28965263530775476,1.4418028385731692,0
918.5274725274726,170.2123466903191,193.23186149265953,64.61538461538461,418.5714285714286,1142.857142857143,724.2857142857142,65.32194386619769,0.18531002259731338,-1.5803060880761084,2.1645442725384605,66,1.255515044076102,0.017156414853673314,0.9555816650390625,1.39312744140625,0.4375457763671875,1.4269888254427059,6.674971452590885,8.213810491327391e-08,0.10308125813802084,1.5493037435000414,-4.26177978515625,5.38482666015625,9.6466064453125,0.32862204284157737,0.08588152077977274,-6.063504337724256e-07,0.007868901933942522,0.010056425327105288,0.0603790283203125,0.010252264867025745,-0.25653141121078116,0.9909595838163097,0
867.6811594202898,254.25990301565565,278.8693192857464,69.56521739130434,400.0,1185.7142857142858,785.7142857142858,69.14982462001002,0.2930337950238891,-0.7356554804015416,-0.9434402804596993,70,1.2584451584588914,0.017109452668966962,0.930023193359375,1.39312744140625,0.463104248046875,1.293294614842626,8.975123512913486,1.2992477066002065e-07,0.05349509829566592,1.5387269375672763,-4.64935302734375,5.38482666015625,10.0341796875,0.21739568791725375,0.5793947192775857,4.62323263237032e-06,0.00764271981375558,0.009787958673506446,0.0603790283203125,0.009980164012143806,-0.2609570582731316,1.084972676458606,0
911.7582417582418,225.63342121242408,258.8719149837366,67.6923076923077,400.0,1185.7142857142858,785.7142857142858,65.80691816319151,0.24747066807678186,-1.1460103725638953,0.06841231480288235,66,1.26062985374814,0.017021846894370876,0.930023193359375,1.4110565185546875,0.4810333251953125,1.4838806465677434,7.384863826482787,5.7106300463064645e-08,0.051232038225446426,1.2747645190960586,-4.64935302734375,3.14483642578125,7.794189453125,-0.08558183404253406,-0.10011337716321966,4.758795146717364e-06,0.007149834769112723,0.009025729212287387,0.0622100830078125,0.009227123982736068,-0.36608444956229097,0.6578984555328096,0
937.1428571428571,182.3952499679867,202.42107671278745,58.730158730158735,400.0,1130.0,730.0,64.02439024390245,0.19462907770974192,-1.909699397767335,2.7266290093263255,64,1.2640790121895926,0.017285830429464518,1.0669708251953125,1.4194488525390625,0.35247802734375,1.563779753337399,4.2373653461897405,2.6020477360345175e-07,0.055095490955171134,1.3888003747868232,-4.16412353515625,4.49676513671875,8.660888671875,0.2328713272090908,-0.09200753004078432,2.932731265293147e-06,0.007342555454799107,0.009262724792426005,0.0642242431640625,0.009472130678706656,-0.357858716787121,0.6632175794960302,0
955.36866359447,146.86423566849257,160.64908903974765,50.0,414.28571428571433,1225.7142857142858,811.4285714285714,62.802980970986184,0.15372519663344614,-1.6492380396868525,3.714360549171344,63,1.2689980733962285,0.01732635353828662,1.0669708251953125,1.4194488525390625,0.35247802734375,1.51576280606989,4.450639031604386,2.125500878556604e-07,0.06085982549758184,1.8760322023731912,-8.37554931640625,5.86395263671875,14.239501953125,-0.22587183669014504,2.2939428915640994,4.488121716146136e-06,0.007703690665108817,0.009788497784046708,0.0642242431640625,0.009988181076884034,-0.28972874673562876,0.8571746634043205,0
898.7878787878788,112.69269690050402,71.52433141457115,43.93939393939394,718.5714285714286,1225.7142857142858,507.1428571428572,66.7565745111261,0.12538297362497075,0.7069544660813122,-0.09640467775016281,67,1.2738396871657598,0.017532339328860804,0.9983062744140625,1.406097412109375,0.4077911376953125,1.3741943581963316,5.0604145204799185,2.787882210829851e-07,0.061928848993210564,2.0448195321070166,-8.37554931640625,5.86395263671875,14.239501953125,-0.19990065886813632,1.0684243236027413,2.8003614293864576e-06,0.007994405473981584,0.01018098486152661,0.0590057373046875,0.010367714943523005,-0.27710991821939673,0.8630633181624447,0
855.1138716356108,183.47453449745166,242.23090290904182,68.11594202898551,401.4285714285714,1220.0,818.5714285714287,70.16609365163914,0.21456152283731814,-0.9709773077455424,0.9923961480212702,70,1.2788973308744884,0.01726045599931947,0.9983062744140625,1.4263153076171875,0.428009033203125,1.3991342514742353,5.6291406582636885,2.0583182440180176e-07,0.042393057686941966,1.6777425303694362,-4.46929931640625,4.45404052734375,8.92333984375,0.15309560058320026,-0.7743798556063597,1.9907023852344735e-06,0.007329552786690848,0.009317422605236459,0.06463623046875,0.009532508614495436,-0.3738784789061146,0.9129478672957312,0
861.3250517598343,251.95025387038658,347.8759075573121,84.05797101449275,401.4285714285714,1260.0,858.5714285714287,69.66011249459162,0.2925147171275341,-0.7822102409493756,-0.7366190679892979,70,1.2818401790800549,0.017086974801639895,1.0631561279296875,1.4263153076171875,0.3631591796875,1.5745363311200278,4.556093144867238,8.709839963897392e-08,0.05446352277483259,1.266910250317607,-2.593994140625,3.25775146484375,5.85174560546875,0.33495289160756725,-0.979868102075768,3.2992265477176287e-06,0.006771231515066964,0.008550626707801455,0.06463623046875,0.008789979648421075,-0.4446712547221416,0.7170820941149323,0
898.5714285714286,229.3439326770654,311.111997581653,71.21212121212122,405.71428571428567,1260.0,854.2857142857143,66.77265500794913,0.25523172158019997,-1.1206084768594682,0.005255405147111869,67,1.2842293330601284,0.016987446169790848,1.18408203125,1.41754150390625,0.23345947265625,1.5923123078522579,3.765508068071883,1.3579914655565074e-07,0.07316371372767858,1.345582072489189,-3.70330810546875,4.9835205078125,8.68682861328125,0.6151484479100587,0.47353461700423427,2.3045427568387056e-06,0.006989978245326451,0.00892498572950128,0.06536865234375,0.00915076432222539,-0.38475811569710916,1.125880127314704,0
950.599078341014,183.21295817686266,222.94877417242043,59.67741935483871,405.71428571428567,1137.1428571428573,731.4285714285717,63.11809191390342,0.19273420556708934,-1.7797527566466589,2.412654234699236,63,1.2860876265026273,0.016940238426899634,0.9120941162109375,1.433563232421875,0.5214691162109375,1.3437320073385615,9.545202765792347,9.877006535210986e-09,0.06764286586216518,1.445519734334417,-3.70330810546875,4.9835205078125,8.68682861328125,0.5178119592970052,0.026801917637071515,3.5313754216359204e-06,0.007169189453125,0.009121448084193552,0.06536865234375,0.009350224827314192,-0.3383717060390774,1.0258728907494152,0
946.3492063492063,196.48049658406012,267.15751949707777,71.42857142857143,400.0,1164.2857142857144,764.2857142857144,63.401543106340156,0.2076194445621568,-1.6052165850626758,1.8140055517513929,64,1.2862285977318173,0.017001541378169616,0.9120941162109375,1.433563232421875,0.5214691162109375,1.1259279597664729,13.180248369924758,-9.677903650141813e-10,0.016948300316220237,1.180502167208739,-3.02581787109375,2.89154052734375,5.9173583984375,0.3468557415804473,-0.8200562754201304,-1.615340392865031e-06,0.006909166608537946,0.008712391151732944,0.06166076660156251,0.00895431612106381,-0.39532398114078815,0.7025100329368912,0
932.7210884353743,195.25049144082993,260.82123303590527,68.25396825396825,400.0,1164.2857142857144,764.2857142857144,64.3279118955583,0.20933427351616946,-1.6539668766445617,1.9327153983725536,64,1.286718123299735,0.016975732548344356,0.9464263916015625,1.4293670654296875,0.482940673828125,1.3115394148545978,8.908571455483617,5.6533150879574116e-08,0.05915240333193825,1.1815590024183995,-3.49884033203125,3.51409912109375,7.012939453125,0.3622806886498427,-0.09130921971479289,5.108604891391904e-06,0.0068542088099888395,0.008640712630461886,0.06166076660156251,0.008889192526188095,-0.4469561642154627,0.823549234908632,0
962.6958525345622,169.38375407561134,216.08634570219704,66.12903225806451,408.5714285714286,1258.5714285714287,850.0,62.32498025418253,0.17594731880236308,-1.8876226292123395,3.894120282461417,63,1.2878952843802316,0.017068641275938917,1.024627685546875,1.4293670654296875,0.4047393798828125,1.541387943806662,5.2909331985755905,5.090225437017517e-08,0.0632722400483631,1.2086731305277243,-3.49884033203125,3.51409912109375,7.012939453125,0.32012327123820966,-0.20116456363744328,-6.809575385075963e-06,0.00710337175641741,0.008956531385715146,0.06198120117187501,0.009194982989014017,-0.41661370028573924,0.7994091216221393,0
986.2142857142857,190.05670922408513,258.0524000319075,71.66666666666667,404.2857142857143,1258.5714285714287,854.2857142857144,60.83870500470776,0.19271340111082724,-1.7297943575198902,2.727563114912284,61,1.289416131519136,0.016869176525959772,1.1241912841796875,1.425933837890625,0.3017425537109375,1.6049913607037052,4.232346647654781,9.734368575404424e-08,0.043212781633649555,1.0521170283936707,-2.30712890625,2.67181396484375,4.97894287109375,0.3420223117486957,-0.914188003393646,3.4450358736261522e-06,0.006988912309919085,0.008802511018294533,0.06198120117187501,0.009039158883832325,-0.3957345115966401,0.7333921190661679,0
986.8333333333334,197.41804321502144,236.28758515557055,73.33333333333333,404.2857142857143,1201.4285714285716,797.1428571428573,60.80054044924844,0.20005206203177311,-1.8643524291371192,2.7146461632722705,61,1.2912091754731678,0.016847324724373995,1.056671142578125,1.4156341552734375,0.3589630126953125,1.5540065445780056,5.040914155173995,8.130554182829028e-08,0.08789883568173364,0.9528851643206936,-2.30712890625,2.34832763671875,4.65545654296875,0.3155509595975268,-1.0841981016955846,-1.8653729638731974e-06,0.006689965384347098,0.008405533668033009,0.048248291015625,0.008655285320245235,-0.4262424494060656,0.695786659685123,0
955.5529953917052,163.18951144321852,175.76720895280175,54.83870967741935,401.4285714285714,1158.5714285714287,757.1428571428573,62.79086590629596,0.17078017883908472,-1.7058715884869922,3.6193741264405217,63,1.293017223903111,0.016930749808376527,1.056671142578125,1.4404296875,0.383758544921875,1.5751609313615818,5.09571939249447,1.0205128959436959e-07,0.03790679205031622,1.2190622736314536,-4.13665771484375,3.78265380859375,7.9193115234375,0.1518665384545851,0.40927284549536,-1.436749283839219e-06,0.007118727547781808,0.00913764226215209,0.0544281005859375,0.009365090698202431,-0.3736483695413223,1.296308021176534,0
862.6501035196686,159.47400885685602,156.68142719496504,39.130434782608695,401.4285714285714,1101.4285714285713,700.0,69.5531128498056,0.1848652289105301,-1.4731100906372485,2.4639286685003965,70,1.297802888779413,0.017809671058096995,1.132965087890625,1.45416259765625,0.321197509765625,1.5002966017971957,3.654677444589991,3.686597647315453e-07,-0.04298306419735863,2.917743280918437,-11.43341064453125,14.91546630859375,26.348876953125,0.21276029325396256,7.591257706375226,-1.19325205441455e-05,0.008613724844796318,0.011438272103237968,0.1051483154296875,0.011612544506364522,-0.05396997138262799,2.3420624059665816,0
785.9586466165415,175.87900894425232,179.2999235499949,44.73684210526316,405.71428571428567,1078.5714285714284,672.8571428571428,76.33989429124912,0.22377641584756466,-0.756707625572998,-0.23707894166025456,77,1.311570321945917,0.02092291071975465,1.1020660400390625,1.45416259765625,0.3520965576171875,0.9384490446756827,2.0182969326419817,9.45857812437195e-07,0.08399941580636161,3.1903825235833256,-11.43341064453125,14.91546630859375,26.348876953125,0.16443547472946438,4.8337095073384475,-4.6590826804249097e-07,0.010096603393554688,0.0134347988017481,0.1051483154296875,0.013582490263630117,0.21100838413631107,2.2089876174386474,0
850.0408163265305,193.8682446746015,190.9310304405577,58.57142857142858,405.71428571428567,1162.857142857143,757.1428571428572,70.58484586574475,0.22806933614365396,-0.7677425982630007,-0.29543610018175404,71,1.3264318012055896,0.018561485045952574,1.1020660400390625,1.4698028564453125,0.36773681640625,1.1092011089812,3.558354410102184,4.773981476436212e-07,0.14923455374581474,1.9135614352831027,-5.85784912109375,7.23724365234375,13.0950927734375,0.3397136247025051,1.1939690183556646,-1.300821308506401e-05,0.008715823582240514,0.011683220453166512,0.0935211181640625,0.011856344412577276,0.18847231045864662,2.9611011402291147,0
960.9216589861751,146.71475838328266,196.23462854777875,70.96774193548387,400.0,1162.857142857143,762.8571428571429,62.440053711874164,0.15268128989628016,-2.2105849271411357,5.915988025085632,63,1.3276640301658993,0.017181209470380668,1.08795166015625,1.4698028564453125,0.3818511962890625,1.3928641278607323,5.104431054938187,-3.470016059766234e-07,0.035890270414806545,1.2698319763933077,-3.54461669921875,3.12042236328125,6.6650390625,0.02642211243029128,-0.7656946969732932,-4.25554068522089e-07,0.006657903398786272,0.008470091629789888,0.0521392822265625,0.008712872007097965,-0.47788606709717596,1.0594138690063843,0
974.0515222482436,173.81403912201566,231.1871168408769,67.21311475409836,400.0,1220.0,820.0,61.59838430467397,0.17844439965642594,-2.072496305877031,4.547020193020047,62,1.3213964643932523,0.016869014018540036,1.058197021484375,1.45416259765625,0.395965576171875,1.3177488450826143,6.661498595212413,-2.426679006146689e-07,0.06605181012834821,1.1018519974710397,-2.7740478515625,2.532958984375,5.3070068359375,0.1306318897431274,-1.1600707880110075,1.1161806256857461e-06,0.006454286847795759,0.008179344871339629,0.0516357421875,0.008438058914583593,-0.5295703017400258,0.9949828350985985,0
996.8765133171913,153.54757392887902,185.44713638686542,64.40677966101694,402.85714285714283,1185.7142857142858,782.8571428571429,60.187996405236696,0.15402868046106977,-2.61323238805681,7.503602208190177,60,1.3176592236473448,0.016813987987432808,1.058197021484375,1.453399658203125,0.39520263671875,1.4705926449089437,5.617612191313867,-1.216844072836435e-07,0.06561686197916666,1.0867209297323208,-2.73284912109375,2.39410400390625,5.126953125,0.11371292261332666,-1.1357267347312476,-1.8659202848236048e-06,0.006514489310128348,0.008269315450598495,0.0510406494140625,0.008529649566319917,-0.5285319315906758,1.0899356364516022,0
1017.7586206896551,107.16095481603425,130.60505317203805,70.6896551724138,402.85714285714283,1182.857142857143,780.0,58.95307470777571,0.10529112958377074,-3.2043509855326313,16.398812480799656,59,1.3144760949271066,0.016962875168341156,1.152801513671875,1.456451416015625,0.30364990234375,1.6325979275090445,4.5023869283461115,-1.7802053433201238e-07,0.03822235834030878,1.1225112210811363,-2.73284912109375,2.75726318359375,5.4901123046875,0.21228270315127443,-1.031581780275343,-9.419010304858696e-08,0.006556297302246094,0.008300922947565969,0.055755615234375,0.008566610327279877,-0.5089735804694139,1.0139885525919876,0
999.0072639225182,108.21793295295717,130.0873955135506,67.79661016949152,402.85714285714283,1195.7142857142858,792.8571428571429,60.05962335490438,0.10832547155668172,-2.6691048132263693,13.390316794243983,60,1.311635417029971,0.01679425898689929,1.0814666748046875,1.50299072265625,0.4215240478515625,1.6735174172294591,5.426410215273096,-6.222554569656021e-08,0.07174203055245536,1.159872170925645,-2.42767333984375,2.75726318359375,5.1849365234375,0.26237475082022294,-1.1029951361933181,1.6156694797670269e-06,0.006364178248814174,0.008065725202921457,0.055755615234375,0.008328974883267866,-0.5258482333278095,1.003040050802559,0
914.5274725274726,212.01590077372978,233.4421059636301,70.76923076923077,404.2857142857143,1220.0,815.7142857142858,65.60765182283531,0.2318310899811277,-1.2374487856279623,0.3879055974797563,66,1.3563901174636115,0.01679448772249583,1.1852264404296875,1.4896392822265625,0.304412841796875,1.55854610773357,3.864999764323229,7.518300180284208e-08,0.056419118245442705,1.3393034826814116,-4.00238037109375,4.77447509765625,8.77685546875,0.16156735919242382,0.278656137034484,-3.551430143634022e-06,0.0061063134329659595,0.007962020655433008,0.0579986572265625,0.008280006671256859,-0.8190238405376881,2.8510347355169774,2
900.2597402597403,196.7094660761517,238.1244743954775,62.121212121212125,404.2857142857143,1220.0,815.7142857142858,66.64743219849971,0.21850301338522332,-1.0621897322846345,0.5250177946718604,67,1.362655258178711,0.018273788336255977,1.26190185546875,1.503753662109375,0.241851806640625,1.296643365688331,2.4555741485882816,4.870172523761636e-07,0.21906444004603795,2.0247451912545147,-6.3079833984375,7.33489990234375,13.64288330078125,0.46085238670561224,1.6305330219634895,1.5699246874096026e-05,0.006605615888323103,0.008653256187587567,0.0653228759765625,0.008949610485563387,-0.5826509194378886,2.9027787813235237,2
826.6666666666666,178.5036379260503,206.45887212953645,48.61111111111111,405.71428571428567,1098.5714285714284,692.8571428571428,72.58064516129032,0.21593182007183503,-0.9427530169458513,0.21199853674384395,73,1.369613320486886,0.01760697035051396,1.26190185546875,1.503753662109375,0.241851806640625,1.3198111953088962,2.9170296183274207,2.3973141069975025e-07,0.0395248776390439,2.7974914111175355,-8.8226318359375,7.82928466796875,16.65191650390625,0.19419226419767735,0.8367213509822284,-4.9360090422738706e-06,0.006967411586216518,0.009083305252251808,0.0653228759765625,0.009349846378463271,-0.4628315424217179,2.376515703047578,2
866.3354037267083,192.9296663363854,187.655577711771,53.62318840579711,405.71428571428567,1167.142857142857,761.4285714285714,69.25724118153138,0.22269627387552368,-1.0010923104198546,0.08151804334245583,70,1.3709692001342773,0.01646980466233776,1.2786865234375,1.50299072265625,0.22430419921875,1.6114319606240528,3.680698674044126,-1.0357300894218687e-08,-0.14322026570638022,2.225219279840453,-8.8226318359375,7.82928466796875,16.65191650390625,0.07647510965274237,3.422436522751748,9.780356446630714e-06,0.006510810852050781,0.00843440836782175,0.05987548828125,0.008691090774972057,-0.5365963891528918,1.85414695223154,2
969.672131147541,94.229418095954,113.23565218238497,45.90163934426229,517.1428571428571,1167.142857142857,650.0,61.87658495350803,0.09717657656556541,-2.0748479094362717,8.179589230866592,62,1.3721074785505023,0.01641153503097749,1.2786865234375,1.5132904052734375,0.2346038818359375,1.5892845673921125,3.8179996224261954,1.2244307676640215e-07,0.10335951305571056,1.2954698290593545,-4.01763916015625,5.62591552734375,9.6435546875,0.6891308019049318,1.617440891529089,-5.532842946323727e-07,0.006100118364606585,0.007870335716392202,0.05987548828125,0.008143632573718602,-0.7055536193923034,1.9047088156263268,2
876.7226890756302,184.2603166043134,199.92284530673493,52.94117647058824,404.2857142857143,1191.4285714285716,787.1428571428573,68.43669126809164,0.2101694400068369,-1.347874420490272,0.7224192580684488,69,1.3733500435238792,0.01656120670259449,1.2866973876953125,1.540374755859375,0.2536773681640625,1.555096899764487,4.027238178937258,-1.1489298468255128e-08,0.13315473284040177,1.4502057566340179,-3.97186279296875,5.62591552734375,9.5977783203125,0.541223340469082,0.7541877446744945,-7.488228188061791e-06,0.006237673078264509,0.008030818603238255,0.05987548828125,0.00830025576482916,-0.6422927046303725,1.7131120598848373,2
866.128364389234,212.08254595065267,235.9862195093589,55.072463768115945,402.85714285714283,1191.4285714285716,788.5714285714287,69.27379643352297,0.24486271858814657,-1.0696146733364693,-0.3141874669572342,70,1.373253922235398,0.01666805881322069,1.12762451171875,1.540374755859375,0.412750244140625,1.4985207526627737,5.051929306173296,5.739301018103607e-08,0.030510784330822174,1.2792996145610336,-3.97186279296875,4.0191650390625,7.99102783203125,0.1673256288145931,-0.13776964286833415,2.9732752356842815e-06,0.006247847420828683,0.008035565829466707,0.050994873046875,0.008291161449595167,-0.6049044601759828,1.53305283544874,2
959.216589861751,131.19937875665664,149.48590389520234,45.16129032258064,402.85714285714283,1101.4285714285713,698.5714285714284,62.5510449195292,0.13677763723369923,-2.8021294476470593,8.305359672761432,63,1.37527954464867,0.016597617930727834,1.12762451171875,1.50146484375,0.37384033203125,1.497034680442742,4.941381324642447,1.8208493792028657e-07,0.032805342901320686,1.0836039213125885,-2.69012451171875,2.25372314453125,4.94384765625,0.20100397557614547,-1.1756482078184893,-1.2252814358860366e-07,0.006055909293038505,0.007773894082354109,0.0514984130859375,0.008042456771425724,-0.654650445378274,1.5972248492611802,2
960.3456221198154,71.6295262987235,65.1110177336458,37.096774193548384,618.5714285714286,1081.4285714285713,462.8571428571428,62.47750665802924,0.07458723677066631,-1.579010908884995,6.254485897793268,63,1.3790554319109236,0.01647727382576662,1.2676239013671875,1.50146484375,0.2338409423828125,1.5662358883005045,3.8096266076070693,1.7225496980303707e-07,0.07384974161783854,1.1011004715790065,-2.69012451171875,2.117919921875,4.80804443359375,0.09202535581616732,-1.1681928735256657,1.8047998853163268e-06,0.006074753897530692,0.007822596817513447,0.0580902099609375,0.008104830270880324,-0.6608853019583104,1.8196816903548978,2
907.0109890109891,152.17888405453328,181.84411775821977,35.38461538461539,440.0,1081.4285714285713,641.4285714285713,66.15134846979572,0.1677806398139345,-1.8411722003068869,2.304494766678583,66,1.3796284811837332,0.016362876060146567,1.2432098388671875,1.5773773193359375,0.33416748046875,1.5940629964121107,4.353604328912242,-5.3663985860720254e-08,0.06462100801013765,1.0272655249774432,-2.5115966796875,2.117919921875,4.6295166015625,0.20053935542533272,-1.1486022387574804,-1.7349397624032848e-06,0.00610100337437221,0.007860489049758883,0.0580902099609375,0.008150951123938068,-0.6612102874979461,1.848097078071743,2
909.4725274725274,154.03104118048435,182.37511452486928,40.0,440.0,1081.4285714285713,641.4285714285713,65.97230613083299,0.16936305004016428,-1.8208282014766402,2.181720100881722,66,1.3776100431169782,0.0162437174403608,1.1341094970703125,1.5773773193359375,0.443267822265625,1.5098678436382107,5.608722243609735,-6.063490238659033e-08,0.08483214605422247,1.033001919032202,-2.374267578125,3.65753173828125,6.03179931640625,0.37769273320974256,-0.5005077741054023,8.179278875921566e-06,0.006045285906110491,0.0077850765663610945,0.0507659912109375,0.008061983603375124,-0.6696014380605221,1.665488928405769,2
708.8775510204081,126.83159013433696,135.7055889957432,26.190476190476193,404.2857142857143,868.5714285714286,464.2857142857143,84.64085216640278,0.17891889784317005,-1.328827291991414,0.6178603578285906,85,2.9609516779581706,0.2545378326583118,2.3014068603515625,3.5938262939453125,1.29241943359375,-0.8223750504211504,0.7009571724351584,1.3195369811567467e-05,0.06316008794875372,1.5508490500113135,-3.67279052734375,5.50384521484375,9.1766357421875,0.4639517022079244,0.6262269667906133,-7.892127227684996e-06,0.013174825395856585,0.01705689231346458,0.1219024658203125,0.017209420184368607,0.447528468286205,1.5730066177363842,1
656.1538461538462,174.02813045875865,218.74274850306634,41.75824175824176,400.0,945.7142857142858,545.7142857142858,91.44196951934349,0.2652245833486357,-0.30317715034092674,-1.5177877637917558,92,3.236538233075823,0.23549427743147008,2.8095245361328125,3.8257598876953125,1.0162353515625,0.40976683867839286,-0.8940105353200072,1.7072357144440214e-05,0.03242325555710565,1.3986628215588561,-3.62701416015625,3.93829345703125,7.5653076171875,0.10481280691677597,-0.19178634590034438,4.532838320420983e-07,0.013355101449148995,0.017417083490484816,0.1270294189453125,0.017565478429026136,0.5322938601688844,1.9125025361496997,1
693.5049833887043,190.28650456481213,236.18293111649774,50.0,400.0,951.4285714285714,551.4285714285714,86.51704232436705,0.27438375948649524,-0.4939525447303787,-1.4892117907498377,87,3.4137885593232653,0.15949482206682172,3.0414581298828125,3.9089202880859375,0.867462158203125,0.5422748761947863,-0.22494168970523187,4.118419434627342e-06,0.10713588169642857,1.351592844685938,-3.62701416015625,3.93829345703125,7.5653076171875,0.014966639155091008,-0.2153547918260541,2.2223055339000115e-07,0.012498241969517298,0.016246870613147352,0.1270294189453125,0.016411963717455395,0.5180040845696358,2.0153622984657114,1
755.2983725135624,123.47800394384332,135.74503218323702,27.848101265822784,401.4285714285714,951.4285714285714,550.0,79.43880482666155,0.1634824175946786,-1.5424920446350998,2.129023566884796,80,3.461906015305292,0.148284672343697,3.2039642333984375,3.9089202880859375,0.7049560546875,0.7906792146450136,0.030559785214225865,4.0369476529694935e-06,0.036559622628348214,1.2861763349652335,-4.64019775390625,4.10003662109375,8.740234375,-0.301431934508278,0.35572079076257257,-4.0128475536954445e-06,0.013277175903320313,0.017567213871947703,0.1333465576171875,0.01773014913187498,0.5975584728905897,2.810838285288625,1
737.0194003527338,88.84329826613798,94.71627879824965,18.51851851851852,401.4285714285714,880.0,478.5714285714286,81.40898322525065,0.12054404297039945,-1.8599207299255611,5.3470693167994465,82,3.5196271896362306,0.13603050956188278,3.167724609375,3.9470672607421875,0.7793426513671875,0.7081098119517328,0.02229651670866417,1.5358340714465782e-06,0.008028484526134673,1.5896758843793397,-4.64019775390625,4.60052490234375,9.24072265625,0.2274485622253764,0.36597223844923965,5.477572102836014e-07,0.014462527683803014,0.019182574681814547,0.1333465576171875,0.019333511166505363,0.616020346127396,2.590320215638079,1
736.6843033509699,118.00470739774282,139.00144985295833,24.691358024691358,401.4285714285714,894.2857142857142,492.85714285714283,81.44601388556381,0.1601835506213076,-1.7664927713858636,2.3226008185473814,82,3.627829006740025,0.17664970678143893,3.167724609375,4.2331695556640625,1.0654449462890625,0.5410475744890869,0.2609740980116242,1.1612632501974151e-05,0.05323827834356399,1.5995794308141738,-5.316162109375,4.60052490234375,9.91668701171875,0.11853440807009785,0.4594340197042497,-8.1213364402809e-06,0.013390104021344867,0.01766263554482251,0.1208038330078125,0.017832732855705302,0.5609746022211771,2.356974681200753,1
734.6913580246912,132.01487859982274,163.3517707905493,29.629629629629626,401.4285714285714,911.4285714285714,510.00000000000006,81.66694673164176,0.17968753430659795,-1.589169787149187,1.3294301774539603,82,3.7890454973493304,0.1517765834137981,3.47900390625,4.2331695556640625,0.7541656494140625,0.4078609508412937,-0.21991137227357793,8.457138996575206e-06,0.09043688092912947,1.347098590249225,-5.316162109375,3.60107421875,8.917236328125,-0.2815673257426849,0.8993167217377058,-7.321367473693375e-07,0.012596595764160156,0.016406089441281663,0.11737060546875,0.016609921675469326,0.4842485334361019,2.032806844904517,1
691.8106312292358,178.48229329108113,206.9236162287458,37.2093023255814,401.4285714285714,980.0,578.5714285714287,86.7289360578193,0.2579929900382521,-0.4664069820165865,-1.2633523316475497,87,3.907966241382417,0.11961559745437834,3.6220550537109375,4.28619384765625,0.6641387939453125,-0.039020730952591544,-0.8017627504601834,6.175784261668685e-06,0.05633468627929687,1.4840315576464953,-4.82025146484375,3.60107421875,8.42132568359375,-0.2744711921099809,0.15305347947267167,-7.469108908920444e-06,0.011432906014578683,0.014866909294640554,0.11737060546875,0.015095473930320588,0.4639116996064931,2.2194908844114494,1
684.6141215106732,198.45765853399664,224.08676662142668,40.229885057471265,401.4285714285714,980.0,578.5714285714287,87.64061113376347,0.2898825079682536,-0.24607603409595286,-1.6105177312417451,88,4.166553697131929,0.24112365474771186,3.78265380859375,4.691314697265625,0.908660888671875,0.4752840813005743,-1.135466629532686,1.7121714516977097e-05,0.050030880882626486,1.6103016391206855,-4.82025146484375,4.388427734375,9.20867919921875,-0.058587986267045346,0.10056958973977093,2.6711247599241615e-06,0.009062458583286831,0.011733199991217658,0.1071624755859375,0.012018624822569598,0.382429786438645,2.6236149563123625,1
719.7934595524956,124.78437414591218,122.9289353482072,16.867469879518072,402.85714285714283,972.8571428571429,570.0,83.35724533715926,0.1733613614987446,-0.6687970092327211,0.3562901057344119,84,4.444348516918364,0.17360977616559065,3.99627685546875,5.0403594970703125,1.0440826416015625,0.0912693841301348,1.1609297662162534,8.76547758814369e-06,0.16580756051199777,1.688561117031418,-4.66461181640625,7.88116455078125,12.5457763671875,1.0038956615851964,3.0056100614926455,7.374533095491818e-06,0.008617510114397322,0.010965228515553078,0.0779571533203125,0.011298375811262322,0.10573756146109452,1.650314780210806,1
678.8474025974026,91.16639000089475,85.32478552074649,15.909090909090908,402.85714285714283,821.4285714285714,418.5714285714286,88.38510653561949,0.13429585154494864,-1.365257976774448,2.10207329607222,89,4.567404674348377,0.13171020181222434,4.2041778564453125,5.0403594970703125,0.836181640625,0.9980689499082911,0.6958362310185073,3.5324167413414546e-06,0.034663572765531996,2.2002799071060966,-6.51092529296875,7.88116455078125,14.39208984375,0.16069820224510853,1.4043613342369143,-7.943868988210509e-07,0.009753108433314733,0.012291611897761878,0.0779571533203125,0.012589140973356956,0.18688571430258916,1.0314472665153005,1
683.1034482758622,101.31118045333783,104.73359881363585,21.839080459770116,402.85714285714283,821.4285714285714,418.5714285714286,87.83442705704188,0.14831015815985849,-1.5440803996642185,2.0011460393155875,88,4.570537113008045,0.10798272593172902,4.327392578125,4.90875244140625,0.58135986328125,0.6086579079197991,-0.3281998599564502,-1.9010610510896211e-06,-0.02152161371140253,2.6356838445503126,-6.51092529296875,8.85162353515625,15.362548828125,0.22099012177488236,0.2897773189687909,1.3123145357854567e-05,0.010564038957868303,0.013176184273665006,0.070404052734375,0.013442007999560164,0.20738062854061606,0.6167008016374371,1
672.9695024077046,111.01256350356964,113.83301166820874,24.719101123595504,405.71428571428567,895.7142857142857,490.0,89.15708629490055,0.16495927840176475,-0.7398575386830823,0.07992836184331642,90,4.613965161641439,0.11098210023310531,4.3659210205078125,4.877471923828125,0.5115509033203125,-0.3144302378653294,-0.9773636011659992,7.136947866994433e-06,0.014581662132626488,2.620605324480447,-5.487060546875,8.85162353515625,14.33868408203125,0.39700603758248565,0.04283844229748057,-8.173160472346485e-06,0.010558526175362723,0.013191778620153341,0.0742034912109375,0.013453283896232963,0.23267911781524683,0.6972198853288663,1
658.4458398744114,110.73682321915138,106.89007216923689,30.76923076923077,400.0,895.7142857142857,495.71428571428567,91.1236678349188,0.16817909160193456,-0.5896647790249022,-0.05774539363827769,92,4.720706939697266,0.04805827898530712,4.4559478759765625,4.9167633056640625,0.4608154296875,0.04999320299364529,-0.21585722449943479,1.6226681241808269e-06,0.14537669590541294,2.629929070425714,-5.8135986328125,7.50885009765625,13.32244873046875,0.18288573455253498,-0.5994681136319304,1.451815321027354e-05,0.010320371355329242,0.012944385333570969,0.08770751953125,0.013214313909525184,0.28756445400287717,0.9561205278008811,1
644.5775729646697,113.5812696351306,110.39937180742793,27.956989247311824,400.0,877.1428571428571,477.1428571428571,93.0842190553358,0.17621039638832758,-0.7688296897119942,-0.09307573201725017,94,4.750700977870396,0.07023873867452467,4.5925140380859375,5.1456451416015625,0.553131103515625,2.9673141882636926,10.595475658287398,1.1461257609895092e-06,0.15458468482607887,3.3508266471099417,-7.39898681640625,11.13433837890625,18.5333251953125,0.4806359403272644,0.029292062353063475,-1.7732576459996279e-06,0.010859948294503348,0.013925339436347436,0.1296844482421875,0.014184427702650914,0.41917260477998397,2.7959671979975926,1
647.6708074534162,122.28193335118645,126.0426352753467,28.26086956521739,400.0,877.1428571428571,477.1428571428571,92.63965475905059,0.18880260148205244,-0.7528851809686081,-0.38052383563957104,93,4.712553551083519,0.1034906101202454,4.4963836669921875,5.1456451416015625,0.649261474609375,1.2435700503368463,2.5003019509864526,-2.174124430278214e-06,0.04329626900809152,3.591255549311082,-7.39898681640625,11.13433837890625,18.5333251953125,0.6999923301583326,0.11376589084464683,2.5005401929863732e-05,0.011072964259556362,0.01415558890824203,0.1296844482421875,0.014406479705331326,0.38668685337994685,2.5490653725856056,1
662.4603174603175,128.8647496747763,125.0958815942265,35.55555555555556,400.0,832.8571428571429,432.8571428571429,90.57146280100635,0.1945244813588333,-1.033197293101434,-0.20893430072136399,91,4.624512681506929,0.09741555892068988,4.4521331787109375,5.1342010498046875,0.68206787109375,1.9430141942604278,4.473081406122368,-1.7620940087125907e-06,0.0022523062569754465,3.1804468816413887,-5.99822998046875,10.27374267578125,16.27197265625,0.8700976345112864,0.4770015416149396,5.893904966427694e-06,0.010872709001813616,0.013608939437455884,0.0707244873046875,0.013858565245459625,0.25361164270396974,0.7462410777698132,1
649.4662480376766,129.16670990726905,118.66911256364897,32.967032967032964,401.4285714285714,832.8571428571429,431.4285714285715,92.38355369703416,0.19888132800979041,-0.799603702740276,-0.6342340024290949,92,4.635256758190336,0.12256246192032574,4.3605804443359375,5.1830291748046875,0.82244873046875,2.073632097306425,4.121691823978853,3.5604035611160994e-06,-0.002818116687593006,3.2903194361563406,-8.60595703125,10.980224609375,19.586181640625,0.6614458631662833,0.5418364304935888,1.3118203869203337e-05,0.010837974548339844,0.013602440192719256,0.0903167724609375,0.013853819324314533,0.30138567620263423,0.8838311660881062,1
654.7723704866562,108.96446659370302,105.64272567256272,21.978021978021978,402.85714285714283,795.7142857142857,392.85714285714283,91.63489894267424,0.16641579807760634,-1.0786153774216096,0.1894088014801305,92,4.764168584914435,0.13375588765802393,4.3605804443359375,5.1830291748046875,0.82244873046875,0.2501045118246364,-0.7486081403463802,4.83436078999683e-06,0.12974791753859746,3.6748660586164523,-8.85467529296875,11.456298828125,20.31097412109375,0.3706789985085888,0.41010483618986227,7.533500420973548e-06,0.011216007777622768,0.014429488698146377,0.1201629638671875,0.014677042864610402,0.35872593506416334,2.3008602508006772,1
675.1623376623377,117.15204901737515,133.20029135366727,26.136363636363637,401.4285714285714,852.8571428571429,451.4285714285715,88.86751622986294,0.17351686029022143,-1.2167931369657092,0.5868949581211096,89,4.826571146647136,0.09129275248575829,4.6295166015625,5.1727294921875,0.543212890625,1.0049682289542463,0.790741024918379,-1.3891240136765019e-06,0.09193028041294643,3.199534992455532,-8.85467529296875,11.456298828125,20.31097412109375,0.20941965069884155,1.006868321609268,1.4428484650966969e-05,0.012086891174316406,0.015614888171590527,0.1271209716796875,0.015841876540807678,0.4541353212968779,2.3193910901024433,1
734.1975308641976,224.04404527723577,246.32337299093777,46.913580246913575,400.0,1034.2857142857142,634.2857142857142,81.72187657642509,0.3051549969304876,-0.2550225623888528,-1.7005188278248775,82,6.081536429268973,0.24619404629980932,5.6270599365234375,6.7836761474609375,1.1566162109375,0.5941584634948033,-0.5826172172813657,-1.9623692047509923e-05,0.03904662359328497,4.36445877907865,-15.29693603515625,15.35491943359375,30.65185546875,-0.07936497177208379,2.383036185495336,-3.5424307066915327e-07,0.01797788783482143,0.0255524236418875,0.26422119140625,0.025770574114914888,-0.7391230538456799,5.349057926996123,0
729.7530864197531,224.28473585464437,256.3370807737184,43.20987654320987,401.4285714285714,1105.7142857142856,704.2857142857142,82.21959059380815,0.3073433193068211,-0.23301138232199936,-1.617296105011179,82,5.775297464643206,0.14724461857085377,5.2524566650390625,6.128692626953125,0.8762359619140625,0.08725591228690535,-1.2496614356512623,-9.199293896749544e-06,0.21657485961914064,2.835910088529687,-8.12225341796875,9.2254638671875,17.34771728515625,0.26391053829690114,0.26335380675016706,-1.5254409445885893e-05,0.020408863612583705,0.028328664666289215,0.2531890869140625,0.028518384629756293,-0.8551445476954728,3.7317660828370247,0
798.7065637065637,212.01189604861563,220.75980062562851,31.08108108108108,427.14285714285717,1105.7142857142856,678.5714285714284,75.12145602204336,0.26544403875276845,-0.7976465191834853,-0.9045523101093389,75,5.51898744673956,0.17834879303197948,5.1532745361328125,6.047821044921875,0.8945465087890625,0.20439032132600282,-0.5828408134368659,-1.2121432960660357e-05,0.07452901204427083,2.7595657653952848,-8.12225341796875,9.2254638671875,17.34771728515625,0.19831153323783512,0.5461443432525455,3.403658288945975e-07,0.016981427873883927,0.0250451082693199,0.2823944091796875,0.025257673621854642,-1.047057599066101,6.737747564721733,0
890.952380952381,166.64062876385648,142.36244014559185,15.151515151515152,434.2857142857143,1042.857142857143,608.5714285714287,67.34366648850882,0.18703651544847602,-1.9761278590891784,2.5156271161052235,67,5.221430124555315,0.17462172413981294,4.7298431396484375,5.6270599365234375,0.897216796875,0.13718863557332675,-1.0994037076312528,-1.4342690866177522e-05,0.01952914283389137,2.3591468983363164,-5.950927734375,5.58929443359375,11.54022216796875,0.27922175936638427,-0.7428824059627335,1.1944408194909192e-06,0.01162979452950614,0.01766431203858647,0.2823944091796875,0.017964737859145395,-1.098821544174149,15.281165330117943,0
921.2087912087912,96.3116444587592,91.09978550121481,12.307692307692308,440.0,1030.0,590.0,65.1318143862579,0.10454920250205281,-3.489966398806282,13.576939682370814,66,4.9439908799670995,0.14777728149117556,4.61273193359375,5.33447265625,0.72174072265625,0.11817476460335527,-1.1230883563668659,-1.212592730111291e-05,0.05594892955961681,2.475553779524407,-6.01348876953125,5.58929443359375,11.602783203125,0.2182684815761746,-0.8741644086502167,2.5480187738526782e-06,0.009893649509974888,0.012938378552635127,0.13970947265625,0.013331087145725973,-0.4801217470569465,3.406668902032992,0
929.8214285714286,100.84765106084423,84.8778157247392,15.625,440.0,1124.2857142857142,684.2857142857142,64.52851930094104,0.1084591599655709,-2.7117858084674,11.977752795747747,65,4.724692217508951,0.10788937293800228,4.4742584228515625,5.060577392578125,0.5863189697265625,0.3140920602910863,-1.18170179679935,-8.748750612425446e-06,0.03458255586170015,2.5756244494660416,-6.01348876953125,5.462646484375,11.47613525390625,0.22096281710763838,-1.003489119179284,-6.7898804375943775e-06,0.010180974687848772,0.013296922089454176,0.13970947265625,0.013678534697610666,-0.5098042432836493,3.012658515726102,0
970.1873536299765,52.652286998620326,32.123803876723635,11.475409836065573,880.0,1124.2857142857142,244.28571428571422,61.8437251068144,0.05427022605646289,0.7822310116218896,0.44473835009784324,62,4.573148809160505,0.06905671346045895,4.1934967041015625,4.8065185546875,0.6130218505859375,0.2935303426047937,-1.0052618052001676,-5.554038021744736e-06,0.058910188220796134,2.2966334826200843,-5.07354736328125,5.206298828125,10.27984619140625,0.4042114424278897,-0.9866027436792493,2.8023588514628772e-06,0.008630692618233817,0.010771136210247135,0.0611114501953125,0.011256237568366505,-0.3787480762132672,0.8167088032840759,0
975.9484777517564,49.457532585703916,26.81823422738398,8.19672131147541,847.1428571428572,1050.0,202.85714285714278,61.47865524440285,0.05067637658458852,-0.7515193621368377,0.010686934073182552,62,4.458086068289621,0.064708708910674,4.1934967041015625,4.686737060546875,0.4932403564453125,-0.22718076516229735,-1.0875530510628837,-5.226412998649788e-06,0.012994493756975447,2.921454240809953,-12.139892578125,10.870361328125,23.01025390625,-0.3187962427355418,4.006962887555771,-1.5520107195167866e-05,0.0087164306640625,0.011140091783766551,0.0964508056640625,0.011598491294874877,-0.4491701720505685,2.455408938880134,0
975.8313817330209,52.407604867745256,28.25659877178532,11.475409836065573,847.1428571428572,1068.5714285714284,221.42857142857122,61.48603244696171,0.05370559488942889,-0.47749449842571684,-0.3722232321593384,62,4.340004484994071,0.07214945199931408,4.1324615478515625,4.582977294921875,0.4505157470703125,0.09355382637015566,-1.216044138038001,-5.878628771085434e-06,0.023915536063058036,2.8446326034771547,-12.139892578125,10.870361328125,23.01025390625,-0.402346368217088,4.688527422215839,-3.099215448404643e-07,0.009144646780831473,0.01164070239109418,0.0964508056640625,0.012069250893764743,-0.406717733531531,2.098114930413935,0
919.3973214285716,145.70767769669527,146.54171282936267,15.625,427.14285714285717,1068.5714285714284,641.4285714285713,65.26014227099468,0.1584817296077095,-2.4784075378601047,4.884337748516007,65,4.227623321896508,0.05979158744011818,4.0485382080078125,4.433441162109375,0.3849029541015625,0.03552340318954176,-1.0140116971603752,-4.845726212442287e-06,0.1055926005045573,2.1495208525036316,-5.24139404296875,6.15997314453125,11.4013671875,0.33955858198204275,-0.6225741510029583,-1.3222625981997111e-05,0.009354107448032924,0.011598480776291137,0.07781982421875,0.012034384718119599,-0.26364239195009376,0.5961839743897035,0
844.6076458752515,213.42108557749685,222.67653592182938,30.985915492957744,427.14285714285717,1044.2857142857142,617.1428571428571,71.03890225599733,0.25268666062847733,-0.9903065304044355,-0.834202586289098,72,4.135983621506464,0.049608219928575135,3.9306640625,4.31671142578125,0.38604736328125,0.38285441465993025,-1.0395315525239923,-3.9349654620683936e-06,0.054552714029947914,2.305798369484522,-5.24139404296875,6.15997314453125,11.4013671875,0.37663546773550804,-0.8102246742906809,-4.845769783742928e-06,0.009431358337402343,0.011731877046717252,0.06719970703125,0.012162030172925902,-0.27408627559055576,0.6386905909161293,0
882.4520255863539,218.12841735016985,217.2794483814107,32.83582089552239,405.71428571428567,1120.0,714.2857142857143,67.99236475221689,0.2471844485882757,-1.19959248292336,-0.3546645937127124,68,4.071414130074637,0.03138008987310018,3.804779052734375,4.2327880859375,0.428009033203125,-0.2059027926488758,-0.10819905043320999,-2.375622560558147e-06,0.0657669430687314,2.0512231056451418,-3.839111328125,4.937744140625,8.77685546875,0.40055622872635815,-0.9449084344946468,-4.955750724925273e-06,0.009207374572753906,0.011519668973560705,0.0732421875,0.011941921226552913,-0.35747858816327743,0.8134542474772228,0
979.5550351288057,133.66755448132318,138.7582197111759,21.311475409836063,405.71428571428567,1120.0,714.2857142857143,61.25230114519329,0.13645742167385896,-2.9936509473773647,9.068009154531964,62,4.013071705046154,0.04293022047607034,3.7570953369140625,4.2186737060546875,0.461578369140625,0.01459744306273646,-0.9868363598989318,-3.3980827162046704e-06,0.06468019031343006,1.9485784398037693,-3.643798828125,4.20379638671875,7.84759521484375,0.38525583814679143,-1.075761690177303,-3.4067225088458003e-06,0.008990234375,0.011178535135142971,0.0732421875,0.011617758765821733,-0.3218623187771671,0.6605483091059074,0
987.190476190476,100.54882276604327,93.80278405667454,11.666666666666666,478.5714285714286,1117.142857142857,638.5714285714284,60.77854420915538,0.1018535178277415,-3.6166399344792297,15.378891089588286,61,3.9483788626534597,0.03555117403326914,3.7570953369140625,4.146575927734375,0.3894805908203125,0.3760703753221167,-0.6846017550187571,-2.7409825106686804e-06,0.0835112798781622,1.948910142186839,-3.38592529296875,4.93011474609375,8.3160400390625,0.44404891759985815,-1.0561895292205614,1.0259241921198392e-06,0.008738244192940848,0.010818110752311575,0.05731201171875,0.011269292056781717,-0.2840335587770105,0.5092055282358432,0
941.4512471655329,128.03427526991837,132.1476521735575,12.698412698412698,450.0,1047.142857142857,597.1428571428571,63.73139361240907,0.135996713218445,-2.889467771341069,7.619886715505249,64,3.901855232602074,0.02347021426164665,3.6869049072265625,4.0618896484375,0.3749847412109375,0.1424404243028516,0.5071107330917171,-1.7090035575811992e-06,0.07852979387555803,2.050709496313642,-3.80096435546875,4.93011474609375,8.7310791015625,0.4539178180136998,-0.9660717722605274,1.9270356453963152e-06,0.0088553466796875,0.011069109193734824,0.0644989013671875,0.011498500484067782,-0.36784436042419466,0.6947608097413709,0
943.1746031746031,101.4282343082911,101.23301717145097,11.11111111111111,450.0,1027.142857142857,577.1428571428571,63.61494446314372,0.10753919154194445,-3.4413313183186114,13.044963501676133,64,3.86241576785133,0.026788713778279606,3.633880615234375,4.022216796875,0.388336181640625,0.06812479477282932,-0.39181336340504247,-2.0157895473737543e-06,0.028924306233723957,3.3010095686628667,-12.16888427734375,13.861083984375,26.02996826171875,0.0018015779049332695,4.652203575129036,1.447628269824661e-06,0.00873470960344587,0.010945776515532845,0.0644989013671875,0.011385541486891684,-0.3957019423310211,0.8058016121839908,0
974.496487119438,50.45715138776199,42.4504513088675,13.114754098360656,824.2857142857143,1062.857142857143,238.57142857142856,61.57025786450698,0.05177766370088286,-1.0112187930491936,1.1723311328395338,62,3.819794800167992,0.025589185148719034,3.633880615234375,3.9699554443359375,0.3360748291015625,0.04553699594799621,-0.32282065128938164,-1.9152211800071414e-06,0.036759076799665176,3.243587948691508,-12.16888427734375,13.861083984375,26.02996826171875,-0.026156494677610494,5.142049521340091,2.7496258537772073e-06,0.008329453604561943,0.010363558884253735,0.06280517578125,0.010828962067532866,-0.41344272049323055,0.7474415403257533,0
994.9878934624697,43.842879179476476,34.26004786427201,13.559322033898304,888.5714285714286,1087.142857142857,198.57142857142856,60.30224125763512,0.04406373129516897,-0.04787269836080452,-0.5117603581107475,60,3.7848037265595935,0.019904936609996336,3.665924072265625,3.9218902587890625,0.2559661865234375,0.46910027952575345,0.7275550971521261,-1.3638458330428305e-06,0.08091655912853422,1.9720325418568678,-4.41131591796875,4.92095947265625,9.332275390625,0.39294405201079213,-0.9427874588736689,1.9868661904731767e-06,0.008102359226771763,0.010033461812128318,0.06280517578125,0.010510847377303902,-0.41690111117024425,0.7553623170276178,0
969.6721311475411,105.53640120878627,98.70436170913705,21.311475409836063,457.1428571428571,1087.142857142857,630.0,61.87658495350802,0.10883720158471617,-2.9575005248594413,10.983667364243214,62,3.7604166666666665,0.016417384865300328,3.5186767578125,3.89251708984375,0.37384033203125,0.15049659102575733,3.8957410965990453,-1.0134292189988437e-06,0.06075087047758557,2.1480393850706547,-4.71649169921875,7.90557861328125,12.6220703125,0.7519288584936398,0.42544608134826634,1.2658545591154976e-06,0.008957498822893414,0.011310059913301538,0.0908660888671875,0.011743128799581535,-0.4053735825846328,1.2189541943130262,0
976.8384074941451,105.5594520129481,97.47823758522253,19.672131147540984,457.1428571428571,1072.857142857143,615.7142857142858,61.4226463043322,0.1080623480845073,-3.1454902902143234,11.784449158454166,62,3.74141899290539,0.016660178400499315,3.5186767578125,3.88336181640625,0.36468505859375,0.1945286069159344,3.819718077968883,-8.45630689512523e-07,0.049687376476469494,2.203816397201169,-4.71649169921875,7.90557861328125,12.6220703125,0.7580330097754099,0.18264709412229196,4.8579529477476815e-06,0.009458989824567523,0.011884938633915989,0.0908660888671875,0.012298332642478801,-0.370377669910539,0.9548441401916494,0
998.0629539951574,38.29807425065262,29.992961876735976,11.864406779661017,914.2857142857142,1070.0,155.71428571428578,60.11644832605531,0.0383724033612798,-0.1492828836542373,-0.6635297391011252,60,3.7396613620576407,0.014719035617552273,3.51409912109375,3.885650634765625,0.371551513671875,0.04839563974939094,7.07029805867699,5.414943174499882e-07,0.05680883498418899,2.041363931038668,-3.96881103515625,4.61883544921875,8.587646484375,0.4852819954052779,-1.099018131951193,2.7352814472704187e-06,0.008891820635114397,0.010984943463163288,0.0781402587890625,0.01143434823643527,-0.32096248798596694,0.586551968612957,0
949.0249433106576,73.4440481483088,45.17102312126936,9.523809523809524,705.7142857142858,1087.142857142857,381.42857142857133,63.22278505208831,0.07738895449059587,-0.6542605394839321,0.5654338766155291,64,3.7472339993431456,0.012539102306951416,3.51409912109375,3.89556884765625,0.3814697265625,0.6498978329693786,13.710520690855745,1.8973112225421576e-08,0.026549130394345238,2.2684277121703462,-5.694580078125,6.87103271484375,12.56561279296875,0.5064865141907697,-0.25033129225259554,6.301464080675705e-07,0.009488674708775112,0.012010528993855553,0.0963592529296875,0.012428376771276742,-0.385821908671344,1.2670159922989264,0
888.2302771855009,130.9186570511316,111.41441801555116,13.432835820895523,412.8571428571429,1087.142857142857,674.2857142857142,67.5500504104854,0.1473926980579498,-2.0380887879260863,5.071261897853207,68,3.7414428983415875,0.013755255662407508,3.5541534423828125,3.89556884765625,0.3414154052734375,0.8126443618792438,6.908336927926136,-4.687123815364481e-07,0.028982761928013395,2.6960319754379896,-5.86090087890625,7.27081298828125,13.1317138671875,0.3696703351820264,-0.40318857694607324,-2.6274017111620384e-07,0.010390982491629465,0.013475371048091584,0.190338134765625,0.013836964994660859,-0.23965145311265787,3.9662127405755223,0
884.456289978678,152.318566242525,141.6944023196831,16.417910447761194,412.8571428571429,1042.857142857143,630.0,67.83828740869313,0.17221717790734126,-1.9332548595624304,3.0673618977572916,68,3.7263029825119744,0.015214359162183985,3.574371337890625,3.863525390625,0.289154052734375,0.12823220886767106,3.552823191921102,-7.953022007989134e-07,0.08210783458891369,2.472342448356847,-5.86090087890625,7.27081298828125,13.1317138671875,0.3264360327561635,-0.40499678271202466,3.0221964189356924e-07,0.01003252192905971,0.01286362666398983,0.190338134765625,0.013231828550717032,-0.16721854337521966,4.271711176068029,0
867.8467908902693,179.58752292495916,179.22761789301958,21.73913043478261,400.0,1055.7142857142856,655.7142857142856,69.13662714411812,0.20693459353664445,-1.4663246129208023,0.8757402813685613,70,3.7103136880057197,0.014119754453661346,3.4427642822265625,3.8425445556640625,0.3997802734375,0.5466614337566362,8.039216248425705,-6.587131452076045e-07,0.04658697219122024,2.419142230249209,-6.92901611328125,6.67572021484375,13.604736328125,0.3340460441183331,-0.2283100474203983,-5.882138244780199e-06,0.009519970485142299,0.01188530345320827,0.0656890869140625,0.012277760608142323,-0.2701477500827791,0.5468605290932755,0
833.118712273642,203.78501060347946,213.27181905883563,29.577464788732392,400.0,1055.7142857142856,655.7142857142856,72.01854803651644,0.24460500958781162,-1.0991997647745566,-0.3804084684392275,72,3.6991817383539107,0.013789383864568296,3.4427642822265625,3.842926025390625,0.4001617431640625,0.5796950736031061,9.17987694199546,-2.4015936625671375e-07,0.05822888328915551,2.4239514697312723,-6.92901611328125,6.67572021484375,13.604736328125,0.31419109477490276,-0.29370239858456015,4.8060838407150155e-06,0.009438114711216517,0.01188271454962941,0.1034088134765625,0.012279772507207649,-0.33251797612305434,1.073729178437687,0
840.0804828973843,186.62397344202807,175.0661682487685,28.169014084507044,404.2857142857143,1051.4285714285713,647.1428571428571,71.4217283004407,0.2221501120920865,-1.2901364794294707,0.35534004303915134,72,3.70414061773391,0.018257548342447097,3.5747528076171875,3.8692474365234375,0.29449462890625,0.44970037432295373,1.7004614727785912,8.716691144740239e-07,0.06501962570917039,4.345059126215198,-19.403076171875,21.41265869140625,40.81573486328125,-0.23509924698165283,9.36469537370173,-5.02479883261952e-06,0.010247850690569197,0.013575042325400098,0.1764678955078125,0.01392222139191123,-0.6219733486186596,4.4462751674387535,0
870.4621848739495,142.39788388006912,117.23370027968552,19.11764705882353,404.2857142857143,1005.7142857142858,601.4285714285716,68.92889897185887,0.16358882252959625,-2.1454067903822955,3.7850255072989887,69,3.708698299952916,0.014996982472845772,3.577423095703125,3.8692474365234375,0.2918243408203125,0.6782719980230412,4.861195565230311,-2.2187433508675752e-07,0.02954799107142857,4.480379715118825,-19.403076171875,21.41265869140625,40.81573486328125,-0.18404921211844977,7.984576638078586,1.6772905671261465e-06,0.010125236511230469,0.013328332509404506,0.1764678955078125,0.013676526178018256,-0.5789023439616816,4.454740114739638,0
928.0133928571429,88.3470722648704,87.39137827289757,6.25,472.8571428571429,1028.5714285714284,555.7142857142856,64.65423932651834,0.0952002125668357,-3.974165038217467,17.676448639137433,65,3.7019999004545667,0.011592993853216113,3.5350799560546875,3.8333892822265625,0.298309326171875,1.0912006328386896,15.430033243127117,-2.3114945653685251e-07,0.0942874000186012,2.6821155019330463,-7.598876953125,8.160400390625,15.75927734375,0.19154704454338523,-0.14768502437413078,1.920400153118981e-06,0.008739015851702009,0.010927234283440026,0.088531494140625,0.011338127050332117,-0.22667107530185615,0.9338902080486684,0
904.0476190476192,98.67695691714219,94.60037404382062,13.636363636363635,407.14285714285717,1050.0,642.8571428571429,66.36818540953384,0.10915017620542458,-2.4360457186933804,9.23497806007301,67,3.7086974371047248,0.01565027435940148,3.5350799560546875,3.84521484375,0.3101348876953125,0.5078643448847551,3.6254971783338386,6.97128666518431e-07,0.13119971865699404,2.603482203862304,-7.598876953125,8.160400390625,15.75927734375,0.1994503683205112,0.040278206430418795,9.108647411778447e-06,0.008349279131208148,0.010401263037433531,0.088531494140625,0.010834322376076806,-0.22365840885450694,1.1025182960142805,0
850.7959183673469,139.02296215612688,141.4012772457999,21.428571428571427,420.0,1050.0,630.0,70.522200100746,0.16340341926288032,-1.8414388950380036,3.0639672176350228,71,3.7122716358729773,0.013918086558855663,3.59649658203125,3.84521484375,0.24871826171875,0.6002100311019576,5.126252169967463,-3.0926914791770106e-07,-0.001151820591517857,2.7361110975370515,-7.56378173828125,10.39581298828125,17.9595947265625,0.511577909907694,1.0185020525404678,-4.4613302692955545e-07,0.010543380737304688,0.014528766976155323,0.1468963623046875,0.014848659562128785,-0.6475488874611682,5.285948739492342,0
867.784679089027,146.07363157118874,141.71677196924486,20.28985507246377,420.0,1042.857142857143,622.8571428571429,69.14157560719568,0.16832935069161653,-1.9193684720527693,2.997192652818997,70,3.711217398870559,0.014046867088488204,3.5945892333984375,3.8463592529296875,0.25177001953125,0.7058961260366156,5.389410853864986,4.725155796609948e-07,0.011005001976376489,2.9126436995937257,-7.56378173828125,10.39581298828125,17.9595947265625,0.36407480290523503,0.8067238203977265,1.4031267699894853e-05,0.012499823434012276,0.017360232551440147,0.1594390869140625,0.017627801291662196,-0.7103919578338249,4.23102698421425,0
950.6122448979592,56.91207039607692,47.674353443966055,7.936507936507936,644.2857142857142,1042.857142857143,398.57142857142867,63.117217689995705,0.05986885893962579,-2.4352792471086055,11.060205126582375,64,3.719860585530599,0.014066558701174743,3.5015106201171875,3.917694091796875,0.4161834716796875,0.16697157929159376,7.96336372641886,5.475033764102443e-07,0.10028094337100074,2.421594742807481,-7.147216796875,6.51397705078125,13.66119384765625,0.2083202940614383,-0.21644048383104364,-1.3435115937983774e-06,0.010438420976911273,0.0142031885920877,0.1594390869140625,0.014538741694182754,-0.7513364660560624,5.209509516704047,0
960.4147465437788,50.514396162570705,46.459096432793686,4.838709677419355,672.8571428571428,1040.0,367.1428571428572,62.473009932344894,0.052596439553178075,-2.901109013167405,14.677381691949883,63,3.719168508620489,0.012706433224537808,3.5015106201171875,3.917694091796875,0.4161834716796875,0.7633858863980219,13.330145598761632,-4.17217383576196e-07,0.048155902680896576,2.0999916974993633,-3.62701416015625,4.69818115234375,8.3251953125,0.41975534931459757,-1.1801604065327684,6.875815684908035e-06,0.008600959777832031,0.010794831004525893,0.0866546630859375,0.01123948865717027,-0.4758752237503429,0.8726160284126108,0
957.5115207373271,53.06034889019893,43.79267741127247,11.29032258064516,727.1428571428571,1040.0,312.8571428571429,62.6624314178458,0.055414841222317684,-1.3480388325619497,4.096788049196459,63,3.708507928394136,0.01294705439069465,3.5907745361328125,3.8616180419921875,0.270843505859375,0.923528479752656,10.29661232946267,-5.519085726575881e-07,0.051678866431826634,2.1059348023821016,-4.18853759765625,4.85076904296875,9.039306640625,0.35790090612112135,-1.0040211376107449,4.601721436094375e-06,0.00823258536202567,0.010278754581100892,0.069122314453125,0.01073975592037246,-0.438550954924998,0.8009950137926185,0
951.2244897959183,64.25363631156326,50.851537515360356,12.698412698412698,660.0,1031.4285714285713,371.42857142857133,63.07659300579275,0.06754834111277837,-1.853120649872134,5.00163997230908,64,3.6958948771158853,0.013303121903320465,3.4027099609375,3.833770751953125,0.431060791015625,0.4536449867311402,14.17223086953847,-6.104745636010334e-07,-0.07751886276971726,2.538413534877384,-9.53216552734375,7.21588134765625,16.748046875,-0.30865065731410624,1.2999415599415416,-1.3474743067573718e-05,0.008918357849121093,0.011926122095381039,0.1566009521484375,0.012325680685070247,-0.5014952652621665,5.6405843017472215,0
968.0093676814988,81.75446461822959,38.782491315709215,14.754098360655737,821.4285714285714,1190.0,368.57142857142856,61.982871244012195,0.08445627423424792,0.4656709635548923,-0.11745799822616387,62,3.6986711047944567,0.015389272015045046,3.4027099609375,3.8360595703125,0.433349609375,0.25618242337908187,8.687703800376,6.762401891724524e-07,0.023154485793340774,2.533941470994669,-9.53216552734375,7.21588134765625,16.748046875,-0.29578103808045925,1.471206417688835,-2.4374710210520313e-08,0.009373411996023996,0.012366687128195226,0.1566009521484375,0.01275915644197951,-0.3915843218659881,4.7902611453805655,0
957.7419354838709,95.52445181458208,53.07852871710775,14.516129032258066,580.0,1190.0,610.0,62.6473560121253,0.09973923901152054,-0.46851025428837667,2.662512388038863,63,3.706629689534505,0.013786255770200479,3.4564971923828125,3.856658935546875,0.4001617431640625,0.614653334637165,9.643055443790002,1.1733560411381451e-08,0.13448133922758557,2.6271682415033193,-5.87005615234375,7.08160400390625,12.95166015625,0.3646619448174062,-0.13749086378480513,-1.8545676632450047e-05,0.008710257393973214,0.010822130379694357,0.0751190185546875,0.011260884717600266,-0.21006409573407406,0.8385494185992628,0
934.8526077097504,55.4275075771271,27.99887141523141,4.761904761904762,798.5714285714286,1055.7142857142856,257.142857142857,64.18124044922018,0.059290103188476134,-0.36600316702134844,0.09020803552955181,64,3.727636582510812,0.02683485278146194,3.5228729248046875,3.900146484375,0.3772735595703125,0.0273489196652934,-0.5491492732105012,1.8257251138476435e-06,0.004171026320684524,3.470418784569356,-10.833740234375,9.576416015625,20.41015625,-0.028964082346019493,0.5680969742146922,-1.163468948371355e-05,0.008028974260602678,0.009980860495629892,0.0751190185546875,0.010447180166193743,-0.2948891906735118,0.9546741050393672,0
803.976833976834,192.2021295195546,178.50722916412204,20.27027027027027,400.0,1022.8571428571429,622.8571428571429,74.629015991932,0.23906426329330377,-1.2105792560139543,-0.25260515828664554,75,5.952760423932757,0.1367632862352048,5.6339263916015625,6.280517578125,0.6465911865234375,0.3134093543330221,-0.9691024493241782,-1.0575706449929887e-05,0.048199826195126486,2.2868218727332748,-5.74188232421875,6.65740966796875,12.3992919921875,0.2527745126593504,-0.540973320808785,-3.2142052182104184e-06,0.006548917497907366,0.007825223830248331,0.0580902099609375,0.008594992659258222,-0.4335865851483537,1.4341385797064081,2
740.0705467372135,213.69122724480096,245.91405915440444,33.33333333333333,400.0,995.7142857142857,595.7142857142857,81.07335208045373,0.2887444017153666,-0.4517692591503461,-1.4841767251040499,82,5.8831940878005256,0.22747386552470322,5.4592132568359375,6.5937042236328125,1.134490966796875,1.0009346171457407,0.10155975635448256,5.323711892357391e-06,0.09389575776599703,2.481596134663622,-7.64007568359375,9.075927734375,16.71600341796875,0.46955488991419275,1.4823852122521046,8.730298444471799e-06,0.006483426775251116,0.007668678564851662,0.052459716796875,0.00842814899685076,-0.38305996975069684,1.109522605857741,2
818.3757338551859,158.38069929198696,165.94674445575865,17.80821917808219,401.4285714285714,995.7142857142857,594.2857142857142,73.31595686171357,0.19353054195032243,-1.3454655342919755,0.8813221187887001,74,5.937451544262114,0.23058583719171208,5.4592132568359375,6.5937042236328125,1.134490966796875,0.36777779561677604,-0.6664673254804794,6.629836581281436e-06,-0.04645654587518601,2.7768133044858305,-7.64007568359375,9.075927734375,16.71600341796875,0.3755452483570311,0.8492708945182641,-1.848417705030432e-05,0.007335636683872768,0.00957845502473833,0.0983734130859375,0.010187000280816275,-0.02654074571425233,6.520722817051126,2
851.0000000000001,132.96930749121722,138.6444067292387,11.428571428571429,422.8571428571429,1030.0,607.1428571428571,70.50528789659224,0.1562506551013128,-2.1375445517669305,4.181770803106715,71,5.897799373808361,0.11334525667331319,5.5896759033203125,6.1946868896484375,0.605010986328125,0.24490724334866096,-1.0453387858261367,-6.348380792692632e-06,-0.002272614978608631,2.3726634297935987,-6.4483642578125,6.903076171875,13.3514404296875,0.01749424700855153,0.14041749477917698,7.06460506764318e-06,0.007876917157854353,0.011606175618777984,0.1800384521484375,0.012115569249211805,-0.4628138743106817,20.341524211933805,2
843.1991951710261,175.69546688722966,196.144618509564,21.12676056338028,412.8571428571429,1030.0,617.1428571428571,71.15756317560313,0.2083676880782522,-1.5474449497116995,0.8506819348733252,72,5.795618148077102,0.0966672197504446,5.53436279296875,6.145477294921875,0.611114501953125,0.6994295116958401,-0.2519152549626624,-3.656233969222346e-06,0.14946398053850446,2.156753060325039,-5.46417236328125,5.65338134765625,11.1175537109375,0.29343787000568305,-0.6454512792097566,-1.7690696514533276e-05,0.006887510027204241,0.009965349879985708,0.1800384521484375,0.010543819459824182,-0.8664216719815238,33.13653810798766,2
830.2380952380953,184.90406288574442,206.69979675541418,27.77777777777778,410.0,1020.0,610.0,72.26842558072842,0.22271209180387913,-1.4612561191186224,0.3767092310537672,73,5.6947500501360215,0.0995890359128971,5.3211212158203125,6.145477294921875,0.8243560791015625,1.096041935068025,1.644045772201836,-5.087883242854935e-06,0.04454298473539806,2.044041415050147,-4.01611328125,5.65338134765625,9.66949462890625,0.4915999234920483,-0.8614318809034529,-2.5798513533991263e-06,0.006093851361955915,0.0072038719848452155,0.0497589111328125,0.00796795341235237,-0.4120343265935922,1.0940243976583082,2
846.5714285714286,150.57603679584233,157.72712763152148,18.571428571428573,410.0,971.4285714285714,561.4285714285714,70.87411407357408,0.17786572014358695,-2.138864615579633,3.0189178649885404,71,5.536652474176316,0.10964141266029359,5.2783966064453125,5.8422088623046875,0.563812255859375,-0.10290058810391578,-0.9930061388729667,-8.800076264425932e-06,0.06204310825892857,1.7966231668446304,-4.01611328125,4.09698486328125,8.11309814453125,0.3748489232784715,-1.0366817786623461,-3.609793324195253e-06,0.006064958844866072,0.007198532836511983,0.0453643798828125,0.007945515103576205,-0.3934473842473325,1.1241386120008947,2
877.5,63.98171585684142,40.603879031257755,7.352941176470589,628.5714285714286,1017.1428571428571,388.57142857142856,68.37606837606837,0.07291363630409278,-0.8181375391761893,2.697464453827391,69,5.4717513311476935,0.10581675870712982,5.2280426025390625,5.9856414794921875,0.757598876953125,1.5687927915918891,3.161399122373239,-4.5681696294533904e-07,0.09423170543852306,2.1870300069790103,-7.71636962890625,7.2784423828125,14.99481201171875,-0.009477917117735282,1.2332360380082266,1.5798565861470703e-06,0.006265422276088169,0.007525355871134324,0.0604705810546875,0.008239686505541216,-0.396797132699051,1.3483107606948241,2
881.6417910447761,70.32202753032531,29.90192172246378,8.955223880597014,741.4285714285714,1017.1428571428571,275.71428571428567,68.0548501777552,0.07976258412953777,0.11732986673960814,-0.7227688192348589,68,5.42847968510219,0.1281097182286802,5.1685333251953125,5.9856414794921875,0.817108154296875,1.2887968877079394,1.8590815182025775,-6.729912494863444e-06,0.08650799705868675,2.4113965263931467,-7.71636962890625,7.2784423828125,14.99481201171875,0.029187224834784233,0.4665076721385053,2.017068262999628e-06,0.0061522881644112725,0.007395760733290169,0.0604705810546875,0.008124025022183182,-0.45041473146111494,1.6138377682806064,2
893.6247334754796,131.88442506709902,148.84590031578406,17.91044776119403,411.42857142857144,1147.1428571428573,735.7142857142859,67.14227768366301,0.1475836781667568,-1.3385448134081683,3.658845373258952,68,5.388635453723726,0.07950144925141532,5.1685333251953125,5.6888580322265625,0.52032470703125,0.6198726971046932,0.19438248444869588,1.9595872001650134e-06,0.019147564115978424,2.0696104798258688,-4.85992431640625,5.02777099609375,9.8876953125,0.2775327853483636,-0.717946149105769,2.197149538223607e-06,0.005794180733816964,0.006858779988971486,0.0542449951171875,0.007635106543566388,-0.4791716309849294,1.469914172649771,2
910.7912087912089,124.4633139998282,150.7755249653319,12.307692307692308,411.42857142857144,1147.1428571428573,735.7142857142859,65.87678868753167,0.13665405726194307,-1.784223980653159,5.665329602985922,66,5.382781909760975,0.08760459603114532,5.1700592041015625,5.6888580322265625,0.518798828125,0.502655884706752,-0.23305155116905407,-4.398871327364363e-06,0.38176026117234,2.962262281197266,-11.18011474609375,17.86651611328125,29.046630859375,2.780463831308164,12.873724096628225,5.1370979622545305e-05,0.005860045296805246,0.006977856102474805,0.04559326171875,0.00774109961485466,-0.4270581814954788,1.35945511551828,2
603.0591630591631,27.959544721677766,15.6045732785402,1.0101010101010102,497.14285714285717,670.0,172.85714285714283,99.49272588055129,0.046362855312315016,0.0937184133324283,1.1320155354710817,100,9.718260628836495,0.11824586388683829,9.521102905273438,10.182952880859375,0.6618499755859375,1.382505555416248,1.4222332411682865,5.949102522129872e-06,0.5067464556012835,7.636421623513439,-13.3392333984375,23.61602783203125,36.95526123046875,1.000747573253604,0.379369260876,-1.855349148454215e-05,0.010232724870954241,0.012955664718689494,0.10894775390625,0.013570730848214689,-0.42689140366991696,1.6795240612053615,1
609.0379008746357,43.148077373347846,19.928337845242947,2.0408163265306123,472.8571428571429,757.1428571428571,284.2857142857142,98.51603638104353,0.07084629267141362,1.1683538324122877,2.851409673750772,99,9.862253897530692,0.19955891456200708,9.569931030273438,10.623550415039062,1.053619384765625,1.4680934738356786,2.220873622453772,6.359337161796198e-06,-0.04868378412155878,6.49745682715794,-11.077880859375,20.98236083984375,32.06024169921875,1.0332600149696367,0.8344363116769062,5.262548205742629e-05,0.010385276794433594,0.013161382678286015,0.10894775390625,0.013758874930425226,-0.41229612348506284,1.4977029557798103,1
642.9953917050692,64.79320576684928,62.56283443064619,4.301075268817205,402.85714285714283,830.0,427.14285714285717,93.31326596430874,0.10076776070670317,-0.2860634216241821,3.0570112836623142,94,9.86656977335612,0.20799083389156459,9.463119506835938,10.623550415039062,1.160430908203125,1.376114491416218,1.7334031728816388,-7.632466684966116e-06,-0.11563629876999627,5.4062099790542595,-10.79254150390625,20.98236083984375,31.77490234375,1.127002488207276,1.766155352375952,2.1399387352843617e-05,0.010648068019321987,0.013497819239298464,0.0845489501953125,0.014078699522745002,-0.38699283968274845,1.3374114763574925,1
651.7546583850932,59.34801906875677,63.805110869999986,4.3478260869565215,402.85714285714283,830.0,427.14285714285717,92.05918090200844,0.09105883372710875,-0.6785303334502265,5.559886927767069,93,9.889604105268205,0.2918244345694691,9.3963623046875,11.046600341796875,1.650238037109375,1.5610007879209908,2.2736526998680997,1.1588340100101883e-06,-0.18665568033854166,5.290297332286564,-10.028076171875,20.76873779296875,30.79681396484375,1.1162397075891979,1.310052865652656,3.3616117582356926e-06,0.010766015189034599,0.013639598784687668,0.0847320556640625,0.014212090253924375,-0.38607371365487064,1.3187850042878324,1
636.5805471124621,45.60740644439084,27.68042335611179,2.127659574468085,438.57142857142856,737.1428571428571,298.57142857142856,94.25358703177595,0.07164436087666619,-0.30961365426983695,2.8427892458625594,95,9.780802726745605,0.3796242351129458,9.194183349609375,11.046600341796875,1.8524169921875,0.8824131479435208,0.38039762327926097,-2.361214577336195e-05,0.012711370558965774,6.959570757541583,-11.54937744140625,27.25067138671875,38.800048828125,1.3730751259325817,1.8314958597965578,-1.3880508558000497e-05,0.011423553466796875,0.014559576117864015,0.1409454345703125,0.015110857426778979,-0.4262873059107905,1.5326714421591774,1
641.2903225806451,45.644178440463726,18.46241295451188,1.0752688172043012,567.1428571428572,754.2857142857143,187.1428571428571,93.56136820925553,0.0711755297612865,0.6347387490269588,-0.4788384991892345,94,9.421594047546387,0.2540806599492708,9.064102172851562,10.405731201171875,1.3416290283203125,1.604815869438705,2.407777225772471,-1.5252882934377443e-05,0.09149562290736607,7.490744020171753,-17.7459716796875,27.25067138671875,44.99664306640625,1.236970581756519,2.0114858596059983,-2.8129517037657013e-05,0.011458532060895647,0.014766520970380722,0.1409454345703125,0.015322253857433299,-0.5226658584398085,1.73776675663846,1
650.1708074534162,60.93104980334513,18.83581877895897,1.0869565217391304,567.1428571428572,795.7142857142857,228.57142857142844,92.28344200042989,0.09371545000920509,0.6469261440689573,-0.5884750784723471,93,9.309404745556058,0.23774440775254183,8.969497680664062,10.272979736328125,1.3034820556640625,1.6021725189257858,2.393482012823249,2.97306730320353e-06,0.045942796979631696,6.510543970617513,-17.7459716796875,26.26800537109375,44.01397705078125,0.8821635874315225,2.1560978556504526,-1.9019328622506162e-05,0.01046523175920759,0.01357463021166262,0.0998382568359375,0.01418288335765135,-0.5893995397190502,2.0962748656723065,1
660.4285714285714,58.40295165404537,16.139724692174525,0.0,568.5714285714287,795.7142857142857,227.142857142857,90.85009733939,0.08843189737796184,0.49053895925371505,-0.7229101584751896,91,9.185721451895578,0.3045455083112146,8.538436889648438,10.272979736328125,1.7345428466796875,1.2435952700596535,1.1179582525291485,-1.196723908709475e-05,0.2508551098051525,6.7406245513522345,-14.95208740234375,29.43878173828125,44.390869140625,0.913667698809471,2.295143619623077,9.620020939627361e-06,0.009808768136160714,0.012519128674921626,0.0998382568359375,0.013196747220231538,-0.47701896895769513,2.0994002140192984,1
678.3603896103897,64.98235088375009,56.39223747619997,11.363636363636363,438.57142857142856,810.0,371.42857142857144,88.44856055711105,0.09579325662141347,-0.25427648974634975,0.8231665058539543,89,8.954945936657133,0.1638556089428674,8.538436889648438,9.575271606445312,1.036834716796875,1.4693370122336653,2.1116871358622964,-6.9102578577050216e-06,0.1211334955124628,6.74037871448488,-14.95208740234375,29.43878173828125,44.390869140625,0.9850404999691247,2.211558467535977,-8.56505126375942e-06,0.010154146466936385,0.013217634438710383,0.1798553466796875,0.013862111700875361,-0.48812060959863773,5.984643458721305,1
704.4705882352941,65.75803740294681,57.210631576686026,12.941176470588237,405.71428571428567,821.4285714285714,415.7142857142858,85.17034068136272,0.09334390746911288,-1.1331984429243325,3.6775923248946976,86,8.989035679045177,0.18005403345323892,8.560562133789062,9.79156494140625,1.2310028076171875,1.7172192163102349,4.368259445661323,1.05790933142256e-05,-0.07758160545712425,4.881663265584109,-10.6414794921875,15.924072265625,26.5655517578125,0.5141151069344817,0.3259104092985874,1.4220132153450209e-05,0.009522315979003906,0.01244561022235078,0.1798553466796875,0.013117031150567228,-0.5202119632257489,7.566956721392989,1
692.9900332225914,50.86700971280669,29.01256092585745,1.1627906976744187,502.8571428571429,821.4285714285714,318.57142857142856,86.58133179922336,0.07340222409298056,-0.3518286705854219,1.5253892566629466,87,9.187143207731701,0.17856195109937767,8.852386474609375,9.79156494140625,0.939178466796875,0.47962369487113876,-0.0651994724046201,1.1161692417153127e-05,0.1655519757952009,4.459031552816845,-11.480712890625,15.91644287109375,27.39715576171875,0.2924125778737685,0.44231565412452145,1.0993623590105859e-05,0.009057746887207032,0.011454593545738353,0.1183319091796875,0.012180292301244901,-0.42811118362633926,2.770316412457354,1
658.1789638932496,37.97348370424136,11.557801107473225,0.0,594.2857142857143,742.8571428571429,148.57142857142856,91.16061632399943,0.05769476964079985,0.37748987448210375,-0.8250568313418296,92,9.44117800394694,0.1960476219602756,9.03472900390625,10.101699829101562,1.0669708251953125,0.0636171415197304,-0.721761857279454,1.5409926137463487e-05,0.17338275001162573,4.7738758762008375,-11.480712890625,15.91644287109375,27.39715576171875,0.39723028252488635,0.438567262900579,1.3631670468553837e-05,0.009519573756626674,0.011993056818332168,0.1183319091796875,0.01267113129215184,-0.39977522952740285,2.148024332760375,1
663.047619047619,66.50463302020339,70.44784182495646,4.444444444444445,414.28571428571433,834.2857142857143,420.0,90.49123814995691,0.10030144307844521,-0.8348077518250762,4.483572420055269,91,9.754090917678106,0.2059495215151549,9.367752075195312,10.503387451171875,1.1356353759765625,0.7056017396614417,0.5561091760647559,1.401646253727349e-05,-0.1505177452450707,4.543891938177717,-10.02044677734375,11.46087646484375,21.4813232421875,0.33395870246688725,-0.3636546325489074,4.254834533350231e-06,0.009501960754394531,0.011760574569042661,0.07562255859375,0.01242295687318424,-0.361869979355744,1.0283933773033658,1
699.6638655462186,70.85810756283634,71.30755053883422,4.705882352941177,414.28571428571433,834.2857142857143,420.0,85.75546480903193,0.10127449915899019,-1.7214917544176038,5.763926203301594,86,10.032591002328056,0.25521219039854115,9.642410278320312,11.113739013671875,1.4713287353515625,1.7366397265870472,3.8224829422243234,8.499786911189428e-06,0.027455030168805804,4.269257525845386,-7.62786865234375,11.99493408203125,19.622802734375,0.44964465828225836,-0.45433653954879105,2.7181753470800766e-05,0.009674610682896205,0.012087550593476536,0.0981903076171875,0.012723224243719463,-0.3327354609713976,1.5018769991412029,1
711.3265306122448,51.36843882201374,50.178192432769194,4.761904761904762,418.5714285714286,821.4285714285714,402.85714285714283,84.34944771194951,0.07221499074103209,-2.340036342846722,11.426014738440747,85,10.206055732000442,0.26352150648061345,9.773635864257812,11.113739013671875,1.3401031494140625,1.2256004129161948,0.9988387623850721,2.935811315698775e-07,0.14340431576683407,4.649152700041147,-7.62786865234375,12.46185302734375,20.0897216796875,0.6055540457716353,-0.2924439874892424,-1.815563061874993e-05,0.00915967777797154,0.011462272875935653,0.0981903076171875,0.01213366930505854,-0.30336718318003786,2.1759319357177187,1
705.8843537414966,38.165796537735254,37.46320217344966,3.571428571428571,555.7142857142857,821.4285714285714,265.7142857142858,84.99975907097769,0.054068058507657515,-0.43105099151216897,2.109941772698984,85,10.094716989426386,0.31345235931068577,9.495925903320312,11.060714721679688,1.564788818359375,0.41594145526297116,-0.12404006077196428,-1.3843019433140789e-05,-0.10551191057477678,5.543964624605639,-8.23211669921875,19.66400146484375,27.8961181640625,1.1170812245667223,0.8302654441530124,1.178402346829667e-07,0.008788116455078125,0.010980148326016022,0.1250152587890625,0.011684579955133414,-0.364553136935028,3.370404997324645,1
702.4537815126049,47.308652571692875,21.84960520955495,1.1764705882352942,501.42857142857144,798.5714285714286,297.1428571428571,85.41487223657768,0.06734770858492982,-0.5206428414085655,2.30185931187404,86,9.821385883149647,0.2648414773608015,9.427261352539062,10.904693603515625,1.4774322509765625,1.5457583654605511,2.363709468190465,-7.626415414193178e-06,0.06466558547247024,5.833392440308821,-8.23211669921875,19.66400146484375,27.8961181640625,1.1209572803288301,0.6507440049863407,4.993762707117453e-08,0.008876985822405134,0.01106611475987459,0.1250152587890625,0.011778485801805468,-0.3619360420975158,3.1919622706973874,1
687.3089700996677,49.08436341715124,17.810527391247618,0.0,601.4285714285714,798.5714285714286,197.1428571428571,87.2969837587007,0.07141528126722024,0.27355945244199936,-0.6863209321765207,87,9.701657313392277,0.22291139166941895,9.295272827148438,10.649490356445312,1.354217529296875,1.8391383118051707,4.583469327928299,-4.595098773341707e-07,0.059747205461774554,6.064435665205448,-12.77618408203125,19.219970703125,31.99615478515625,0.8332549946458324,0.27360621129135154,-2.2423047762237313e-05,0.008654993329729353,0.010723545693984239,0.132476806640625,0.011469560315991442,-0.37951571442463483,3.3848343201481876,1
672.6645264847511,61.10958689303859,62.44385233053411,3.3707865168539324,400.0,800.0,400.0,89.19750876941801,0.09084704854645535,-1.6970470912975437,6.288380629982241,90,9.599966821216402,0.23523171158159947,9.28802490234375,10.649490356445312,1.3614654541015625,1.7357655100555396,4.292660477550286,-8.475409036089124e-06,0.09586425054640997,6.680151526771185,-13.72222900390625,20.72906494140625,34.4512939453125,0.6264788086492196,0.3070713198541779,-6.147780749040674e-07,0.008425706045968193,0.010441523804449935,0.132476806640625,0.011212289375405892,-0.3867730586714862,3.538213305835211,1
670.4012841091493,54.85926158129451,61.625891180752035,3.3707865168539324,400.0,800.0,400.0,89.49863525355552,0.08183048404239449,-2.2314579038966906,10.71404907108985,90,9.4998351869129,0.15846206378701355,9.120559692382812,10.187149047851562,1.06658935546875,1.7950989549745922,3.300412347184153,1.0008746289719586e-07,0.020562308175223216,7.245694045564213,-13.72222900390625,22.59674072265625,36.3189697265625,0.6387182718983537,0.17312694523385064,-2.658886499012271e-05,0.008358583722795758,0.010193452459836834,0.0752105712890625,0.010988532026941635,-0.26823740216142805,1.5735526495677705,1
704.3865546218487,213.39318755830195,229.6191971603584,40.0,402.85714285714283,967.1428571428572,564.2857142857144,85.18050153897545,0.30294897902028023,-0.2941588652044832,-1.7205301249620135,86,9.272868864876884,0.16900635604678713,8.90045166015625,9.592819213867188,0.6923675537109375,-0.3434670690512018,-1.05847754657304,-1.377029987719738e-05,0.03069210960751488,2.538746051103902,-6.48345947265625,5.34515380859375,11.82861328125,-0.06547229767135032,-0.7362208005473287,-6.1760488477796105e-06,0.014174610682896206,0.019441577632966483,0.24984741210937497,0.019853936594266923,-0.0492967271617703,7.5991636775762625,0
780.9586466165414,170.86363495063625,142.79236626635745,17.105263157894736,404.2857142857143,967.1428571428572,562.8571428571429,76.82865188822298,0.21878704549964734,-1.3418097547188237,0.27416292192267555,77,8.926271365937733,0.23382514316692546,8.24737548828125,9.410858154296875,1.163482666015625,-0.06583756941075854,-1.255829107145164,-1.9253222022484016e-05,0.06410050165085565,2.5790624540880103,-7.73162841796875,5.62896728515625,13.360595703125,-0.1697123780659539,-0.4065484581588441,-2.7970200302711375e-06,0.01537708500453404,0.020894117920043337,0.24984741210937497,0.021291474125523683,0.10319659787580088,5.540373944434073,0
791.3714285714285,146.8681559702281,146.5941713560446,17.333333333333336,404.2857142857143,950.0,545.7142857142858,75.81774857390425,0.18558688204772847,-1.7728677400847805,1.8643027012002475,76,8.534622019813174,0.21788160457156303,8.154678344726562,8.962249755859375,0.8075714111328125,0.154767354803394,-1.15753353461975,-1.790997426866317e-05,0.12426499866303943,2.65295231334247,-7.73162841796875,5.98297119140625,13.714599609375,-0.008629209661004214,-0.400514634393371,1.2669182929476373e-06,0.01615155247279576,0.021567171636630734,0.2171173095703125,0.02195243883754506,0.18948009154603512,3.155297196832853,0
817.6908023483367,164.02960214387903,195.11625117842672,34.24657534246575,407.14285714285717,1014.2857142857142,607.1428571428571,73.37736932797242,0.20060101162052982,-1.4966431594552978,1.0553178439645148,74,8.183964665730795,0.18725058101503872,7.85064697265625,8.568572998046875,0.717926025390625,0.05954140572687946,-1.1790722426732951,-1.5404625904028398e-05,0.03964622134254092,2.190888934725153,-5.10711669921875,5.98297119140625,11.090087890625,0.36242653175001166,-0.509852346944232,-1.9648603614203826e-06,0.014529665265764508,0.019220885641514196,0.2171173095703125,0.01964441409465653,0.12221345444167565,3.7244990375579805,0
886.5458422174839,109.15150538240543,121.16230036732972,23.88059701492537,402.85714285714283,1030.0,627.1428571428571,67.67839534380337,0.1231199788940286,-2.9023928309885325,9.435695336604578,68,7.8771526245843795,0.16603512974373655,7.5855255126953125,8.220672607421875,0.6351470947265625,0.11507395553420699,-1.2684882696145017,-1.3651402499384232e-05,-0.004225630987258184,1.8342488717683938,-4.2022705078125,4.45404052734375,8.65631103515625,0.09706044725224731,-0.835632610800698,4.005661117432127e-06,0.01423084477015904,0.018294706941963796,0.1199798583984375,0.01872901911453591,0.1273149621784547,1.614339476974191,0
854.1836734693876,105.1788207761353,122.64341754653944,20.0,402.85714285714283,1010.0,607.1428571428571,70.24250388245133,0.12313372877865561,-2.6346603868641445,8.044669871324887,71,7.611161259242467,0.14149102296852642,7.331085205078125,7.9242706298828125,0.5931854248046875,0.06342683059011556,-1.0751828578939004,-1.1635138413401549e-05,0.09895539056687128,2.158711694509973,-4.98809814453125,4.50897216796875,9.4970703125,0.1421126776902833,-0.9814207447812202,3.2683961770038124e-06,0.012423380170549666,0.016281904175596686,0.1111907958984375,0.01675802372032141,0.19068013812241733,2.399022644831218,0
843.0181086519115,146.95756129911166,166.3161133585144,22.535211267605636,408.5714285714286,1010.0,601.4285714285713,71.1728483459831,0.17432313706061983,-1.7868698217001997,2.3706570925243815,72,7.387149047851563,0.11870952478928946,6.972503662109375,7.6602935791015625,0.6877899169921875,0.211734996970728,-1.228722428985399,-9.722435568169002e-06,0.05424092610677083,2.1639649652153032,-4.98809814453125,4.50897216796875,9.4970703125,0.2113722811719571,-1.029767308401223,-3.4340016094430858e-06,0.011019719805036273,0.014228757856419789,0.1631927490234375,0.014763793644886754,0.42575928084122744,3.6658608765886003,0
877.0168067226892,135.19243660653987,144.64710173034484,25.0,414.28571428571433,995.7142857142857,581.4285714285713,68.41374023858572,0.15415033733702144,-2.4704585135644037,5.116495873979481,69,7.213298625037783,0.08532815790437266,6.9477081298828125,7.4230194091796875,0.475311279296875,0.13406309411318273,-1.1341685792532863,-6.967378596834333e-06,0.030269659133184523,2.1111907437637916,-5.50689697265625,5.35736083984375,10.8642578125,0.04694366075464585,-0.7714592799053008,7.023465833823995e-06,0.012027815682547432,0.015344859351102916,0.1631927490234375,0.015826567021832178,0.44741109188951156,2.6540635892654274,0
877.5210084033613,89.89977667804428,98.00461239744132,25.0,418.5714285714286,984.2857142857143,565.7142857142858,68.37443141010294,0.10244743523760852,-2.6265342981969186,9.44049929125063,69,7.082375117710659,0.07049627277010583,6.9240570068359375,7.3089599609375,0.3849029541015625,0.2895494184934085,-0.8824651263815237,-5.7251033571354e-06,0.07978613717215402,2.107878564303415,-5.50689697265625,5.35736083984375,10.8642578125,0.023350781069397003,-0.7778192260753594,7.011961686057569e-08,0.010964760916573661,0.013881874132215073,0.0863800048828125,0.014399973430615241,0.2315921812891135,1.8578699127371623,0
853.5306122448981,157.79451549784454,192.17600751534286,31.428571428571427,405.71428571428567,1001.4285714285713,595.7142857142857,70.2962484757191,0.18487270782570311,-1.71458821412993,1.8854080530051274,71,6.970143181937082,0.059695374375487616,6.6211700439453125,7.1441650390625,0.5229949951171875,0.14106749308264008,-1.2458602202262858,-4.857429341127535e-06,0.050244140625,1.646349831740252,-3.37677001953125,3.68804931640625,7.0648193359375,0.23348639801789536,-1.1546654193097168,2.476617836633891e-06,0.010593287876674106,0.01340021225380193,0.0863800048828125,0.01392753940294837,0.1898200091667092,1.9936443134017345,0
856.1836734693878,157.45233374289148,192.56637846558388,34.285714285714285,405.71428571428567,1001.4285714285713,595.7142857142857,70.07842109026767,0.1839001824279952,-1.7619743779752763,2.044423348807415,71,6.879772031874884,0.0449968574501213,6.6211700439453125,7.02056884765625,0.3993988037109375,-0.10248927080888783,-0.9181227853731149,-3.629122560127978e-06,0.019704400925409225,1.7955205322944903,-4.498291015625,4.08477783203125,8.58306884765625,0.06701110236058609,-0.9184167918013899,-1.5461464221205435e-06,0.012205224173409598,0.016248903291009992,0.1329803466796875,0.016682107597255,0.5155498458040202,4.3565605563514,0
891.3646055437099,97.89606180949343,86.01210885399473,20.8955223880597,437.14285714285717,1018.5714285714284,581.4285714285713,67.31252242554719,0.10982718093207135,-2.8889989223407473,10.9999631960111,68,6.796960322062175,0.05220070596357132,6.61773681640625,6.9545745849609375,0.3368377685546875,-0.0207253028662908,-1.334137807814846,-4.225561023076159e-06,0.09410756429036458,2.1474290814707917,-4.77447509765625,4.08477783203125,8.8592529296875,-0.015674571092992848,-1.1629158025213369,7.131933194450906e-06,0.011399966648646764,0.015516556157714178,0.1652069091796875,0.015963391924319375,0.5420750376473521,6.318377176059425,0
901.1904761904763,95.92358821653188,83.89984310753738,21.21212121212121,437.14285714285717,1018.5714285714284,581.4285714285713,66.5785997357992,0.10644096975150169,-3.353540014197216,13.614416805114981,67,6.70614078158424,0.05199927131055676,6.5090179443359375,6.8996429443359375,0.390625,0.10972871685419802,-1.2430928637267693,-4.206249434597228e-06,0.04697785150437128,2.168751881512199,-4.77447509765625,4.449462890625,9.22393798828125,0.11439690577818773,-1.1456995635548897,-7.744752792903254e-06,0.009327734810965401,0.01169777749508149,0.1652069091796875,0.012283826380120433,0.05060976085939609,5.158035973878217,0
896.4718614718613,84.16317297021133,97.55954587917427,21.21212121212121,407.14285714285717,1010.0,602.8571428571429,66.92903880049256,0.0938826711549307,-3.4889062824733115,16.61066168724895,67,6.63132610321045,0.03617684576638569,6.5090179443359375,6.7962646484375,0.2872467041015625,0.33208821843645897,-0.7330369610305927,-2.859026361491166e-06,0.007254282633463542,2.0095315220598504,-4.32586669921875,4.449462890625,8.77532958984375,0.16429963331863862,-1.102652543612478,6.055586235357801e-06,0.011882585797991072,0.016302018873984258,0.2752532958984375,0.01672696008290547,0.260542308390866,9.490171284736721,0
871.7016806722688,113.64506818065263,112.64088210617413,25.0,407.14285714285717,1010.0,602.8571428571429,68.83088713758949,0.13037151436143604,-2.617012542923827,7.660081584042853,69,6.575192760285877,0.033568359340150906,6.4807891845703125,6.6986083984375,0.2178192138671875,-0.07863936989687845,-0.8269028694337575,-2.6617267261969233e-06,0.1637048630487351,2.1533260896274107,-5.9173583984375,5.23834228515625,11.15570068359375,-0.03777468519113499,-0.7483449937901252,5.742259061390457e-06,0.014005882263183594,0.019267202973179687,0.2752532958984375,0.019615578352353433,0.09583140829246119,6.934156190431684,0
861.6356107660456,131.13981136539854,115.64332817651305,27.536231884057973,404.2857142857143,992.8571428571429,588.5714285714287,69.63500492587164,0.15219869017345675,-2.2977388266819703,4.8301891431538335,70,6.520883169628325,0.03234359194122693,6.4296722412109375,6.6410064697265625,0.211334228515625,0.45612985559869906,-1.0359894912904983,-2.504759453227399e-06,0.10347050258091518,2.223069084008823,-5.9173583984375,5.23834228515625,11.15570068359375,-0.3059370530770536,-0.2812246003902188,6.075108407822823e-06,0.012401472909109933,0.016461497265448783,0.21148681640625,0.0168575899126875,-0.11831409948314206,5.381753261231532,0
885.0319829424308,107.04099157844425,75.55995870371662,16.417910447761194,404.2857142857143,967.1428571428572,562.8571428571429,67.7941601618965,0.12094590211595439,-3.1983861159100084,10.59526520086155,68,6.472264326186407,0.025419856806474614,6.3938140869140625,6.5746307373046875,0.180816650390625,-0.25374028072080124,-0.9783404062790013,-1.943890058972246e-06,-0.04259567260742188,2.127284567544827,-5.68695068359375,4.400634765625,10.08758544921875,-0.2864837774639129,-0.5324012549291481,9.217000010568374e-06,0.010538732256208147,0.013201554890538734,0.10125732421875,0.013699355115556179,-0.0517420615779386,1.5291354154717878,0
843.9591836734693,157.9733474639143,164.51563710964868,30.0,405.71428571428567,1000.0,594.2857142857143,71.09348551530687,0.18718126482883884,-1.9147590893996884,2.2312614390612806,71,6.438658705211821,0.01861852049112686,6.3709259033203125,6.5265655517578125,0.1556396484375,0.6308805001650102,-0.04466873269035254,-1.321317121910244e-06,-0.01488345918201265,2.170552793377615,-5.7373046875,4.400634765625,10.137939453125,-0.20907618583699658,-0.7601558130762878,3.6316087992365263e-06,0.010378783089773996,0.013374215004702886,0.154815673828125,0.01386030179278963,-0.12998843238731903,5.19494317183114,0
835.2716297786721,153.14065577513574,163.30113127354218,28.169014084507044,405.71428571428567,1000.0,594.2857142857143,71.83291980825283,0.1833423407613096,-1.9366096943769822,2.3554557714067235,72,6.4030676887148905,0.02692984546700443,6.105804443359375,6.505584716796875,0.3997802734375,-0.31372453264348005,-0.668709090326665,-2.0819988206306377e-06,0.08413925170898437,2.049223279153116,-5.7373046875,3.80706787109375,9.54437255859375,-0.1975406520919644,-0.6743302356573269,-8.629458810145348e-07,0.013091688973563057,0.01808864964293195,0.154815673828125,0.018443659053321508,0.4275660954568776,5.3616075419236395,0
848.9591836734694,89.52935620597987,64.65571003390318,11.428571428571429,437.14285714285717,974.2857142857143,537.1428571428571,70.67477583595759,0.10545778634325377,-2.623446048177112,9.50653525587122,71,6.352542477562314,0.03234446862900034,6.105804443359375,6.4670562744140625,0.3612518310546875,-0.08450959195729582,-0.9123955878613592,-2.5851490713818846e-06,0.08288345336914063,1.921053517853676,-3.65447998046875,4.37164306640625,8.026123046875,0.26989394349297446,-1.1026487670333993,-2.6189824072507125e-06,0.015390659877232142,0.021065278183185415,0.1604461669921875,0.021382931968454876,0.5130988223448669,3.720469703348077,0
837.6861167002012,129.13455177910208,151.86594518232997,26.76056338028169,407.14285714285717,1047.142857142857,640.0,71.62587370595442,0.15415625161341662,-1.8143737283869965,3.459895906322795,72,6.307756551106771,0.02301062362262735,6.1222076416015625,6.4060211181640625,0.2838134765625,0.40258320557133376,-0.3468055116044537,-1.7312844664681897e-06,0.06191202799479167,2.1654035410003436,-4.85687255859375,4.75921630859375,9.6160888671875,0.2779174097428099,-1.0749831318537533,3.752605819975881e-06,0.014915957859584264,0.020055682272505704,0.1604461669921875,0.020389600843407414,0.40413561929605246,3.5125936598198733,0
857.3913043478261,147.27957155987602,171.693335457659,28.985507246376812,407.14285714285717,1047.142857142857,640.0,69.97971602434077,0.17177637656577832,-1.9959479816790526,3.1649885220758156,70,6.2849821363176614,0.013968740132534439,6.0092926025390625,6.3854217529296875,0.376129150390625,0.20205827719801292,4.101340906716695,-4.290925118268735e-07,-0.021052405947730654,2.4832716362861467,-6.0577392578125,6.67572021484375,12.73345947265625,0.19513565011450026,-0.8008618305898123,-9.17602077222095e-06,0.017859921046665738,0.026162543822099645,0.4730987548828125,0.026410658859276872,0.37449268302721483,13.17111080885526,0
767.0879120879121,132.87633133865688,113.2986128301169,15.384615384615385,415.7142857142857,997.1428571428571,581.4285714285713,78.21789270109592,0.1732217771193722,-0.2741520876742442,-0.078292604728468,79,6.284993108113607,0.028645698534636548,6.0092926025390625,6.4899444580078125,0.48065185546875,2.1443386731351914,6.913932478603023,-2.1959947277596965e-08,0.10338756016322545,4.668736787005118,-14.99786376953125,18.48907470703125,33.4869384765625,0.35764893474951304,2.7859937960075696,1.139344622915281e-05,0.017993509565080914,0.027052479313375496,0.4730987548828125,0.02729404829333587,0.353646748044112,12.510673768245628,0
643.8863287250384,158.47727870090972,129.5709937196097,23.655913978494624,400.0,942.8571428571429,542.8571428571429,93.1841496290288,0.24612617418778115,-0.2295323354376307,-1.1611555474301904,94,6.269790376935687,0.0341061467744807,6.04400634765625,6.4899444580078125,0.4459381103515625,1.9995890680457309,5.035466748559868,-2.0577039350302367e-06,0.088270750499907,4.608615910485988,-14.99786376953125,18.48907470703125,33.4869384765625,0.3716106397701524,3.050179116043436,-1.681266671699155e-05,0.012309860229492188,0.01789231951502798,0.2328643798828125,0.018260937814101152,0.18295150327411383,9.541033681022862,0
644.8291925465838,206.13406557348495,203.2284836109253,41.30434782608695,400.0,942.8571428571429,542.8571428571429,93.04789654923303,0.3196723534792408,0.10222910413460987,-1.7706591103385885,93,6.241884467715309,0.012227363347911285,6.04400634765625,6.333160400390625,0.289154052734375,0.3112038129580027,2.6482457157488675,-6.647497104891011e-07,-0.02218656994047619,2.2750124378550893,-5.352783203125,5.28106689453125,10.63385009765625,0.13810176341657432,-0.8061367556145114,7.132060724216828e-06,0.009574139186314175,0.012708758174745437,0.140625,0.013225982799947113,-0.3609891435126916,5.162232169477456,0
777.2912801484231,172.63545243934982,176.97542414663033,38.961038961038966,410.0,994.2857142857143,584.2857142857143,77.19113996562916,0.22209878953792617,-1.0429145696245183,-0.327760119537869,78,6.22905140831357,0.011273292688098815,6.0840606689453125,6.3198089599609375,0.235748291015625,0.14658514899743122,1.823099942184033,-5.443053663522994e-07,0.10158440726143973,2.0698812830947784,-4.8370361328125,5.28106689453125,10.11810302734375,0.15335535918011972,-0.836563972783678,-5.266268619029363e-06,0.008613683428083148,0.01095271526358276,0.140625,0.011567645808508597,-0.40702278608212406,3.8664450106858252,0
873.3823529411764,59.89982855142475,41.319244026193566,20.588235294117645,750.0,994.2857142857143,244.28571428571433,68.69843407981142,0.06858374038553432,0.0006956218261452757,-0.8573034988220543,69,6.22260076432001,0.011260423049206476,6.0298919677734375,6.3159942626953125,0.286102294921875,0.07979898084762521,3.555995728181344,-8.682842528298887e-08,0.04993053617931548,2.0431361797443577,-4.144287109375,4.998779296875,9.14306640625,0.22871415828347938,-0.8751975420913096,-5.223857441444567e-06,0.007717658996582031,0.009519890342244848,0.0778656005859375,0.01023474471388118,-0.5293382150206541,2.571729150983069,0
813.4442270058707,105.00178669524726,74.74048070344688,19.17808219178082,411.42857142857144,990.0,578.5714285714286,73.76043496042534,0.12908295763772068,-1.6740335366010863,3.79327560383764,74,6.234008380344936,0.02769883138624648,6.0298919677734375,6.4785003662109375,0.4486083984375,2.651500157522522,12.049425614954334,1.2670532609719798e-06,-0.06373523530505952,3.784245358034914,-16.12548828125,13.20648193359375,29.33197021484375,-0.42716440655535387,3.622412966759909,-1.6978608915156557e-05,0.008947374616350446,0.013022420239419982,0.2690277099609375,0.01354568442365922,0.5485571192078738,21.916067205793077,0
809.2857142857142,112.68454863635444,80.90071640950843,20.27027027027027,411.42857142857144,1015.7142857142858,604.2857142857143,74.13945278022949,0.13923951287810787,-1.163854663379359,2.337825468277517,75,6.246907152448382,0.02504166665059028,6.04705810546875,6.4785003662109375,0.4314422607421875,2.430697877572922,12.9629031571749,1.8230314719268487e-07,0.11462162562779017,3.7739764896860866,-16.12548828125,13.20648193359375,29.33197021484375,-0.5467044604597066,3.8208945122804048,1.43114851602388e-06,0.009351055690220425,0.013363138577874968,0.2690277099609375,0.013870387105769788,0.5490080728854962,19.678915824945733,0
824.781746031746,110.13395258773578,87.3490978986501,22.22222222222222,405.71428571428567,1015.7142857142858,610.0000000000001,72.74651783781184,0.1335310257745407,-1.0558724688154586,1.5922135545386489,73,6.2349128269013905,0.016657132397781098,6.04705810546875,6.3381195068359375,0.2910614013671875,0.4401873857449549,-0.06187836919615597,-1.0414005622486817e-06,0.3469286964053199,2.6556382939556897,-7.96661376953125,8.7432861328125,16.70989990234375,0.32764458067472657,0.990401908407478,8.597668750077367e-06,0.010056349618094308,0.01381812889428409,0.158111572265625,0.014305685948766151,0.49873512928007563,8.918950232592103,0
745.6785714285713,136.5691076835072,154.22869149174548,40.0,405.71428571428567,981.4285714285714,575.7142857142858,80.46362373676901,0.18314742157853356,-0.8377493112819644,0.17718443354358993,81,6.225600951058524,0.015967950933396747,6.079864501953125,6.339263916015625,0.2593994140625,1.6142774288859818,3.739040152191887,3.6922255503967277e-07,0.00684480212983631,3.5862312412485093,-9.41009521484375,8.7432861328125,18.15338134765625,-0.13437593235100562,-0.2331129819360469,2.632097645513331e-06,0.011458590916224889,0.016011827106358453,0.2373504638671875,0.016433651422692454,0.39951259816862694,10.511384897988341,0
732.9629629629628,111.21599987527823,146.37141741724952,30.864197530864196,407.14285714285717,981.4285714285714,574.2857142857142,81.85952501263266,0.1517348153932548,-1.0968954478649287,1.8182610154655334,82,6.220259294055757,0.0201753595568951,6.02264404296875,6.3457489013671875,0.3231048583984375,0.8874244807101799,1.6956744764235232,-7.593565382593142e-07,-0.1671803429013207,3.4683683812602975,-9.41009521484375,6.37664794921875,15.7867431640625,-0.3136461610947859,-0.6150012681950412,1.6051205781768608e-05,0.011690185546875,0.01585287052983506,0.2373504638671875,0.016277745188505527,0.39227203257807197,8.50486159443357,0
787.9323308270677,68.58763700075292,42.83555011601341,5.263157894736842,624.2857142857143,897.1428571428571,272.8571428571428,76.14867121522973,0.08704762365666432,-0.34146973552783044,-0.9894121096216946,77,6.196137646266393,0.022277037770913676,6.02264404296875,6.3457489013671875,0.3231048583984375,0.25157469983044484,-0.6626007388259185,-1.261127960040979e-06,0.07766854422433035,2.3521739676499296,-7.6812744140625,5.40313720703125,13.08441162109375,-0.27660930323552485,-0.10701532924285884,-2.6828281327588402e-06,0.011329227992466518,0.014682762775335069,0.1265716552734375,0.015137657023280751,0.4604805158306906,3.505199748026236,0
825.4761904761905,101.33994563102384,102.86971754120724,9.722222222222223,405.71428571428567,960.0,554.2857142857143,72.6853187193539,0.12276543745321607,-3.0505124934256904,9.668553357259105,73,6.188677369980585,0.016938949452534536,6.053924560546875,6.2793731689453125,0.2254486083984375,0.3477946916829462,-0.35594823592765623,4.789134040649046e-07,0.13010511852446058,1.7933445478465038,-4.07867431640625,3.55224609375,7.63092041015625,0.024065218846797604,-1.113671704748303,-3.978968121158656e-06,0.01042776598249163,0.012940154018530287,0.1113739013671875,0.013467294035494511,0.26200635086756724,2.1758848191441595,0
827.3015873015872,103.28684371035972,102.76488149200357,11.11111111111111,405.71428571428567,960.0,554.2857142857143,72.52494244052188,0.12484787324928363,-2.901097184789063,8.9750261739603,73,6.191177268255324,0.013621969613643946,6.1283111572265625,6.3083648681640625,0.1800537109375,0.28869582585647025,0.20591693838667746,-7.302160164941121e-07,0.03589259556361607,1.791849887637553,-3.74755859375,3.47747802734375,7.22503662109375,0.10773772599516115,-1.2471231890075174,-1.7794058846593946e-06,0.010156653267996653,0.012588641680669936,0.1113739013671875,0.013132175173904121,0.2424720036035605,2.2547422697716737,0
825.8928571428571,87.49471558386848,80.0082634421499,12.5,401.4285714285714,925.7142857142857,524.2857142857142,72.64864864864865,0.10593954751776509,-2.4650263958983953,8.23222906075711,73,6.1891908373151505,0.013157738928751139,5.9970855712890625,6.3083648681640625,0.311279296875,0.46368083853481823,1.3826158355519276,3.677500039505872e-07,0.019019644601004464,1.8722005388840648,-5.4443359375,6.2164306640625,11.6607666015625,0.16436213921647136,-0.06058116391265944,3.465577570214098e-07,0.012033016749790737,0.017243200524767768,0.21148681640625,0.017622128986702183,-0.06473617047680093,10.78559099347049,0
817.651663405088,107.39067748392527,80.94257643707735,16.43835616438356,401.4285714285714,974.2857142857143,572.8571428571429,73.3808817194007,0.1313403767035705,-1.274140735373347,2.1169040133992336,74,6.201635787600563,0.015869989181130726,5.9970855712890625,6.28509521484375,0.2880096435546875,0.015831080035028228,0.3874900954122955,1.0131613646305787e-06,0.05665813627697173,2.2095207869733735,-5.4443359375,6.36444091796875,11.80877685546875,0.26833488014312173,-0.3475425195274542,-4.1363875370224175e-06,0.014165421622140066,0.020210625628825175,0.21148681640625,0.02052531501105154,0.14897483767835373,8.011987787307627,0
863.6853002070393,104.58956437931181,92.1164707187106,17.391304347826086,417.14285714285717,1001.4285714285713,584.2857142857142,69.4697478185828,0.12109684436477036,-1.668858557779679,3.3884513071712616,70,6.2139830271403,0.011333322472201382,6.069183349609375,6.33087158203125,0.261688232421875,0.05947928213193599,1.9436455192783653,3.9571859445844317e-07,0.08630247570219494,2.1174770580185385,-5.523681640625,6.36444091796875,11.88812255859375,0.1878476506040828,-0.6229024853977982,7.277996837217935e-07,0.01328758784702846,0.017739345908663124,0.2086029052734375,0.018099328811052837,0.4365165362989738,5.704437256007944,0
687.4548440065681,54.32779687998841,36.68708352771231,16.091954022988507,571.4285714285714,817.1428571428572,245.71428571428578,87.27845984808675,0.07902744064375136,-0.084745601568493,-0.5106520471049154,88,8.970440919058664,0.1372659517163432,8.654403686523438,9.3597412109375,0.7053375244140625,0.3237167285150518,-0.3869679250680931,-5.2374643836500515e-06,0.17613692510695683,4.211377859994721,-8.685302734375,13.20037841796875,21.88568115234375,0.5920704444445348,0.008645485443770973,3.4735992913495207e-06,0.009234596252441406,0.012133552430471987,0.1644744873046875,0.012810609458324676,0.19336737383808406,9.987477865320383,1
695.5980066445183,106.2465756708365,88.06210293644729,20.930232558139537,401.4285714285714,831.4285714285714,430.00000000000006,86.25671641791045,0.15274134580022347,-1.617727944872953,1.9896108457291755,87,8.876428313482375,0.12902572807551313,8.542251586914062,9.28192138671875,0.7396697998046875,0.3415057506632767,-0.12267060005935981,-2.3154633406331433e-06,0.2042855762300037,4.44812487265998,-13.21868896484375,14.72015380859375,27.9388427734375,0.18257938453539196,0.9043308531463601,-4.914469930866365e-06,0.008703647068568639,0.010802171914816827,0.0989227294921875,0.011550432926670474,-0.03907068056441349,2.881673476693745,1
679.0584415584416,119.66187799251507,87.15375850411377,15.909090909090908,401.4285714285714,831.4285714285714,430.00000000000006,88.35763805880946,0.17621734841833442,-1.3373041789680669,0.6464503515330491,89,8.679730805896577,0.2440704923032627,8.090972900390625,9.1644287109375,1.073455810546875,-0.4906347160462916,-0.5331564735548175,-1.608516784803746e-05,-0.08881468999953497,4.553914734375017,-13.21868896484375,14.72015380859375,27.9388427734375,0.15387000478174886,0.9117162723386225,1.5561707074504406e-06,0.011988288879394531,0.018071249563102347,0.2512664794921875,0.018530928166969527,0.8725874197124333,13.435741595285773,1
624.2857142857142,141.9387143786211,130.13898213984643,32.29166666666667,401.4285714285714,835.7142857142858,434.2857142857144,96.10983981693364,0.2273617850458462,-0.5284034364937353,-1.3072410003235184,97,8.314083353678386,0.28005550005683977,7.7579498291015625,8.966827392578125,1.2088775634765625,0.3942426070284338,-0.8389164559545748,-1.7254416931895087e-05,0.0357727777390253,4.057024009612326,-9.18121337890625,11.73858642578125,20.9197998046875,0.4771654636989294,-0.13090955304918062,1.6866051774956207e-05,0.013436030796595982,0.020105018161411938,0.2512664794921875,0.020520668612779878,0.8000321461579237,10.141794083128666,1
580.5409153952843,155.9218884200754,151.70216022907277,44.66019417475729,400.0,835.7142857142858,435.7142857142858,103.35188857299855,0.2685803606347191,0.125695995747963,-1.6830826179722618,104,7.9965605054582864,0.19123778472498953,7.70263671875,8.829116821289062,1.1264801025390625,1.3237162115175805,2.983852025285823,-7.769989594791128e-06,0.04552550542922247,4.169328737178403,-7.25555419921875,12.08648681640625,19.342041015625,0.8133756502558944,0.02212092772513108,-1.694439299518036e-05,0.01052779279436384,0.014623465821051245,0.1792144775390625,0.015189606743069758,0.4924794412246682,9.427379717526481,1
583.9215686274509,159.89300722822304,167.43111544716768,40.19607843137255,400.0,895.7142857142857,495.71428571428567,102.7535258562794,0.2738261708743914,0.13672622752635483,-1.7008095556036518,103,7.906412760416667,0.10107037833437413,7.6251983642578125,8.21685791015625,0.5916595458984375,0.5215783907381176,-0.6011518748445495,3.6389073550384033e-06,0.059925624302455356,3.994492137984151,-7.25555419921875,12.08648681640625,19.342041015625,0.7757928651750493,0.08968872535104344,1.657077333297937e-05,0.009374097551618303,0.012522355296462319,0.2654571533203125,0.01316356091723212,0.6265452437132943,18.950510399534416,1
561.3072776280324,154.40547886373503,166.83191030907753,43.39622641509434,400.0,895.7142857142857,495.71428571428567,106.89332276885399,0.2750819114910115,0.4794927709261875,-1.4358383927356106,107,7.975898742675781,0.09731675875852747,7.6251983642578125,8.295440673828125,0.6702423095703125,0.7025288146298425,0.6992498081361092,4.289803280928847e-06,0.08040716988699777,3.8922275128834785,-7.61260986328125,13.63067626953125,21.2432861328125,0.7636245309068522,0.3441202797411065,-1.4105207942806692e-05,0.009250030517578126,0.012388674783007002,0.2654571533203125,0.01302364294118063,0.4678545830184646,18.27084571877423,1
566.3673469387755,163.5777147081237,185.3226004782948,43.80952380952381,400.0,857.1428571428571,457.1428571428571,105.9383107523782,0.28881911288188455,0.4587486520368929,-1.4910484793219954,106,8.14683286576044,0.1846986067371894,7.8907012939453125,8.783721923828125,0.8930206298828125,0.9232497584141969,0.6670744901392509,1.2911330415978939e-05,0.027758062453497025,3.9881680506788824,-11.46392822265625,13.63067626953125,25.0946044921875,0.6578680321330033,1.0381238128283234,1.689660756729485e-05,0.008459759303501674,0.011019568230494882,0.1557769775390625,0.011743602831585287,-0.3132559251350058,7.092155125036172,1
633.0243161094226,163.7295802229713,183.36431202350528,36.17021276595745,400.0,857.1428571428571,457.1428571428571,94.78308885314382,0.2586465891693638,-0.39422587903694545,-1.5430665512601796,95,8.518051665169851,0.3058403658498737,8.023452758789062,9.286880493164062,1.263427734375,0.4418316268810984,-0.6933144243137894,2.2749574431423664e-05,0.15376681373232887,4.14790842187895,-11.46392822265625,10.54534912109375,22.00927734375,0.31985844267998176,-0.1361072666006491,1.12491214911119e-05,0.008246437072753906,0.010616188849214092,0.1557769775390625,0.011381974634548285,-0.24893429006629064,7.120691376081476,1
600.4473304473305,161.66274838759082,151.97293375714042,43.43434343434344,401.4285714285714,852.8571428571429,451.4285714285715,99.92550046862607,0.2692371839960598,-0.0664982285572106,-1.7595796241689672,100,8.748202033269973,0.17033134936709218,8.467483520507812,9.286880493164062,0.81939697265625,0.8257049328732696,0.0018607694449817025,1.9029804930374822e-06,-0.010938480922154019,3.978994560307786,-7.025146484375,10.13031005859375,17.15545654296875,0.5219217890176758,-0.5706874890756795,1.044722843632657e-05,0.00859081050327846,0.011252672485802709,0.1275787353515625,0.011982636357781849,0.14038432728551903,7.259032097031946,1
536.831168831169,158.1331701790574,137.8311827464223,30.909090909090907,401.4285714285714,852.8571428571429,451.4285714285715,111.7669827753048,0.2945677884601175,0.8476711587747154,-1.1191426712207537,111,8.857321848188128,0.16196194429402083,8.593368530273438,9.222030639648438,0.628662109375,0.22378205394608866,-1.2669376008703404,1.0683761095809487e-05,-0.04536212739490327,2.7339070148607454,-6.23931884765625,10.13031005859375,16.36962890625,0.775188381296861,1.0169200690112374,1.3190992474658071e-05,0.007717280796595982,0.01003482252791381,0.1275787353515625,0.010844147653488656,0.009332122935573983,9.009716549951143,1
584.9019607843136,151.46391292622948,98.55943595947487,17.647058823529413,402.85714285714283,818.5714285714287,415.71428571428584,102.58129399932956,0.25895606970290663,0.0975204839278263,-1.7192871388198903,103,9.221729705447242,0.2826973709472376,8.72039794921875,9.852218627929688,1.1318206787109375,0.2115841766630388,-1.020888946852795,2.2805439834776953e-05,-0.0010543096633184525,2.8203035173015705,-9.47113037109375,8.84857177734375,18.3197021484375,0.12127842556407264,1.0446846422810436,-6.401747372484006e-06,0.006963172912597656,0.008499497990390752,0.0685272216796875,0.009426818061156273,-0.6604404109623702,4.433794172749824,1
640.1075268817203,130.48620891030615,114.22921740190641,22.58064516129032,401.4285714285714,847.1428571428572,445.71428571428584,93.73425163782969,0.20385045235441748,-0.8199074525441304,-0.7216983318921395,94,9.644285737900507,0.22664959252710654,9.125900268554688,10.286331176757812,1.160430908203125,-0.12957061601507014,-0.7490875436295652,1.7124035584266027e-05,-0.011947849818638393,3.3051062780662313,-9.47113037109375,8.84857177734375,18.3197021484375,0.1672487654589081,-0.15141595908832306,-7.231009362813263e-06,0.007272447858537946,0.008822167171504518,0.0601959228515625,0.009692451978521104,-0.45450870799358356,3.192002780081082,1
610.4081632653061,154.71824157927992,153.98944717806125,37.755102040816325,400.0,847.1428571428572,447.1428571428572,98.29488465396189,0.2534668618316521,-0.2047508024870124,-1.6184782478839885,99,10.068329938252766,0.2869818594344659,9.475326538085938,10.662078857421875,1.1867523193359375,0.19972410646064412,-1.2649348184248583,2.1689763392945766e-05,0.14090423583984374,3.711250222585434,-9.12017822265625,11.41204833984375,20.5322265625,0.3678325077944411,-0.03558273592445316,2.037139201230119e-06,0.007530560084751674,0.009072188291405738,0.057037353515625,0.009898515041830999,-0.2939966083886587,2.466616357616487,1
601.6883116883116,162.14094863652474,169.4349577702869,49.494949494949495,400.0,838.5714285714286,438.57142857142856,99.71940427368877,0.26947664677341693,-0.08449607691232808,-1.7690028240770632,100,10.47951881771996,0.22088423675131114,9.981155395507812,11.035537719726562,1.05438232421875,-0.20456356734433445,-0.3380821795764768,1.3962011829848923e-05,0.015709904261997767,3.952998439416682,-9.12017822265625,11.41204833984375,20.5322265625,0.3887317669827215,-0.23284751162843387,-2.0509643075853232e-05,0.0073032488141741075,0.008797109712261669,0.057037353515625,0.00964767752670671,-0.3354677416392234,2.98745894123682,1
642.3041474654377,152.59801632624394,149.1402453306445,38.70967741935484,400.0,822.8571428571429,422.8571428571429,93.41368919500647,0.23757906114790456,-0.6410394512937706,-1.293786412258201,94,10.624714070274717,0.15004845580886,10.370254516601562,11.130523681640625,0.7602691650390625,0.8933697658127541,0.4270328981404652,-2.0109964814318497e-06,0.049895549955822176,3.4013009028741528,-7.99713134765625,7.904052734375,15.90118408203125,0.3159770640406948,-0.6113858308938118,1.4636511672877906e-05,0.00768769291469029,0.00969134522449128,0.0860137939453125,0.010479778224170367,-0.25618562194130323,4.853049777812223,1
657.8335949764521,143.53721370190777,131.5211888984117,34.065934065934066,400.0,847.1428571428572,447.1428571428572,91.20847651775487,0.21819684308924028,-0.7883587427618504,-0.9252399320454421,92,10.49957669576009,0.20212492714907906,10.110092163085938,11.130523681640625,1.0204315185546875,0.4072630627142634,-0.05373749339853351,-1.0492450301331764e-05,0.10919400169735863,3.511447012226708,-8.58917236328125,8.59527587890625,17.1844482421875,0.24625122106103592,-0.6217523784337189,-1.6400055083788004e-05,0.007968711853027343,0.00999229241602688,0.0860137939453125,0.010756879757975643,-0.21806837540348112,4.107010731346418,1
615.4050073637703,144.27021699012448,121.67167541642326,30.927835051546392,401.4285714285714,847.1428571428572,445.71428571428584,97.49676925285979,0.23443133426576968,-0.34995835905811956,-1.4134878768245374,98,10.268719636826289,0.19209318139180376,10.008621215820312,10.791778564453125,0.7831573486328125,0.8360564832135072,-0.21929430121634086,-1.2925433332808613e-05,-0.005801282610212053,3.9191157819413394,-8.58917236328125,10.51177978515625,19.1009521484375,0.42655695720877485,-0.4113171701087248,6.821875128799522e-06,0.0076127820696149555,0.009462256585979129,0.0870208740234375,0.010256226787930972,-0.20982618012712453,4.222572827313311,1
593.5428571428571,149.5240721866058,140.37064051361463,33.0,401.4285714285714,807.1428571428571,405.7142857142857,101.08789833445654,0.2519179034625591,-0.14594320731654056,-1.690685656151567,101,10.209343692234585,0.12044563361750137,9.820175170898438,10.549163818359375,0.7289886474609375,0.15496844869415796,-1.254710341609268,4.490847121512227e-06,0.045434461321149554,4.347156178355903,-10.26458740234375,10.51177978515625,20.7763671875,0.2607854037570612,-0.5896211513252676,-8.748866536064827e-06,0.008693066188267299,0.012249978063163091,0.1514739990234375,0.01287710103344011,0.6195228222165382,12.463519258505071,1
562.5202156334232,154.51522211578592,154.04295590624812,45.28301886792453,401.4285714285714,817.1428571428572,415.71428571428584,106.66283332135413,0.2746838563691347,0.36318308551958506,-1.6773327868642671,107,10.407652246384394,0.155815326668489,9.820175170898438,10.696029663085938,0.8758544921875,-0.32655499424429596,-0.7624447151878742,1.2046469027518522e-05,-0.04008861723400298,4.165458607822801,-10.26458740234375,9.17816162109375,19.4427490234375,0.21347710344622228,-0.6699036571439119,-1.2303762218603068e-05,0.00853239985874721,0.012103498242347585,0.1514739990234375,0.012738712190935034,0.63388467565481,12.987545041940665,1
568.8979591836735,154.75027780201262,162.8108667624792,51.42857142857142,401.4285714285714,917.1428571428571,515.7142857142858,105.46706844597503,0.27201763568297527,0.40521886652378597,-1.4777783333542014,106,10.633954638526554,0.11874096410348249,10.406494140625,10.916900634765625,0.510406494140625,0.2897048362502254,-0.8777916977589952,9.129334744413436e-06,-0.05877849033900669,4.0050180974296365,-6.756591796875,10.14251708984375,16.89910888671875,0.521355986617034,-0.6560196443030542,-2.4572461126532884e-05,0.0073377434866768974,0.009386391238584478,0.1515655517578125,0.010193443371197205,-0.02673974815953015,8.723398653620372,1
717.2648083623694,225.86873395530432,261.6145096807228,62.19512195121951,401.4285714285714,1018.5714285714284,617.1428571428571,83.65111364795608,0.3149028522269186,-0.11928469490422851,-1.641473173563201,83,8.690256264096215,0.08049254324480423,8.528518676757812,8.902359008789062,0.37384033203125,0.020700065456793763,-1.1133695056772843,-5.722078461302158e-06,0.05106626238141741,2.1704459010123496,-5.61676025390625,7.03887939453125,12.6556396484375,0.28651113803506795,0.14898582311699204,-1.2249095083395654e-06,0.007207268851143973,0.008826977102374536,0.07415771484375,0.009772491879675538,-0.6774705833824404,4.859742783365622,2
691.5448504983389,229.50858700716947,271.1380134339919,63.95348837209303,401.4285714285714,1030.0,628.5714285714287,86.76226850183757,0.33187809415655645,0.07900680676035218,-1.6815778385650244,87,8.580713399251302,0.05190837698183765,8.472824096679688,8.7249755859375,0.2521514892578125,0.5456663603197835,-0.798810606513451,-3.878059655581133e-06,0.12556155976795014,2.2942134588311895,-6.37359619140625,5.98297119140625,12.3565673828125,-0.10061238679692602,-0.1168307005467204,5.760615210899515e-07,0.01277647944859096,0.022098683856776376,0.2762603759765625,0.022485786204577234,0.272794021125588,16.1071426988217,2
774.7680890538034,184.37387119092534,155.23500081483127,28.57142857142857,405.71428571428567,984.2857142857143,578.5714285714287,77.44252873563218,0.23797298029671637,-0.9847849326236787,-0.6009229084775933,78,8.486017862955729,0.061963577954661224,8.143234252929688,8.644866943359375,0.5016326904296875,-0.2303313840763296,-1.227382456291132,-4.784050721871127e-06,0.07158130464099702,2.884674916707986,-7.48748779296875,5.98297119140625,13.470458984375,-0.1346468198849572,-0.7752557614940954,2.7166316545538274e-09,0.013937889099121093,0.023215467446571835,0.2762603759765625,0.02358511399188737,0.2704320756989488,13.24394229486952,2
867.3084886128366,106.073904644301,97.36026709414604,17.391304347826086,447.1428571428571,992.8571428571429,545.7142857142858,69.17953737079561,0.12230239417344387,-2.0233427989240287,5.21991417330749,70,8.413252639770509,0.03251685130295946,8.143234252929688,8.5418701171875,0.3986358642578125,0.8047837181553785,-0.04696989091131565,-1.9486249949577208e-06,0.010872032528831845,2.8724342158441902,-9.20257568359375,6.99005126953125,16.192626953125,-0.2847689091637908,-0.03450665984009271,5.328063222472101e-06,0.007997593470982143,0.010933843396006853,0.1521148681640625,0.011720888334412823,-0.016270804654902504,11.212934134406764,2
860.103519668737,103.58419107219797,96.66016384690212,24.637681159420293,447.1428571428571,992.8571428571429,545.7142857142858,69.75904484510026,0.12043223717081487,-1.6199388137816768,3.7652576988000206,70,8.382525752839587,0.027493530621508784,8.195114135742188,8.525466918945312,0.330352783203125,-0.2818092498592169,-0.46354645565998487,-5.900393597488708e-07,0.05503122238885789,2.8739775053934307,-9.20257568359375,7.342529296875,16.54510498046875,-0.29229523383433786,0.49640152542915095,1.4469132616036118e-06,0.006849984305245535,0.008497250369078125,0.0781402587890625,0.009481911702341375,-0.9424800406169281,6.7561930091493085,2
841.3480885311872,131.56014045345793,123.18548909279887,29.577464788732392,400.0,1008.5714285714287,608.5714285714287,71.31412172665311,0.15636826451122465,-1.6218670602267506,2.536189932265012,72,8.348374303181966,0.03342971052729457,8.000564575195312,8.482742309570312,0.482177734375,0.6496248358923057,0.18619741005135282,-1.5720411105671222e-06,0.07792837960379465,2.4836097453598716,-8.53424072265625,7.342529296875,15.87677001953125,-0.2456539547489265,1.0509452070170564,2.2535094567739214e-06,0.006990330287388393,0.008684444451073511,0.0781402587890625,0.009657210070380205,-0.8634737473312434,6.3579339852853405,2
862.3809523809524,143.7071331435444,153.29876126075393,31.88405797101449,400.0,1025.7142857142858,625.7142857142858,69.57482054113748,0.16663996664905756,-1.8484186086167125,2.9395821970650733,70,8.30720297495524,0.026781687929158186,8.000564575195312,8.418655395507812,0.4180908203125,0.21035893127309982,0.2760192261711616,-2.0004261233005615e-06,0.018700408935546874,2.1797737612962016,-7.09381103515625,4.90570068359375,11.99951171875,-0.178285812490317,0.07509551902555511,-2.1686704762219092e-06,0.006813960484095982,0.008183986933361457,0.0732879638671875,0.009237482916150577,-0.7821202172670071,5.252434114629352,2
829.9603174603175,179.45084601373887,176.89003182001687,34.72222222222222,407.14285714285717,1025.7142857142858,618.5714285714287,72.29261295720775,0.2162161759285785,-1.340801858391061,0.5398781874234087,73,8.282276044573102,0.0161174988616011,8.199310302734375,8.41217041015625,0.212860107421875,0.43066014851055356,-0.24585647249975562,-7.520120612628864e-07,0.041941288539341516,2.25503094458391,-8.78448486328125,5.33599853515625,14.1204833984375,-0.28086944674506187,0.43704045861869956,2.9085351784366486e-06,0.00828863525390625,0.012224802171909709,0.1691436767578125,0.012927026603993603,-0.5708360081760666,19.375232236908204,2
819.2563600782778,183.98625673247088,184.84610869646883,35.61643835616438,402.85714285714283,1008.5714285714287,605.7142857142858,73.23714886298491,0.22457714788432215,-1.26316802537191,0.22059367953629216,74,8.256325658162435,0.025131343710035878,8.16802978515625,8.374786376953125,0.206756591796875,0.012999488662828119,-0.867880329745109,-1.793830062207174e-06,0.0933578127906436,2.390592981837553,-8.78448486328125,5.950927734375,14.73541259765625,-0.20839342675881292,0.2869999841571569,-3.1235369074431007e-06,0.008306592668805804,0.012281664236466146,0.1691436767578125,0.012960534721952435,-0.5856836822175256,19.007561423228573,2
878.7394957983196,133.10934980048398,148.92354125255667,26.47058823529412,402.85714285714283,1008.5714285714287,605.7142857142858,68.27962130630198,0.1514775999450855,-2.1272961987065964,4.3593300880137384,69,8.225006648472377,0.0168778517903035,8.065414428710938,8.3160400390625,0.2506256103515625,0.5467673602722762,0.3568814090635488,-9.480632873851682e-07,0.05425389607747396,2.1385048874366994,-6.55975341796875,5.950927734375,12.51068115234375,0.09878225751764443,-0.30168726078779207,1.498738263716915e-06,0.006694138663155692,0.008076823844540748,0.0681610107421875,0.009073631265631557,-0.8465333902777958,4.873750019748843,2
889.189765458422,140.70321276892227,156.49482674444434,28.35820895522388,404.2857142857143,1027.142857142857,622.8571428571429,67.47715991655278,0.15823755314635532,-1.9988667122375785,3.616472761390024,68,8.21314704531715,0.01461418323843303,8.065414428710938,8.307647705078125,0.2422332763671875,0.10376943846829798,0.5999788393219814,1.6131650429086883e-07,-0.07111126127697173,2.929111398357422,-13.21563720703125,14.02435302734375,27.239990234375,-0.23672512696799217,7.923034567616984,-1.5061995050870487e-05,0.007750657217843192,0.011692909082551215,0.2744293212890625,0.012399968572476246,-1.2410474026497174,54.34800988873424,2
858.9233954451345,132.23454505786614,100.84873914568743,49.275362318840585,657.1428571428571,1118.5714285714284,461.42857142857133,69.85489080653716,0.15395382843115593,0.21414409276742014,-1.0640545837814084,70,12.95405660356794,0.06851618806166204,12.770843505859375,13.130569458007812,0.3597259521484375,-0.32565530874372745,-0.6722777906544017,-1.6929105244925204e-06,0.07609594435918898,2.9915586020684013,-7.00531005859375,6.66046142578125,13.665771484375,0.055094497093823726,-0.7315738367558393,1.2552392043002761e-06,0.014663565499441965,0.022551394964314547,0.2873382568359375,0.02274463079620781,0.6462531141190732,10.602819029182083,0
850.3469387755101,120.65647346808319,91.71635608429202,48.57142857142857,675.7142857142857,1118.5714285714284,442.8571428571428,70.5594355245158,0.14189087767144448,0.5750929929377323,-0.7045283759843914,71,12.812582324800037,0.1526470190369725,12.511444091796875,13.130569458007812,0.6191253662109375,-0.09726966720767416,-1.2169856457319645,-1.2481224558830152e-05,0.04854307628813244,3.2834060157843092,-7.00531005859375,8.33282470703125,15.338134765625,0.1883740754620788,-0.6505800669081623,-1.3420713063425496e-06,0.009302617754255022,0.012449736720872765,0.1054229736328125,0.01281528154977145,-0.06917459192466237,3.9150079576919703,0
840.0000000000002,87.2378204552604,65.56919801165144,37.142857142857146,694.2857142857143,1068.5714285714284,374.2857142857141,71.4285714285714,0.10385454816102427,0.4460737130766004,-0.3304803110250454,71,12.559804952712286,0.14780431068048955,12.242507934570312,12.886428833007812,0.6439208984375,0.25214815680298863,-1.081019439419354,-1.2063967992369139e-05,0.04883419218517485,2.92619801026894,-6.5887451171875,8.33282470703125,14.92156982421875,0.400702174018012,-0.4944265166875308,1.0061352682676249e-07,0.00847003936767578,0.011452908829695798,0.1054229736328125,0.01187773860769032,-0.13053383493689305,5.269864406462073,0
810.1737451737451,76.00982340739752,43.49653503724195,28.37837837837838,684.2857142857142,1000.0,315.7142857142858,74.05818857673887,0.09381916392649443,0.38461411916153515,-0.803448615517881,75,12.342096773783366,0.1103846545105282,12.108612060546875,12.612533569335938,0.5039215087890625,0.18598150089411455,-1.0401305530883713,-9.007898796690496e-06,0.04777247111002604,2.2933425578314606,-5.40313720703125,4.78363037109375,10.186767578125,0.30448514292445356,-1.0479851929913366,-7.052918744046177e-06,0.007059373038155692,0.008879243052004816,0.09136962890625,0.009464153674642225,-0.22215933863436416,3.777549647795974,0
797.9809523809524,68.16590139783003,43.89288973675475,24.0,684.2857142857142,951.4285714285714,267.1428571428572,75.18976464410177,0.08542296804759814,0.46892187291932497,-0.8389233619482179,76,12.18348900931222,0.080438896037939,11.97357177734375,12.42218017578125,0.4486083984375,0.3464686385548865,-0.7706081404278549,-6.440846754523524e-06,0.0644896007719494,2.100191109313275,-5.40313720703125,4.412841796875,9.81597900390625,0.2551696863901348,-0.9827544119488021,-1.059240397271259e-06,0.007760682242257255,0.010270386632879332,0.23822021484375,0.010794265546034729,-0.725896573797386,29.410450965865188,0
823.4722222222222,76.68138959078793,55.68048296136763,26.38888888888889,575.7142857142858,962.8571428571429,387.1428571428571,72.8622027323326,0.09311958256934949,-0.2477711564031061,-0.14383198808574127,73,12.055780755905879,0.07180851958618784,11.882781982421875,12.234878540039062,0.3520965576171875,-0.06832757863781337,-1.285722291247802,-5.792008385451572e-06,0.1346004667736235,2.138051276869831,-4.736328125,6.19659423828125,10.93292236328125,0.33510312378974183,-0.8032843033543768,2.2130508773987167e-06,0.008085896083286831,0.010810316410941235,0.23822021484375,0.011314347917025713,-0.4412735193322267,30.39111018169804,0
842.5352112676056,83.61830262367663,54.94126203549094,33.80281690140845,692.8571428571429,1025.7142857142858,332.8571428571429,71.2136409227683,0.09924606296023136,0.027300913212039694,-1.0795198530444061,72,11.93490681421189,0.0692809800677083,11.753463745117188,12.1307373046875,0.3772735595703125,0.09993742750099101,-1.031499884071293,-5.618723437068083e-06,0.054955582391648064,2.144935522099704,-4.736328125,6.19659423828125,10.93292236328125,0.40977975583840387,-0.6558133653315452,-1.920401584958871e-06,0.009785646711077008,0.013236284039909332,0.2017364501953125,0.013661956368965304,0.3230195524500747,7.594934938753596,0
816.986301369863,87.55925718828699,41.67890976590409,21.91780821917808,667.1428571428571,1025.7142857142858,358.57142857142867,73.44064386317908,0.10717347040149146,0.3464205006332007,-0.831494873689766,74,11.814727810450963,0.072670216182734,11.576080322265625,12.013626098632812,0.4375457763671875,-0.22681328690931157,-1.1547259942035093,-5.87208770640522e-06,0.003186798095703125,1.9954928918319799,-3.99169921875,5.09796142578125,9.08966064453125,0.4494545578356398,-0.856097754474098,3.7654478784621143e-06,0.0112753176007952,0.014807486246513653,0.1320648193359375,0.015199141544082823,0.08437622461207699,2.922464551250102,0
822.4404761904763,94.92013515489286,51.50675925470466,27.77777777777778,667.1428571428571,1062.857142857143,395.7142857142858,72.95360787435767,0.11541277199118477,0.5236336667246793,-0.4167365381702055,73,11.708553468613397,0.05663295892301783,11.576080322265625,11.891555786132812,0.3154754638671875,0.6846841902284544,-0.7961720412150264,-4.362782764992119e-06,0.09470400129045758,2.0745835814484996,-3.99169921875,5.0079345703125,8.9996337890625,0.4050177726006264,-1.0585036204708376,1.8712749474509136e-06,0.01315415300641741,0.017328247801222853,0.15545654296875,0.0176659432876044,0.19423350439754386,3.0584210523394706,0
841.2273641851107,86.20593263339101,46.43218196322341,25.352112676056336,670.0,1047.142857142857,377.1428571428571,71.32435599990433,0.10247637714079584,0.3113092839958719,-0.7769132487417045,72,11.637652651468914,0.030784486158179487,11.489105224609375,11.769485473632812,0.2803802490234375,-0.04117444646079815,-0.8703627667224327,-2.2676578252522863e-06,0.056455012730189734,2.013508257416915,-3.34320068359375,5.0079345703125,8.35113525390625,0.4327717426598209,-1.0986012171796675,-5.371866432148351e-06,0.016582337515694753,0.02172767002197409,0.15545654296875,0.022004258366993178,0.2666481394437156,1.9992938915432692,0
833.943661971831,71.65856925979324,40.2187893951094,15.492957746478872,710.0,987.1428571428571,277.1428571428571,71.94730619827732,0.08592735040441343,0.39411976560273054,-0.9026881008290317,72,11.597849064781553,0.027149181250172006,11.431503295898438,11.717605590820312,0.286102294921875,-0.9226880619639908,1.2549475306268878,-1.6680074699061593e-06,0.031392814999534974,1.8380216998969459,-3.52935791015625,4.1259765625,7.65533447265625,0.44063658664427746,-1.0379909861072703,2.5110332409333135e-06,0.016244830540248327,0.02103225001023176,0.1280364990234375,0.021321425089943932,0.15165212658200034,1.45534114054957,0
875.189075630252,69.79342887257653,54.051790915075316,26.47058823529412,722.8571428571429,1012.8571428571429,290.0,68.55661441705274,0.07974668653435375,-0.13900116550379385,-0.49042273745532716,69,11.544144248962402,0.04576424880405769,11.388778686523438,11.71112060546875,0.3223419189453125,0.19656809795432015,-1.3873998279188793,-3.561311998121276e-06,0.10648353213355655,1.8554064735052977,-3.52935791015625,4.1259765625,7.65533447265625,0.4334860768900345,-1.0268073359496126,6.722250304280901e-07,0.012993771144321986,0.016530600742940542,0.0937042236328125,0.016896358503100423,0.12177937847926687,1.2827723261985788,0
857.3291925465837,87.15996609140691,55.00109133480178,27.536231884057973,697.1428571428572,1085.7142857142856,388.5714285714283,69.98478591610521,0.1016645261227017,0.17708017087454472,-0.5408684238373858,70,11.482381402878534,0.02779695587806863,11.37237548828125,11.60888671875,0.23651123046875,0.09242885318476729,-0.7124895537339944,-2.0949903090388955e-06,0.07153650919596354,2.0376272343074553,-3.93524169921875,6.3629150390625,10.29815673828125,0.5548351634062844,-0.6612639466320993,-7.277955348832037e-08,0.013584335327148438,0.01754702545375837,0.131927490234375,0.01789460558244179,0.4140374204966399,2.32644796453277,0
836.8812877263582,106.47189235113169,107.40905706391149,36.61971830985916,410.0,1102.8571428571427,692.8571428571427,71.69475632919,0.12722460630036891,-0.26386955903058545,2.5802514508645418,72,11.431217793055943,0.03416986814503407,11.217880249023438,11.563491821289062,0.345611572265625,-0.18328186852830722,-0.884961256239726,-2.6272318246007613e-06,0.056998516264415926,2.0831899190731487,-3.93524169921875,6.3629150390625,10.29815673828125,0.5331577266106001,-0.569555961340094,6.554646403472984e-06,0.01524834442138672,0.01988361122566104,0.1359100341796875,0.02019458045778033,0.33850104992634145,2.1383381873775544,0
887.4626865671642,107.56061297817794,109.77784391880141,37.3134328358209,410.0,1102.8571428571427,692.8571428571427,67.60847628657922,0.12120015253175113,-1.1365764531265246,4.019984605469235,68,11.36978484562465,0.03656693865834567,11.217880249023438,11.50054931640625,0.2826690673828125,0.2464156530585182,-1.3025857939794918,-2.7523027173356973e-06,0.08765767415364584,2.1024630288204786,-4.10614013671875,7.1807861328125,11.28692626953125,0.515776100100875,-0.22909559487125408,4.897257011033758e-06,0.013913272312709264,0.018016084543136465,0.1359100341796875,0.01836309886865148,0.23650430961699223,2.121707074771889,0
919.8021978021977,60.93148063759231,57.00289779601434,20.0,730.0,1085.7142857142856,355.71428571428555,65.23141621466633,0.06624411290077777,-0.08059639628985037,1.2580351878807345,66,11.331979579017275,0.014141178824334648,11.254119873046875,11.442947387695312,0.1888275146484375,0.33353690725536317,1.5829859050183757,-4.525820967612987e-07,0.04470254807245164,1.8534030439595937,-4.10614013671875,7.1807861328125,11.28692626953125,0.675540408892834,0.4715314322482258,3.7917973228772196e-06,0.013465025765555246,0.017082561211353296,0.089447021484375,0.01744940042948985,0.09565285846251471,1.0042713908214793,0
828.9285714285713,108.68147879100444,37.42579128630618,15.277777777777779,638.5714285714286,1051.4285714285713,412.8571428571428,72.38259370960793,0.1311107887181441,-0.22823532445251332,-1.1062474070618282,73,11.318579037984213,0.01781459465566896,11.168289184570312,11.420059204101562,0.25177001953125,0.003776643127237336,0.5929671114054971,-6.81992557869506e-07,0.02444643293108259,1.7194488239934977,-3.70330810546875,6.09283447265625,9.796142578125,0.5956980899080754,-0.18119606519537879,3.055500108988536e-06,0.014997469220842633,0.019556289336580896,0.1392059326171875,0.019879336125140177,-0.006902228679685059,1.8401730647324968,0
851.7755102040817,135.57187710174736,55.403923998571756,31.428571428571427,638.5714285714286,1097.142857142857,458.57142857142856,70.44109543091261,0.15916385887786905,0.0034225462497516376,-1.3008590924037435,71,11.301460302443731,0.019835890528651843,11.168289184570312,11.41815185546875,0.2498626708984375,0.21276218163779034,0.5922013565045776,-1.0478091822640172e-06,0.034507315499441964,2.2486893863358657,-4.96826171875,6.890869140625,11.859130859375,0.5779025827374533,-0.20204521314460644,-2.714173995241525e-06,0.012963071550641742,0.01753551009937845,0.1392059326171875,0.017902900643239603,-0.04038733280652148,3.2490605695316432,0
946.3945578231293,77.07726158120569,62.11490975992168,36.507936507936506,734.2857142857143,1097.142857142857,362.8571428571428,63.398504887866586,0.081443052418324,-0.3147380666393271,-0.13003426503618076,64,11.272931743803479,0.025652821902201313,11.16943359375,11.406326293945312,0.2368927001953125,0.15855601196757393,-0.5242355521990745,-1.8326455042934625e-06,0.11485642932710194,2.450999273622359,-4.96826171875,6.91986083984375,11.88812255859375,0.5988646913411159,-0.3972264034016022,7.180583933831322e-06,0.009580114092145648,0.012374743632655054,0.1495513916015625,0.012898160646543418,0.04532773479689204,4.006324937097926,0
870.9873949579833,96.42289350010633,52.18964224091057,30.88235294117647,681.4285714285713,1051.4285714285713,370.0,68.88733447502351,0.11070526859318991,-0.09781016706157471,-0.8750389270160945,69,11.232306843712216,0.027433123673234118,11.09466552734375,11.354446411132812,0.2597808837890625,-0.12102282354763023,-0.7285325665081444,-1.9877984530862073e-06,0.040888468424479164,2.5428956099194613,-5.072021484375,6.91986083984375,11.99188232421875,0.4797889641770022,-0.5649917993737734,-9.021682934674506e-06,0.012804098946707589,0.018809876072297487,0.2556610107421875,0.019153186817733286,0.7360462839649607,12.857351210554537,0
826.760563380282,91.77842951040464,55.82380653532411,35.2112676056338,678.5714285714286,1051.4285714285713,372.8571428571428,72.57240204429299,0.11100968475704816,0.3496596095617067,-0.6085742626364694,72,11.211609304518927,0.017256504673320752,11.074447631835938,11.346817016601562,0.272369384765625,0.15007886774421356,0.7136368879343236,-1.241052282257622e-07,0.016944994245256695,2.606215242285557,-5.072021484375,6.76116943359375,11.83319091796875,0.44610479209237913,-0.721852275086885,7.009771961222968e-06,0.013898591177804129,0.01974196770165989,0.2556610107421875,0.02006332045437918,0.6531823982476092,10.212064508771327,0
835.2917505030181,90.12411816635347,70.55155466670605,32.3943661971831,594.2857142857143,1051.4285714285713,457.142857142857,71.8311894782483,0.10789537680945627,0.1219677769203436,-0.1849630538950735,72,11.195732180277506,0.024770946305406213,11.047744750976562,11.299514770507812,0.25177001953125,-0.3413091615782897,-0.3581533791540128,-1.3738248658307902e-06,0.06420102800641742,2.392599618675462,-4.3792724609375,6.76116943359375,11.14044189453125,0.48292007772496426,-0.7674151347504798,-1.0898484092319075e-05,0.011890189034598214,0.015197001141426542,0.11224365234375,0.015620967269006643,0.2421358478514284,2.0985481602291065,0
836.5392354124748,67.61772312144396,48.76790991934016,23.943661971830984,711.4285714285714,988.5714285714286,277.1428571428571,71.72407157975756,0.08083030688704457,0.2645185458345601,-0.7233973968832115,72,11.17898554120745,0.019329561241585795,11.037445068359375,11.299514770507812,0.2620697021484375,0.09955515771781595,0.3920453872031304,-2.847314726224159e-07,0.08689854939778646,2.0153199755648874,-4.08782958984375,4.99114990234375,9.0789794921875,0.42200740281865456,-0.7707079491614381,5.2995328456867255e-06,0.011017971583775111,0.014125266798454756,0.1503753662109375,0.014594115834087514,0.14721539741291567,2.972452008583711,0
812.3874755381605,66.16372082407416,40.42854338436405,23.28767123287671,695.7142857142858,951.4285714285714,255.71428571428567,73.85638233806277,0.08144355103486112,0.1307614852683742,-0.9283835572138068,74,11.194023840767997,0.02862676432689625,11.0260009765625,11.321640014648438,0.2956390380859375,0.765213815542425,0.2383251568166389,1.3991757400511942e-06,0.09830562046595982,2.4216454786392765,-8.65020751953125,7.87200927734375,16.522216796875,0.005907679256068546,1.6670556787251583,-4.560044441052515e-06,0.009235455104282924,0.011515474351434355,0.1503753662109375,0.012082459713179092,-0.18259110537019968,2.943257834073804,0
856.7701863354038,101.75410745296729,45.77792314313659,27.536231884057973,695.7142857142858,1087.142857142857,391.42857142857133,70.03044802087864,0.1187647622149321,0.14965871272064543,-1.1901817920905275,70,11.213544554937453,0.023758569700518917,10.982894897460938,11.327743530273438,0.3448486328125,-0.056207552880785924,0.40491449468942875,5.30609976399801e-07,0.04646097819010417,2.5066282512695155,-8.65020751953125,7.87200927734375,16.522216796875,0.16944217311945348,1.5675619003994212,7.1952664934174355e-06,0.009667627607073103,0.012323274421663876,0.1049652099609375,0.012835986103150218,-0.1253491155284324,2.718011244817716,0
890.085287846482,91.39021070149168,50.83593117645839,25.37313432835821,704.2857142857143,1087.142857142857,382.8571428571428,67.4092705713259,0.10267579067912228,-0.4034597224297409,-0.7530353313793086,68,11.198321524120512,0.02603674193010596,10.982894897460938,11.327743530273438,0.3448486328125,-0.39113261603315896,-0.08048865134760641,-1.6111490757070762e-06,0.09143149966285342,2.1427593978673616,-4.6051025390625,7.64007568359375,12.24517822265625,0.7800539761353975,0.5366737548163476,4.4058570408565515e-06,0.01116272953578404,0.014749820036173481,0.1315155029296875,0.015174884034178424,0.02533922882083647,4.1784805743104405,0
861.449275362319,74.81239189656361,43.70141788970043,21.73913043478261,712.8571428571429,992.8571428571429,280.0,69.650067294751,0.086844802167949,-0.16859416995836682,-0.9357439173363402,70,11.172470338003976,0.018776534596083146,11.075592041015625,11.287307739257812,0.2117156982421875,0.1236270512975886,0.7601397174711297,-6.26788732693696e-07,0.06557239350818453,2.05484122029121,-4.6051025390625,7.64007568359375,12.24517822265625,0.6504577238730487,0.07874360246238465,6.048487498082585e-06,0.012809708731515067,0.016558965641052508,0.1315155029296875,0.01695196923213257,0.06171417430158424,2.347886616459622,0
854.1836734693878,76.37193072991701,43.96766847405113,25.71428571428571,725.7142857142858,1000.0,274.2857142857142,70.24250388245132,0.08940926068010831,-0.04117063857216684,-0.8859666467942389,71,11.171893573942638,0.01667875456810691,11.02294921875,11.278915405273438,0.2559661865234375,0.05549970140590276,1.483299867493412,4.678041859622381e-07,0.018162681942894346,1.7461825241977886,-3.2928466796875,4.705810546875,7.9986572265625,0.49677656271881915,-0.9667701608704431,3.1252025633086146e-06,0.01373622567313058,0.017211848290748694,0.09539794921875,0.017595261990725735,0.03930038620197507,0.6968437198137201,0
851.2857142857143,90.70252213618917,63.10088259450779,34.285714285714285,690.0,1090.0,400.0,70.4816244336298,0.10654768500643132,0.3714760784331819,-0.2682719020317661,71,11.168547212509882,0.01723674372279472,11.02294921875,11.278915405273438,0.2559661865234375,0.47479335002699863,0.6901102624080488,-7.380800990644632e-07,0.013890003022693453,1.875963036338863,-3.44696044921875,4.41741943359375,7.8643798828125,0.4688714148130781,-0.9877375509489257,4.398220100585422e-07,0.01326396942138672,0.016786728488082655,0.094940185546875,0.017175948747484,0.0020094288173851485,0.9645063471694271,0
869.0756302521008,93.69331490162915,75.56831082520449,35.294117647058826,504.28571428571433,1090.0,585.7142857142857,69.0388706246374,0.10780801076478311,-0.5617075837669445,2.2228889074354834,69,11.168220165797642,0.018758798726511153,11.05804443359375,11.282730102539062,0.2246856689453125,0.607394534121526,0.34203737461190675,9.084021165662699e-07,0.07103365943545387,2.144774289955165,-5.90057373046875,4.7454833984375,10.64605712890625,0.16889859742571925,-0.6682835299482432,-7.946645629365605e-07,0.014543219430106027,0.01989865814435985,0.2408294677734375,0.020225304284721815,0.35971984273535973,7.1556618914319845,0
859.6687370600415,73.74350012816514,53.84189428160876,26.08695652173913,602.8571428571429,1002.8571428571429,400.0,69.79432589952313,0.08578129801527806,-0.3874672799529026,0.45309424057300296,70,11.180685025169735,0.018021713046966908,11.043548583984375,11.306381225585938,0.2628326416015625,-0.06794499521456762,0.7085597233952448,3.4174302500240425e-07,0.04781541370210193,2.156416470702016,-5.90057373046875,4.7454833984375,10.64605712890625,0.11813316824121048,-0.5137968113726572,-8.224551884006491e-06,0.015400713239397321,0.021955845634620642,0.2408294677734375,0.0222530691630542,0.6030571653415343,8.049272068158583,0
837.0020120724346,96.20781943397402,53.453339233565735,26.76056338028169,664.2857142857142,1092.8571428571427,428.57142857142844,71.68441549075699,0.11494335502941198,0.4565608499576049,-0.6606307632591641,72,11.159838849022275,0.028442116144960387,11.043548583984375,11.306381225585938,0.2628326416015625,0.11839513442321128,-1.0277266747149072,-1.977831738081751e-06,0.046481722877139135,2.1753453330785977,-4.82025146484375,4.864501953125,9.68475341796875,0.3170670178075469,-0.8395501287061702,-1.4576771846047176e-06,0.013823767525809152,0.018899100546263013,0.2348785400390625,0.01924635388244072,0.6475331351145911,7.094476990411689,0
803.4942084942085,86.02425993842215,49.03713654378438,21.62162162162162,664.2857142857142,1092.8571428571427,428.57142857142844,74.67384253141444,0.10706270067538665,1.3344575345386966,1.468751617324565,75,11.157090868268694,0.02887240869204266,11.06414794921875,11.288833618164062,0.2246856689453125,0.3043582554096596,-1.000170572589717,1.7738121120626897e-06,0.07244437081473214,2.146516036008675,-4.50897216796875,4.864501953125,9.37347412109375,0.3291951146388004,-0.8915821412516798,-7.290423970946288e-06,0.012597602844238281,0.015966108951388707,0.1172332763671875,0.016376975339710678,0.3668369192933809,1.5688189063045677,0
761.7399267399267,49.13466125320986,26.90699198839901,6.41025641025641,684.2857142857142,945.7142857142858,261.42857142857156,78.76704094635859,0.06450319791361735,1.321088596837087,2.92985190814506,79,11.181583023071289,0.019481872755292205,11.060333251953125,11.28997802734375,0.229644775390625,-0.7664807987492535,1.9715351229570084,4.4972216412660146e-07,0.07024470738002232,2.1600878919946287,-4.83245849609375,4.49066162109375,9.3231201171875,0.1630781392664589,-0.860045887793154,-1.1044710826060456e-06,0.011633846827915737,0.014719237006939114,0.1172332763671875,0.015158533934192678,0.2902241387697564,1.7467853237383268,0
812.8571428571429,121.19062677407065,100.01771385059862,19.17808219178082,420.0,1117.142857142857,697.1428571428571,73.81370826010544,0.1490921594760096,0.2020939401544106,0.21292929787126447,74,11.195848610287621,0.022885913062925933,11.060333251953125,11.312484741210938,0.2521514892578125,0.5519536684594228,-0.24044864321612103,1.0851511397615014e-06,0.14933053879510788,2.1703963573080545,-4.83245849609375,6.61468505859375,11.4471435546875,0.2861602341865088,-0.6265946624279795,6.5357161463502065e-06,0.012507516043526786,0.01616771367722913,0.14813232421875,0.016561248409603668,0.4672520592388101,3.5067326143770465,0
899.5887445887446,101.81949091024624,114.8924826721413,34.84848484848485,420.0,1117.142857142857,697.1428571428571,66.69714395707514,0.11318448738127997,-2.1749856017376823,8.05147048953891,67,11.20362373533703,0.020678541808094232,11.109542846679688,11.312484741210938,0.20294189453125,0.25305802387713755,-0.218532817270348,-6.531871503336656e-08,0.05732294718424479,2.0198958914640075,-5.08880615234375,6.61468505859375,11.7034912109375,0.4941599791229836,-0.26161550437249836,-3.890774941927763e-07,0.012131499154227121,0.015627133066916064,0.14813232421875,0.016035427482235826,0.44865366043456634,3.8154699667740184,0
868.3850931677018,68.86579030581254,51.56814626766986,21.73913043478261,644.2857142857142,1000.0,355.7142857142858,69.0937701165868,0.07930328473811472,-0.7680580340495845,0.46953061316673894,70,11.192340133303688,0.016500748585364954,11.0595703125,11.293411254882812,0.2338409423828125,0.4860527204587696,0.7611597789529001,-7.345456816428308e-07,-0.04519500732421875,1.9586374534558322,-5.08880615234375,4.78515625,9.87396240234375,0.2977757756661133,-0.6152166845161768,5.049162236769211e-06,0.011590678623744419,0.0150195379219589,0.13311767578125,0.015447928442542254,0.10328632899111254,3.2255250307768346,0
871.1134453781514,109.79732654514272,52.63625834882028,30.88235294117647,661.4285714285714,1060.0,398.57142857142856,68.87736645363559,0.12604251160132143,-0.20290949353138316,-0.9796721965112454,69,11.187558991568428,0.013489744514808834,10.999679565429688,11.272048950195312,0.272369384765625,0.37442364960819063,2.907430517896076,3.014245314254719e-07,0.08696387154715401,1.8721634638742737,-4.40826416015625,4.63104248046875,9.039306640625,0.4207117619402094,-0.9067010528296473,3.587851937699546e-06,0.01047673579624721,0.014247542989304434,0.1882781982421875,0.014694347319869143,0.10177568635500013,7.854849345414797,0
891.4072494669509,130.83892307524664,71.55140952712595,37.3134328358209,470.0,1064.2857142857142,594.2857142857142,67.3093022699548,0.14677794369911898,-1.0888066847741404,0.8338482056508436,68,11.20371648697626,0.02492884525368289,10.999679565429688,11.357498168945312,0.357818603515625,1.1206007757954515,1.1002433731929866,1.4519433207727111e-06,0.13113806588309151,2.029540420961625,-4.60662841796875,5.65338134765625,10.260009765625,0.44866057535944365,-0.9061602340926287,-1.3592656572370813e-07,0.011154061453683035,0.016078743427185592,0.23345947265625,0.016473582007222053,-0.1848960915900052,13.349964450031624,0
974.9882903981264,179.7095576817473,210.1691900240712,50.81967213114754,405.71428571428567,1158.5714285714287,752.857142857143,61.53920061491161,0.18431970870990128,-2.2282941918890473,4.007527484124072,62,11.832841945829845,0.04990660629278614,11.503219604492188,12.054824829101562,0.551605224609375,0.93936096976019,0.15250984574378057,7.256032229886407e-07,0.009703899565197172,2.367569851374193,-3.924560546875,7.891845703125,11.81640625,0.9201829488400428,0.19456579723629153,-2.4056638034955276e-06,0.006308555603027344,0.007641747213463992,0.06903076171875,0.008445327420863942,-0.806060531332329,4.429941585153265,2
936.8526785714286,167.7043719096827,208.97989078422495,54.6875,402.85714285714283,1165.7142857142858,762.8571428571429,64.04422100974483,0.17900826431473602,-1.9398555220440281,3.341968962324305,65,11.905468986147927,0.0896706154772618,11.503219604492188,12.117385864257812,0.614166259765625,-0.25972944838461526,-1.3451159911480846,6.798079266400306e-06,0.05143697829473586,2.7423316792633234,-7.00836181640625,7.891845703125,14.90020751953125,0.5014304159595455,-0.19779511262706873,4.027744871346027e-07,0.006514622279575893,0.00791861178445067,0.06903076171875,0.00868711288977553,-0.7279718538830547,3.7989627102235017,2
966.8618266978924,124.3684130022651,157.60559574305668,44.26229508196721,402.85714285714283,1165.7142857142858,762.8571428571429,62.0564369625772,0.12863100969351385,-2.8033407220023845,9.824311274320577,62,11.976253772917248,0.03029299452149815,11.71112060546875,12.117385864257812,0.4062652587890625,0.3012932701274636,0.5065127860710321,2.8925672630373105e-07,0.10503877912248884,2.623423235559516,-7.00836181640625,6.50482177734375,13.51318359375,0.15392244635771757,-0.7054106515619241,-1.0866520065125888e-06,0.00629993656703404,0.007615130450857326,0.05731201171875,0.008401748803065788,-0.818109735826981,3.9950139736634336,2
1015.9852216748769,50.21309754569844,48.414533566981866,27.586206896551722,874.2857142857143,1122.8571428571427,248.57142857142833,59.055977114596715,0.049423058991862986,-0.5015608360335556,0.18244730273779686,59,11.940134947640555,0.04162220928053381,11.71112060546875,12.099838256835938,0.3887176513671875,-0.1921115635373964,-1.0396247482422953,-3.1306197480759816e-06,0.05077144077845982,2.21813801502948,-5.02166748046875,5.49774169921875,10.5194091796875,0.3723080361668323,-0.9178646485456055,-1.632990073291637e-06,0.006243362426757813,0.0075321142903249,0.0556640625,0.008328692766712416,-0.8461936001811485,4.158379170613192,2
1004.0193704600485,100.23924151595328,128.7684587725804,45.76271186440678,401.4285714285714,1157.1428571428573,755.714285714286,59.759803212270285,0.0998379557856767,-3.8337077804063444,19.917994224540962,60,11.871818769545783,0.040754232428486144,11.734771728515625,12.02239990234375,0.287628173828125,0.12431379659570031,-0.9740560102397837,-3.214490797698587e-06,0.008808135986328125,2.203261009761794,-5.02166748046875,5.6060791015625,10.62774658203125,0.3758934815307062,-0.8868021916827771,-1.0982564367027007e-06,0.006295375279017857,0.0076331071574681905,0.06202697753906251,0.008430792163512519,-0.8850896367774909,4.329011945386911,2
972.4824355971897,154.44975701906492,199.23535803455286,49.18032786885246,401.4285714285714,1157.1428571428573,755.714285714286,61.697772426249244,0.15882009933086266,-2.472351180762233,6.331862419249417,62,11.803668939499628,0.04345907032041646,11.646652221679688,11.952590942382812,0.305938720703125,-0.19009552804553842,-0.9649454701995177,-3.4330048084099005e-06,0.04148621332077753,2.1215186608970082,-4.11224365234375,5.94024658203125,10.052490234375,0.51188322125652,-0.637030897758796,-4.608942528270681e-06,0.006244078499930246,0.0075720095797162205,0.06202697753906251,0.00838142730142791,-0.9484798685120471,4.689138873841898,2
987.952380952381,172.40246511382676,196.83969742454414,55.00000000000001,401.4285714285714,1187.142857142857,785.7142857142858,60.731672048970935,0.174504832862118,-2.044909302313183,4.048129706980363,61,11.73887785048712,0.039762500624240894,11.446380615234375,11.894607543945312,0.4482269287109375,0.2697909677900037,-0.6555218398666205,-3.0750713954638277e-06,0.0819181169782366,2.029501384711922,-4.010009765625,5.94024658203125,9.95025634765625,0.5207267422674294,-0.5789165823102,-5.320276460985166e-06,0.006279138837541853,0.007572826962674711,0.0631256103515625,0.008388498226325942,-0.8892193522050682,4.442440587976114,2
1007.9661016949153,118.49576143630395,118.4734594376859,55.932203389830505,410.0,1187.142857142857,777.1428571428571,59.52581133344543,0.11755927231783979,-2.2774543114989214,9.041021429210282,60,11.673081307184129,0.04165602922742059,11.3922119140625,11.82403564453125,0.43182373046875,0.172197149839299,-1.0630407020258437,-3.2572624514474964e-06,0.0802322750999814,2.1363366421930157,-4.010009765625,4.93621826171875,8.94622802734375,0.4539769339764309,-0.9604093088339924,-3.9283690715503636e-06,0.006793647766113281,0.008553015760807635,0.0969085693359375,0.009284620941750612,-0.532795458739249,6.816369916852352,2
984.3333333333335,136.75290957286424,173.32286729260687,48.333333333333336,401.4285714285714,1165.7142857142858,764.2857142857144,60.95496105655265,0.13892947128973676,-2.4212341447509305,8.004247298107071,61,11.619164557684035,0.024432828004065148,11.3922119140625,11.754226684570312,0.3620147705078125,0.3982515890531583,0.07482372683430638,-1.7352609859557284e-06,0.15415307907831102,2.7335847608821653,-8.18328857421875,16.8731689453125,25.05645751953125,1.2822685930883126,5.281545136627582,1.1477281870921034e-05,0.0070293230329241075,0.008818708284611034,0.0969085693359375,0.009529907273806185,-0.48004958961733973,5.956913038260078,2
961.1520737327188,195.35013360911202,236.35694097347042,54.83870967741935,401.4285714285714,1165.7142857142858,764.2857142857144,62.42508510332263,0.2032458119249044,-1.7175410546244518,2.2269768998444794,63,11.582733154296875,0.025868300260411637,11.435317993164062,11.71417236328125,0.2788543701171875,-0.2436109948745054,-0.727996174845476,-1.8553919881465399e-06,0.06179377237955729,2.891042147025358,-8.52508544921875,16.8731689453125,25.39825439453125,0.8299017472186362,4.7596053496416335,5.889771589943402e-07,0.006612758091517857,0.007957111444380438,0.06211853027343749,0.0087565129449837,-0.727635157381536,3.4815005012976687,2
979.9761904761904,201.31109233147487,216.9017872996775,51.66666666666667,400.0,1195.7142857142858,795.7142857142858,61.22597730751477,0.20542447284729817,-1.870188190235933,2.5100823579316582,61,11.548655991327195,0.02346215333221189,11.435317993164062,11.68365478515625,0.2483367919921875,0.7788737484488759,0.3290395448464887,-1.5797860381583054e-06,-0.0769118172781808,2.361639977718281,-8.52508544921875,6.26373291015625,14.788818359375,-0.3631969352291129,1.0114864827450454,8.834681121797646e-06,0.006435347420828683,0.007747259389907727,0.0627593994140625,0.008581617015301338,-0.8120864414829996,4.210106921214214,2
603.2467532467532,105.18192428219179,104.20151159528439,34.34343434343434,400.0,848.5714285714286,448.57142857142856,99.46178686759957,0.17435970225465594,0.2557352989915055,-0.40488521935398136,100,15.536490612938291,0.16081355847952156,15.161895751953125,15.961074829101562,0.7991790771484375,-0.173730176989695,-0.15275560931971555,1.2116428681098149e-05,-0.15886462983630953,6.511434344066574,-20.28656005859375,14.67132568359375,34.9578857421875,-0.36319145260143676,0.3413168948180103,-1.1531709191792437e-05,0.010620306832449777,0.015156817385593893,0.1527557373046875,0.015167916881603394,-0.3218965988302077,6.597785636678994,1
653.7833594976452,123.7718085017263,155.92653366321832,48.35164835164835,400.0,1022.8571428571429,622.8571428571429,91.77351966575422,0.18931624169331907,-0.22387980181119155,0.35213449684098297,92,15.814176859174456,0.19310686914368247,15.480422973632812,16.180038452148438,0.699615478515625,0.002057076452167494,-1.5545195693115639,1.5080706392162545e-05,-0.11431194487072173,5.386821940629551,-20.28656005859375,12.37640380859375,32.6629638671875,-0.38116060485209585,0.4288107669960004,2.223616049531546e-05,0.011380692618233816,0.016667487592180123,0.253509521484375,0.01669289853096571,-0.34960181790926814,11.171315244378878,1
631.5045592705167,140.82696752271795,169.73122849842315,62.76595744680851,411.42857142857144,1022.8571428571429,611.4285714285714,95.01119052775974,0.22300229737912647,0.24239060748299301,-0.22287180290041553,95,16.14615732828776,0.2032644952138598,15.729141235351562,16.719436645507812,0.99029541015625,0.2940508375077775,-0.8693276748648322,1.5197078886946179e-05,0.3350190662202381,5.789303190603614,-21.710205078125,12.26959228515625,33.97979736328125,-0.9797413511823397,1.637126950304875,-7.501676723975025e-06,0.013551025390625,0.020172759000733734,0.253509521484375,0.02021555881045088,-0.155339867103902,8.973021762965985,1
651.7080745341615,131.45477039888155,142.17939702161462,56.52173913043478,411.42857142857144,907.1428571428571,495.71428571428567,92.06576125804146,0.2017080584629014,-0.1346836196816742,-0.7454099284070952,93,16.469246146792457,0.1993374442021608,15.981292724609375,16.955184936523438,0.9738922119140625,-0.33044375147570226,-0.5344711897760743,1.4499539174934696e-05,0.19680513654436385,6.255587866056011,-27.13470458984375,10.96954345703125,38.104248046875,-1.4232040221382887,3.1282486428312275,1.8587482952649386e-05,0.013205895560128349,0.019536505113199997,0.2312164306640625,0.01960755520407336,-0.09072504193978584,7.586244188660265,1
698.7058823529412,127.3764492884972,128.15787609450092,48.23529411764706,400.0,997.1428571428571,597.1428571428571,85.87304259976426,0.1823033875992972,-0.5205380359845011,0.09706029974968278,86,16.66489117940267,0.10184260035144348,16.347122192382812,17.003250122070312,0.6561279296875,0.5846489714032193,-0.2436028060194193,5.199934004051854e-06,0.058675893147786456,5.868313939673619,-27.13470458984375,12.5518798828125,39.68658447265625,-1.113412392638316,3.290807751604791,3.352732434173072e-05,0.012206331525530134,0.018149672872744275,0.24526977539062503,0.01824500659663919,-0.1224630615376042,9.29594507746377,1
668.8121990369181,156.6610497853167,167.43363263038597,55.0561797752809,400.0,997.1428571428571,597.1428571428571,89.71128230974153,0.23423772773718365,-0.07350771566944517,-0.840392646574633,90,16.789314996628534,0.1327370299377987,16.347122192382812,17.17376708984375,0.8266448974609375,0.15699267928550026,-0.5876698468622519,9.324494919102853e-06,-0.24782322474888394,5.313666284253488,-22.48077392578125,13.92669677734375,36.407470703125,-0.335655842671266,1.1442894076229102,-7.732425681476303e-06,0.01479953874860491,0.021882170807226695,0.24526977539062503,0.02196936464177819,-0.15809590905212356,6.370778876685531,1
651.4599686028258,152.76710299042728,178.9719318243852,47.25274725274725,404.2857142857143,990.0,585.7142857142858,92.10082413610293,0.23449960143838777,-0.015239020084557128,-0.8956557949715722,92,17.051995568048387,0.2239810468774296,16.497039794921875,17.545700073242188,1.0486602783203125,0.24664347364035755,-1.3289014468057514,1.663869536993768e-05,-0.2265978495279948,5.815666450544086,-19.158935546875,17.37518310546875,36.53411865234375,-0.08811126631526571,0.824893706324235,-5.9068826725583e-06,0.01440074702671596,0.02151687463595347,0.33599853515625,0.021621902436066792,-0.11318342674229125,10.711808377284008,1
674.8768472906404,169.3919181762418,196.25582860397967,45.97701149425287,401.4285714285714,1081.4285714285713,680.0,88.9051094890511,0.25099678386698604,0.007525428956467467,-0.6880456030015965,88,17.428071031116303,0.24828066158283535,16.8060302734375,17.980575561523438,1.1745452880859375,-0.44416357544150575,-0.3586268272487225,1.8645241576108078e-05,0.22245654151553199,6.262165071038374,-19.158935546875,17.37518310546875,36.53411865234375,-0.2852892893988212,0.21857604310661882,-2.2778766943174737e-05,0.012873163495744978,0.02034618306858399,0.33599853515625,0.020478202262481003,0.18471243484246053,20.875798107296344,1
696.7607973421927,190.89893314965022,234.8861439085756,55.81395348837209,401.4285714285714,1081.4285714285713,680.0,86.11276671832161,0.27398058828487165,-0.035024932206022805,-1.13687198939994,87,17.710042926243375,0.13075461472277486,17.261123657226562,18.053054809570312,0.79193115234375,-0.28953953358442985,0.23513718812470463,8.727701222944805e-06,0.4616473606654576,5.706160595082597,-17.16461181640625,14.55841064453125,31.7230224609375,-0.11970678179216004,-0.019038105744562994,9.9753807093528e-06,0.01797256142752511,0.02721200057456363,0.325286865234375,0.027316292347949342,0.06597548759186501,7.329026506031333,1
771.2801484230056,200.81184081202625,190.67161810450648,45.45454545454545,418.5714285714286,1124.2857142857142,705.7142857142856,77.7927451169056,0.26036173914577637,-0.46540950238051443,-1.1372212957504593,78,17.924313681466238,0.17133939604929305,17.603302001953125,18.461990356445312,0.8586883544921875,0.391554682127574,-0.5997692976834457,1.1714027938032945e-05,0.030072784423828124,5.412161658632427,-19.11468505859375,14.55841064453125,33.673095703125,-0.2792091488352302,1.1868387300633731,-4.785190320418376e-06,0.01554664829799107,0.024867430179034377,0.2511749267578125,0.024984227957848135,-0.005874719542802318,7.2938671755415285,1
709.795918367347,196.9024146053374,94.20314018311164,22.61904761904762,465.71428571428567,1124.2857142857142,658.5714285714286,84.53133985048878,0.27740708210642706,0.3531461154422428,-1.422031987253274,85,18.17904361543201,0.16947286554011007,17.743682861328125,18.535232543945312,0.7915496826171875,-0.0880997909945669,-0.8965182739095185,1.1547840094741856e-05,-0.1641373770577567,4.55179254618958,-19.11468505859375,10.66436767578125,29.779052734375,-0.5973347631525271,1.4516486720215127,3.5333697896684205e-05,0.007892299107142857,0.012211889767597331,0.1815032958984375,0.01245419699520182,-0.09595259879654848,22.56744642774154,1
551.3492063492064,90.93385362142047,45.00535073196252,6.481481481481481,474.28571428571433,1065.7142857142856,591.4285714285712,108.82395278537497,0.16492968988482767,2.8534846787753474,10.06725346539924,109,18.410609254382905,0.1597580513004331,18.066024780273438,18.819046020507812,0.753021240234375,0.08161419399117836,-0.6273584950958773,1.1595135639933426e-05,-0.05700055076962426,4.524316904561608,-14.776611328125,10.66436767578125,25.44097900390625,-0.3541566936474316,0.04068076781752428,-2.633247634568886e-05,0.007912179129464285,0.010376610800622306,0.0887603759765625,0.010650562557829816,-0.726985157938744,3.4157370349607765,1
557.1295060080108,70.54067516031688,45.00780747741172,8.411214953271028,474.28571428571433,924.2857142857142,449.9999999999999,107.69488844688344,0.12661450237263613,2.6198443824246334,8.90093004465034,108,18.70135970342727,0.211357224714528,18.120193481445312,19.191741943359375,1.0715484619140625,-0.07896245590799687,-1.1093756512551207,1.627860390159089e-05,-0.08405213128952753,4.476258567333503,-14.776611328125,13.88702392578125,28.66363525390625,-0.008895646572044254,0.8630518497350699,-1.2492516512796284e-05,0.008982185363769532,0.011848399619577772,0.0940704345703125,0.012071249703666244,-0.526860167380804,3.1715600338850454,1
618.8988095238095,101.60813230053573,99.87317414099132,30.208333333333332,532.8571428571428,952.8571428571429,420.0000000000001,96.94638134166867,0.16417567902370764,1.9055075819477563,2.6994115144258872,97,19.016380073910668,0.170648226976472,18.59283447265625,19.43817138671875,0.8453369140625,0.1441597391784046,-0.9996189155947599,1.2441387492499904e-05,0.2621030535016741,3.9640210440371044,-13.81988525390625,13.88702392578125,27.7069091796875,0.3726030910735505,1.1890181538777558,-8.893678097195085e-06,0.008969456263950893,0.011686338940654928,0.0940704345703125,0.011899107022536316,-0.3799947163840051,2.659764581152398,1
694.3193277310924,133.49561529244758,133.27953846764947,47.05882352941176,462.85714285714283,1054.2857142857142,591.4285714285713,86.4155693261038,0.19226832663392313,0.6116170559200085,-0.3039293938955794,86,19.273609315781368,0.18187190923598373,18.865203857421875,19.847488403320312,0.9822845458984375,0.6717003142219874,0.34902553557820193,1.1904216084589093e-05,0.1591414315359933,4.663236696609722,-18.75762939453125,20.61920166015625,39.3768310546875,0.524040805322708,4.659468449566115,-1.9864309817948723e-05,0.008294476100376674,0.010722802804427039,0.0765838623046875,0.01093639638941267,-0.4042920189531977,2.040346169633401,1
717.7108433734938,105.31368945710909,101.24068577379468,37.34939759036144,462.85714285714283,1054.2857142857142,591.4285714285713,83.59912707738796,0.14673554179855727,0.7594196379243148,1.3419629861150568,84,19.497541772751582,0.1985186424453278,19.159698486328125,20.103836059570312,0.9441375732421875,0.7074267932418307,-0.16399572266145102,1.2493443816829955e-05,0.040512339274088545,4.371319692797412,-18.75762939453125,20.61920166015625,39.3768310546875,0.8397851007583924,6.2543846058856545,1.7761185754922408e-05,0.00936077880859375,0.012204482653947217,0.08074951171875,0.01236961482096102,-0.43607617328605025,1.8057183946372222,1
654.850863422292,98.0470613761007,100.437365552333,37.362637362637365,407.14285714285717,972.8571428571429,565.7142857142858,91.6239152322961,0.14972426067165973,0.6625280597045946,1.987927984360791,92,19.66988127572196,0.1568947634044656,19.292831420898438,20.103836059570312,0.811004638671875,-0.23885658553664343,-0.3099703446118345,9.177260353465156e-06,0.059670911516462054,4.127721833429516,-19.879150390625,12.54425048828125,32.42340087890625,-0.44346950523322054,3.4808212323400403,-5.416602791167412e-07,0.009606512887137276,0.01252868077504869,0.08074951171875,0.012668768871535651,-0.41351540872519926,1.6165612585483142,1
656.047619047619,111.3970346092206,123.76711419184502,46.666666666666664,407.14285714285717,985.7142857142858,578.5714285714287,91.45677578572985,0.16980022695751126,0.7684923668482827,1.4967691797666483,91,19.81881306966146,0.12029320395966756,19.537353515625,20.271682739257812,0.7343292236328125,0.8642022264548096,0.7748825283099765,7.401624924544141e-06,-0.05391802106584821,5.487391325130207,-19.879150390625,18.93463134765625,38.81378173828125,0.1465035331875188,2.078715965302985,-8.290165366178902e-07,0.00813224356515067,0.010668603106590973,0.0699920654296875,0.010814439063295706,-0.4761645147553497,2.1969975052447053,1
707.0238095238094,118.70990363592418,130.93411440951357,50.0,421.42857142857144,985.7142857142858,564.2857142857143,84.86277151035529,0.16790085713786215,0.2651082991619935,0.2550746353440978,85,19.89218331291562,0.08864598263344413,19.64569091796875,20.271682739257812,0.6259918212890625,1.0054170868367165,1.7394151589933395,9.165967004557124e-07,-0.004761686779203869,4.673059764362487,-15.75775146484375,18.93463134765625,34.6923828125,0.4723196708261089,3.3140160036011057,-1.171852927617394e-05,0.007658717564174107,0.0099532612466633,0.0761260986328125,0.010098834842563062,-0.5491017451539031,2.2350789455556974,1
711.3265306122448,117.66615853608774,130.1879634505095,48.80952380952381,412.8571428571429,1005.7142857142858,592.8571428571429,84.34944771194951,0.16541792478176157,-0.46438395272736677,1.0645527988968206,85,19.969665145874025,0.14282703458018225,19.680404663085938,20.433425903320312,0.753021240234375,1.228969071061947,0.5009158492407488,8.778286493519417e-06,0.1530976795014881,2.836582443988172,-10.284423828125,6.57806396484375,16.86248779296875,-0.26365066505088,0.5391572369776938,-2.2332428841357614e-06,0.008230310712541853,0.010798610728749155,0.080841064453125,0.010927707908314153,-0.31328682372785577,2.451626850664331,1
585.3221288515407,195.4909024780705,250.2232585654187,81.37254901960785,400.0,1121.4285714285713,721.4285714285713,102.50765696784072,0.3339885728592609,1.025597628186004,-0.19399358697406743,103,4.156569535391672,0.028449366477261786,3.957366943359375,4.259490966796875,0.3021240234375,0.05042646470828175,-0.7235557514495561,-2.240355080637751e-06,0.05393331618536086,0.5476069452571639,-2.2064208984375,2.984619140625,5.1910400390625,1.0340610418553147,6.699387578916852,1.1402989283069792e-06,0.01149075426374163,0.01596681823139262,0.1591644287109375,0.01614398422618931,-0.4102874889254942,3.8633742402617477,0
635.1367781155017,216.91160289738454,270.06237139134834,82.97872340425532,400.0,1071.4285714285713,671.4285714285713,94.46784073506889,0.3415195126016438,0.4926384889734377,-1.4455325710365932,95,4.10851560320173,0.03068932575882981,3.957366943359375,4.21905517578125,0.261688232421875,0.02924510022468846,-0.9841523119595084,-2.438592083097832e-06,0.06952343895321801,0.23375594366218314,-1.00250244140625,0.76141357421875,1.763916015625,-0.2576711111458478,-0.23731051685204152,-5.7149641948603785e-08,0.009383432660784041,0.01189490591851342,0.0727386474609375,0.012133288328606806,-0.28193471443222173,0.8437291858284222,0
710.5102040816325,214.08501291080506,218.47798166651938,70.23809523809523,400.0,1011.4285714285713,611.4285714285713,84.44635932787592,0.3013116654496467,-0.2619420662152093,-1.6648641741666335,85,4.0605198178972515,0.027685573665777223,3.9600372314453125,4.1919708251953125,0.23193359375,0.17405852417744722,-0.8410527416311822,-2.167650057337917e-06,0.07363041469029018,0.6929599638136031,-3.28826904296875,3.2562255859375,6.54449462890625,0.8498985304275042,7.211859266125458,-8.799732476450804e-07,0.010745700291224888,0.01806766807133644,0.4021453857421875,0.01822185103588358,-0.6763854477685187,41.81983575167841,0
829.5833333333334,186.75022994458064,178.83023498907818,59.72222222222222,407.14285714285717,1082.857142857143,675.7142857142858,72.32546459065796,0.2251132857192333,-1.1284726194436676,0.12360043565290724,73,4.025566146487281,0.01903180558170009,3.7807464599609375,4.1454315185546875,0.36468505859375,0.029841558136417316,0.26657129088179277,-1.3443363345295424e-06,0.050008029029482884,1.3241277816929207,-4.11529541015625,8.82720947265625,12.9425048828125,2.1075722809918043,13.521612082006879,-3.563902541396229e-06,0.009597456795828683,0.01714897821417989,0.4021453857421875,0.017314197654178753,-0.7620692790917065,51.90186569079517,0
895.4329004329005,132.3883223127507,129.8344556397553,40.909090909090914,412.8571428571429,1082.857142857143,670.0,67.00669583504556,0.14784840075537434,-2.1583769623907525,4.940491568157805,67,3.996724646432059,0.021303853405059282,3.7807464599609375,4.1103363037109375,0.32958984375,0.1886391109908253,-0.4620310033921231,-1.589963438294454e-06,0.07736115228562128,1.205389652172713,-4.11529541015625,8.82720947265625,12.9425048828125,2.5459500758789915,19.795185574292265,5.943676915153869e-07,0.00887839617047991,0.011352010913037456,0.0738372802734375,0.011599900066695541,-0.25659283102600655,1.15688180680326,0
817.4951076320939,175.46834662293801,175.75864067875193,34.24657534246575,404.2857142857143,994.2857142857143,590.0,73.39493464834587,0.21464146388739724,-1.571839521939081,0.8979045292403063,74,3.963924589611235,0.019884940980054045,3.878021240234375,4.0653228759765625,0.1873016357421875,0.25795805715906506,-0.7224513466882181,-1.4751365455582588e-06,0.08764764694940476,0.8260307501551412,-2.3956298828125,4.14276123046875,6.53839111328125,1.5532688155620198,5.753884701999199,-3.565404997913835e-06,0.010466267177036831,0.013468499644232574,0.10089111328125,0.013680497337170602,-0.24683537683442114,1.4200732476381024,0
777.5563909774436,181.3761418219218,197.37653507608107,36.84210526315789,402.85714285714283,974.2857142857143,571.4285714285716,77.16482135086787,0.23326429301663784,-1.286810127118834,-0.0917898403727917,77,3.9389994303385416,0.013002349254960216,3.85894775390625,4.0309906005859375,0.1720428466796875,0.47779980672121086,0.5686439855027663,-8.175968153173702e-07,0.06967224847702753,0.7839608586323986,-2.22930908203125,4.14276123046875,6.3720703125,1.8931776372824585,7.546528181752333,1.9261822570855658e-06,0.01027364022391183,0.013214247161204491,0.10089111328125,0.013430690109380703,-0.2677012132682931,1.5016198908611171,0
804.3243243243244,154.77773915147978,165.66771732477267,31.08108108108108,402.85714285714283,934.2857142857142,531.4285714285713,74.59677419354838,0.19243200096118115,-1.848439672106982,1.7569389317279231,75,3.9213115873790922,0.013216298778454209,3.857421875,4.004669189453125,0.147247314453125,0.23001963597975242,0.3937367665500391,-8.330798768296446e-07,0.07314442225864955,0.4981718797256991,-1.7852783203125,1.13067626953125,2.91595458984375,-0.5546585135692709,0.08858873188951133,-7.636725112157953e-07,0.009979898725237165,0.012636723975363966,0.08074951171875,0.012855828599743699,-0.26130889489753273,0.7143305055277573,0
774.7124304267162,165.69638201139227,172.38751216419686,36.36363636363637,404.2857142857143,938.5714285714287,534.2857142857144,77.44809253538328,0.21388114544660877,-1.354660918055165,0.28872317999219455,78,3.905976767767043,0.011421133611594065,3.842926025390625,4.00390625,0.160980224609375,0.6437605559241484,1.4409089658787844,-5.398258047625594e-07,0.04817726498558408,1.0970605936918378,-4.68902587890625,6.158447265625,10.84747314453125,1.0537381736677267,9.560867015286563,-1.808651047481662e-06,0.01017954363141741,0.013172613114884995,0.12483215332031249,0.01338211120254313,-0.20151671510170355,2.596989943115414,0
751.3019891500903,189.16002034657265,199.90945098308887,41.77215189873418,404.2857142857143,974.2857142857143,570.0,79.86136183117915,0.2517762804815142,-0.8888447194662082,-0.8646056936977113,80,3.895427758353097,0.009962824973967492,3.7830352783203125,4.00390625,0.2208709716796875,0.8024810721218841,3.4039153506293784,-3.4246611847795943e-07,0.05862168811616444,1.2784140724762147,-4.68902587890625,6.158447265625,10.84747314453125,0.8103589497238303,5.335704458061253,-1.807832668996876e-06,0.00968580082484654,0.012740819226447623,0.1500091552734375,0.012951047112263397,-0.21973268970169035,4.410020697113661,0
731.3932980599648,201.39147785448444,201.79980987430616,46.913580246913575,401.4285714285714,974.2857142857143,572.8571428571429,82.0352061731372,0.2753531901217571,-0.687327685112719,-1.2569547803521175,82,3.882200640723819,0.013005850935486205,3.7830352783203125,3.9836883544921875,0.200653076171875,0.30254812567047284,0.6573610986688037,-7.85798911332114e-07,0.08225293840680803,0.8426570915963335,-3.7078857421875,3.62701416015625,7.33489990234375,0.4051300091059469,5.555164760554968,-2.875695677849914e-06,0.008216173444475446,0.010689983243698959,0.1500091552734375,0.010937749883536633,-0.3481433905454984,4.136015066139873,0
745.9642857142857,172.439545011211,164.6265039950074,47.5,401.4285714285714,964.2857142857143,562.8571428571429,80.43280509407766,0.23116327190663613,-1.046399719928202,-0.35295577162237946,81,3.872542181469145,0.009448469427562837,3.8116455078125,3.9836883544921875,0.1720428466796875,1.0477036636078436,4.16234664955328,-1.099015039422697e-07,0.09804901849655878,0.8850027558936119,-5.084228515625,4.18853759765625,9.27276611328125,0.14898836426204073,6.804367110925643,-2.647908662369907e-07,0.007803653172084263,0.010132769245314541,0.1077117919921875,0.010399397002887127,-0.4639915255282329,2.7393737300337797,0
800.096525096525,152.56211037606388,149.11246138141104,45.94594594594595,412.8571428571429,1034.2857142857142,621.4285714285713,74.99095186391604,0.1906796312578142,-1.3467222578165265,1.0382373044894528,75,3.8724772407895043,0.009644181743386932,3.810882568359375,3.9699554443359375,0.1590728759765625,1.0159067487673128,3.4935270937694733,5.679400697198013e-08,0.030599503290085567,1.1850253550368397,-5.084228515625,5.40313720703125,10.48736572265625,0.8308906708873863,4.040385967011819,-7.15118024432547e-06,0.009564000810895647,0.014654933015783758,0.3072967529296875,0.014832437325142878,-0.2848172565280722,25.94665094848564,0
739.9107142857143,173.78695374902958,182.2133501854125,37.5,408.5714285714286,1021.4285714285713,612.8571428571427,81.09086521057077,0.23487557403030423,-0.747741521156867,-0.6470972230568757,81,3.878224872407459,0.014048580329105501,3.7738800048828125,3.972625732421875,0.1987457275390625,1.3907353485188685,2.8620958609988403,1.8242136690983572e-07,0.03969486781529018,2.4743297359061036,-5.36041259765625,16.0919189453125,21.45233154296875,2.8329151351548543,14.387363682649703,-2.1614499610077563e-06,0.01432904815673828,0.02093724889060725,0.3072967529296875,0.02105944134945748,-0.44212435338128664,8.029221518796465,0
694.7009966777409,170.99555864515256,188.22797854932062,32.55813953488372,404.2857142857143,928.5714285714286,524.2857142857142,86.36809258506491,0.24614267067832388,-0.7399438761619285,-1.09962813023359,87,3.8699605850946335,0.019104816360991053,3.6529541015625,3.972625732421875,0.319671630859375,0.663941775265055,1.2837754445983691,-1.2648442408689587e-06,0.13259989420572918,2.5671770924376425,-5.36041259765625,16.0919189453125,21.45233154296875,2.4261024888756393,11.588649960600279,-7.068228800201859e-06,0.016077843802315847,0.021226874564687824,0.1728057861328125,0.02135365850913062,-0.4613344186426461,2.0969586649050918,0
716.4027538726334,167.56685434031368,180.25360984628912,36.144578313253014,404.2857142857143,908.5714285714286,504.2857142857143,83.75177185690603,0.23390034925815595,-1.0309606199009125,-0.6303572430932491,84,3.8500680287679034,0.01244201280033894,3.6529541015625,3.95965576171875,0.30670166015625,0.48921272300467483,4.014594162276331,-5.853583380898461e-07,0.08761771065848215,1.512232926585002,-2.6214599609375,3.23333740234375,5.85479736328125,0.42472141977444183,-1.2412345951679984,-4.813226358406995e-06,0.0140603757585798,0.01799003904891608,0.1293182373046875,0.01813779904247876,-0.34334069065471956,0.7260916455872168,0
752.730560578662,158.1697811302654,181.12373802800408,41.77215189873418,402.85714285714283,951.4285714285714,548.5714285714287,79.70979676163934,0.2101280184621072,-1.2494816910476787,0.3006982806483096,80,3.8498471941266743,0.011488728135038102,3.7006378173828125,3.9325714111328125,0.23193359375,0.5150673333054481,2.774915590068625,4.1727275612563486e-07,0.08287615094866072,1.4127936863365682,-2.6214599609375,3.28521728515625,5.90667724609375,0.44751609957063326,-1.0613815722164481,4.146017273539897e-06,0.014495533534458706,0.01897145416079487,0.17413330078125,0.01911365040885959,-0.4181808666252891,2.0183634941340385,0
798.4380952380951,160.52637451864342,172.21361432107787,45.33333333333333,402.85714285714283,992.8571428571429,590.0,75.14671501502936,0.20105049530580613,-1.3849858265341355,0.780165073699302,76,3.8619269598098027,0.012171470804318569,3.6632537841796875,3.95965576171875,0.2964019775390625,0.4084948697375821,2.608152643768383,5.038683090003072e-07,0.08627838861374627,1.6084259094811828,-5.12237548828125,5.26275634765625,10.3851318359375,0.44495187526092445,0.044218353159153345,4.357657266658184e-08,0.01322983660016741,0.017565922953052617,0.17413330078125,0.017729923229768754,-0.4341686311360543,2.8624955549386204,0
860.6418219461697,119.94540220828422,128.44590043958544,39.130434782608695,442.85714285714283,992.8571428571429,550.0,69.71541292790302,0.13936738739589907,-2.2748632289840875,5.247806923147058,70,3.876858974638439,0.014157875035209582,3.6632537841796875,3.9646148681640625,0.301361083984375,-0.10167327056014377,2.120209598953509,9.074886301835282e-07,0.0466978527250744,1.5888900803153665,-5.12237548828125,5.26275634765625,10.3851318359375,0.4688913646338847,0.05917226942880349,2.140137967555844e-06,0.010878150939941406,0.013893311329296828,0.1056976318359375,0.014109931281856891,-0.3406309079461476,0.9958182524554204,0
844.1649899396378,131.77972214954633,139.59385068364597,36.61971830985916,405.71428571428567,982.8571428571429,577.1428571428572,71.07615302109403,0.1561065949429735,-2.359247640718519,4.73930959789341,72,3.8841045288812546,0.010688827785921668,3.7322998046875,3.9669036865234375,0.2346038818359375,0.4723705197888701,3.0435819522417766,-1.8755051676295143e-07,0.07270228068033854,1.4020323962707444,-2.60162353515625,2.88848876953125,5.4901123046875,0.3992938350131764,-1.2333030955168551,2.057454133775332e-06,0.010187922886439733,0.012916474533844178,0.07598876953125,0.013147589353707247,-0.32042275165756495,0.682664156860938,0
764.9267399267399,162.60079552120462,172.58768614521256,41.02564102564102,400.0,940.0,540.0,78.43888423320963,0.21257041626859266,-1.283289390686206,0.17902016618651517,79,3.88082765851702,0.011444979349436255,3.763580322265625,3.9730072021484375,0.2094268798828125,0.3526305180602585,1.848496143816151,-3.339703461981606e-07,0.07084772019159226,1.5565816643849988,-4.9835205078125,3.30352783203125,8.28704833984375,0.03048150617887374,-0.5961531917078395,-1.3605011854108469e-06,0.012015235900878907,0.016302445677408652,0.13897705078125,0.01648349222198907,-0.39280180678366705,3.7921005350231853,0
723.7979094076655,177.7511780824983,208.272901288033,46.34146341463415,400.0,927.1428571428571,527.1428571428571,82.89606701006113,0.2455812261574015,-0.8806783098725832,-0.9225976816624706,83,3.863300813947405,0.01947080618781426,3.7601470947265625,3.9730072021484375,0.212860107421875,0.17791768957407586,-0.7674451903938171,-1.3487877999532682e-06,0.050764610653831845,1.6048292283796,-4.9835205078125,4.132080078125,9.1156005859375,0.11045509395918292,-0.44726940612267674,-1.009385158022355e-06,0.012404527936662947,0.016751622487366176,0.13897705078125,0.016933362559005148,-0.3691668373310403,3.3977823219807686,0
718.4681583476763,175.45357751391333,214.18388986092813,40.963855421686745,404.2857142857143,904.2857142857142,499.99999999999994,83.51100783364876,0.24420508477010197,-0.9322286356363548,-0.9547417850074389,84,3.8388687860398067,0.012873768497494057,3.707122802734375,3.9188385009765625,0.2117156982421875,0.3544477374158139,0.7203229598383505,-7.515101957609627e-07,0.08401812598818824,1.6423502104039376,-3.155517578125,4.132080078125,7.28759765625,0.34264575340661824,-0.9955963854854657,2.6293573496367097e-08,0.010082756042480469,0.01289423091760254,0.07269287109375,0.013130959587005971,-0.3106692043635319,0.9937032462407389,0
727.4912891986062,160.90222243787053,195.57140216149045,34.146341463414636,402.85714285714283,917.1428571428571,514.2857142857142,82.47521433018824,0.22117408802944993,-1.2039153005562704,-0.23355909456336343,83,3.8196365628923687,0.015344262933237289,3.6380767822265625,3.91693115234375,0.2788543701171875,0.016068587514283767,0.3969937845456859,-9.793259215953826e-07,0.07966232299804688,1.650145631870969,-3.48968505859375,3.57208251953125,7.061767578125,0.22174046112718157,-1.095910388301767,-3.039488749965154e-06,0.009694169180733818,0.012609122058272247,0.1065216064453125,0.012860163343187583,-0.45648881057513074,2.211668194764636,0
710.4421768707483,151.35875944831716,171.44549543539995,39.285714285714285,402.85714285714283,982.8571428571429,580.0,84.45444534878153,0.21304866796478789,-0.8461049192898641,-0.3098540618375525,85,3.7963639849708195,0.018343465014243034,3.5694122314453125,3.914642333984375,0.3452301025390625,-0.20159994546401555,0.41525302245855134,-1.2513555650293038e-06,0.050944955008370534,2.210327504569114,-9.31854248046875,6.02569580078125,15.34423828125,-0.24846641758093052,1.2133840697260254,-1.5122551961511992e-06,0.011427961077008929,0.015532319870977784,0.2341461181640625,0.01573905683896384,-0.32578356949538007,5.5117012712104785,0
675.762987012987,147.98420553031846,166.95201938556377,36.36363636363637,404.2857142857143,982.8571428571429,578.5714285714287,88.78852667739689,0.21898832634270107,-0.6703574250313419,-0.7454372296991085,89,3.7731469563075475,0.0170131163515054,3.5694122314453125,3.87115478515625,0.3017425537109375,0.5227999402870068,0.44756395889754863,-9.260159477969278e-07,0.0711911156063988,2.5164282961804947,-9.31854248046875,7.16400146484375,16.4825439453125,-0.00040053437555879974,0.3702449520019262,-1.7687935819727005e-06,0.010889173235212053,0.014833726007640944,0.2341461181640625,0.015044901338966755,-0.259509732999727,6.149078003384991,0
678.1655844155844,164.58836448746447,170.11269739406433,29.545454545454547,401.4285714285714,865.7142857142858,464.2857142857144,88.47396768402155,0.24269642734716487,-0.7907841610286628,-1.2003066924589214,89,3.7653244654337565,0.010029211713115755,3.62091064453125,3.87115478515625,0.250244140625,0.5886245054980933,3.4534213825875355,3.1168856782121697e-07,0.07565118698846726,2.115347668623807,-4.69818115234375,7.16400146484375,11.8621826171875,0.5029121589460535,-0.3763904363265227,-4.11067773491599e-06,0.008639136178152903,0.01108765112618401,0.0697174072265625,0.011376869279118625,-0.31773635464564237,1.4444623506545806,0
704.2521008403362,154.9120459079125,163.4170319649968,32.94117647058823,400.0,880.0,480.0,85.1967639548481,0.21996675014965023,-1.1308952412145021,-0.4033420037957214,86,3.773738143557594,0.013509218855760455,3.70635986328125,3.8715362548828125,0.1651763916015625,1.2665792557453124,1.856614755231841,5.566098973854652e-07,0.07312901814778645,1.926926506028431,-4.28466796875,4.31671142578125,8.60137939453125,0.36880296136370483,-1.1346657959871025,-2.929456483866136e-06,0.008277377537318638,0.010505417444464264,0.0644073486328125,0.01082278300678466,-0.3406135189868808,1.2629924937179053,0
674.5454545454545,174.30707574202452,188.39146510353498,40.909090909090914,400.0,904.2857142857142,504.2857142857142,88.94878706199461,0.2584067160596051,-0.5921101535925334,-1.3771074886699972,89,3.7901842026483443,0.0167058681532526,3.68804931640625,3.8722991943359375,0.1842498779296875,-0.16398283685366016,-0.49921033047052177,9.973907340428641e-07,0.08701705932617188,1.9818033601637508,-6.06536865234375,4.31671142578125,10.382080078125,0.1953261531571315,-0.786263508976893,-1.0018781527411543e-06,0.007928597586495535,0.010071624596919581,0.0607452392578125,0.010398862168044172,-0.35281481255656993,1.3817899340995536,0
615.8762886597938,197.2744940857157,237.99679512505188,58.76288659793815,400.0,952.8571428571429,552.8571428571429,97.42216270505524,0.3203151310062676,0.2512462417013605,-1.7135025064001281,98,3.798256392706008,0.009917439499702151,3.68804931640625,3.8722991943359375,0.1842498779296875,0.7438943614473059,3.19100373015712,-2.2517031678343984e-07,0.09564990089053199,1.6404790116384373,-6.06536865234375,4.21905517578125,10.284423828125,0.16995382775256976,0.09052358242863878,1.8827688161724931e-06,0.007793913705008371,0.009898537548110284,0.0614776611328125,0.010222952074923885,-0.38526462335704936,1.346186057467456,0
627.2781954887218,198.55872450130138,247.43008240621919,58.94736842105262,400.0,952.8571428571429,552.8571428571429,95.65134007767176,0.31654013471104525,0.1546413761745872,-1.727550788343889,96,3.7975855327787853,0.010073642431621496,3.7075042724609375,3.89862060546875,0.1911163330078125,0.8781843303648819,3.1238271976850207,1.5919338460270722e-07,0.0442383539109003,1.5269669264866808,-4.20379638671875,3.81317138671875,8.0169677734375,0.180369740411089,-0.6592367131724464,-3.0249959467917545e-06,0.007761932373046875,0.009845929751727189,0.0614776611328125,0.01017878392531483,-0.4009587808617021,1.3071911721449316,0
642.826420890937,201.2546752381871,232.5242447596912,43.01075268817204,402.85714285714283,948.5714285714287,545.7142857142858,93.33779392085643,0.3130777900498466,-0.02855439139894795,-1.814764528527747,94,3.8027879442487444,0.009563032176108613,3.745269775390625,3.9043426513671875,0.1590728759765625,1.0114426775958247,4.034837095244567,2.142710839868149e-07,0.040669613792782736,1.710856964747462,-4.20379638671875,3.81317138671875,8.0169677734375,0.15446398829567018,-0.9276717102600669,9.249180177742464e-07,0.007612318856375558,0.009715593838706215,0.0598297119140625,0.010049307364209694,-0.4360958818340719,1.5664356763223397,0
652.0879120879121,200.50623391911395,220.22128635984848,36.26373626373626,400.0,944.2857142857143,544.2857142857143,92.01213346814966,0.3074834392760258,-0.17900169200249147,-1.839951397004147,92,3.8047217505318778,0.008815111985898327,3.754425048828125,3.9043426513671875,0.1499176025390625,1.2922503761457476,4.834824949147058,-7.208134287929687e-08,0.09907048543294271,1.574545468388089,-3.74603271484375,3.22418212890625,6.97021484375,0.22321591006960637,-1.0380734805828085,-2.692503935174955e-06,0.007622460501534598,0.009731899009667715,0.0598297119140625,0.010063528214272718,-0.44284616868616283,1.5480091125530882,0
691.8936877076412,193.35231642212824,218.4661689754153,45.348837209302324,400.0,984.2857142857143,584.2857142857143,86.71852492077211,0.2794537945023557,-0.5497625433245132,-1.4399947776573627,87,3.80293698992048,0.00907470046361535,3.7479400634765625,3.89862060546875,0.1506805419921875,1.096990468036379,3.7111695851921604,-7.454236964358537e-08,0.11441988263811384,1.6117079037993498,-3.65753173828125,3.96881103515625,7.6263427734375,0.24613862203193354,-0.856660690302077,2.9504394072220023e-06,0.008754407610212053,0.011962852532060404,0.1830596923828125,0.012230075921870405,-0.37632207259523826,9.731947858371091,0
709.4727891156464,187.3972384111765,225.41358867683024,52.38095238095239,400.0,984.2857142857143,584.2857142857143,84.56983963372245,0.2641359066705941,-0.6034822047927807,-1.2180686161529888,85,3.7981100990658714,0.010827889129673952,3.6334991455078125,3.89862060546875,0.2651214599609375,0.2702528698533683,4.580184586601279,-4.281820073836905e-07,0.040297989618210565,1.5806081928396927,-3.65753173828125,3.96881103515625,7.6263427734375,0.3113039041738618,-0.6812942392602119,-2.961102583907634e-06,0.008750965663364956,0.011966330445830417,0.1830596923828125,0.012232753901481536,-0.3826919172451339,9.751175812662028,0
641.920122887865,201.68039891334016,257.42363035634185,54.83870967741935,401.4285714285714,965.7142857142858,564.2857142857144,93.46957333269519,0.31418301393329445,0.007805450264280329,-1.7578837539286851,94,3.800403758457729,0.015778181665379466,3.6334991455078125,3.8883209228515625,0.25482177734375,0.82538224448612,1.9645879140679519,6.261259484761238e-07,0.04494360060918899,1.5439204009801075,-3.68499755859375,3.68499755859375,7.3699951171875,0.4053759218905919,-0.875478525766717,5.268885657427716e-06,0.008777053833007812,0.01132401968603526,0.0875701904296875,0.011607735728502433,-0.29955441941297883,1.7452614530843542,0
635.7142857142858,201.81105766556018,234.8071265057536,50.0,400.0,962.8571428571429,562.8571428571429,94.3820224719101,0.3174555963278474,-0.001399368409319293,-1.8503511851525007,95,3.8194897515433177,0.018870817376177677,3.6590576171875,3.8974761962890625,0.2384185791015625,-0.3873281558258863,-0.24382324993007654,1.1982783029021651e-06,0.06201542445591518,1.5024026027957142,-3.68499755859375,3.68499755859375,7.3699951171875,0.3396445461844941,-0.8483991241383233,-7.872330491673587e-06,0.009346915108816965,0.012155493464897247,0.1176910400390625,0.012421458581476408,-0.24223407957777746,2.6694728550890314,0
729.4076655052264,176.42570794548993,172.6497509640153,42.68292682926829,400.0,935.7142857142857,535.7142857142857,82.2585267985096,0.24187531374966856,-0.9893820747007578,-0.7453612551396063,83,3.824482618059431,0.01435239158245218,3.57513427734375,3.9081573486328125,0.3330230712890625,-0.4669991444063138,3.6298458567766065,-8.096420078274654e-07,0.06587371826171876,1.467612947276615,-3.18756103515625,3.546142578125,6.73370361328125,0.2766417715938065,-0.9439440952262648,2.1151716513061743e-06,0.008310144696916853,0.010802585119244631,0.1176910400390625,0.01110394857993565,-0.3326568804616505,3.4341770726443412,0
557.1962616822431,142.74373672681313,161.02620225559875,71.02803738317756,402.85714285714283,988.5714285714286,585.7142857142858,107.68198591076819,0.25618215078445156,0.9699096648426531,0.0438132687162085,108,3.78393246786935,0.011413354489019928,3.71246337890625,3.8608551025390625,0.1483917236328125,0.5027809145499906,1.4066432709046017,-5.14776367655763e-07,0.13719838460286457,3.2444706874659435,-7.64617919921875,9.5367431640625,17.18292236328125,0.26234490125541243,0.14638353289731754,-1.1077989256193734e-05,0.00795535387311663,0.010814127754036826,0.2973175048828125,0.01108817116202769,-1.397126465659001,32.63427252049204,2
552.1560846560847,138.26091530807994,161.5185188400554,62.03703703703704,400.0,898.5714285714286,498.57142857142856,108.66492585583211,0.2504018685118665,0.6594312212841473,-0.8707458937916068,109,3.779621496654692,0.01029396568898338,3.533172607421875,3.8608551025390625,0.3276824951171875,0.35400459105672916,10.031597612789106,4.336345537299765e-08,0.06835065569196429,4.097059027459863,-13.66424560546875,14.32037353515625,27.984619140625,0.03506830909792756,1.7051150140455222,-3.5490942604108694e-06,0.00827916281563895,0.011019761637998206,0.1918487548828125,0.011303622472164418,-0.5020724364015058,8.673953764489427,2
538.1853281853282,133.41263673227616,180.85670174952875,59.45945945945946,400.0,925.7142857142857,525.7142857142857,111.4857593801564,0.24789348528344587,1.063317923633839,0.03531959222286707,112,3.772624315534319,0.01276909425315303,3.533172607421875,3.8829803466796875,0.3498077392578125,0.16075242179528632,3.586708073842507,-6.906109140624392e-07,0.08352581205822172,4.210113164120118,-13.66424560546875,14.32037353515625,27.984619140625,-0.007056519718412241,1.0810792588334923,-2.1542490040569646e-07,0.008974608285086496,0.012771305801688046,0.3024444580078125,0.013021306972248086,-1.3090841722066366,38.90071588371602,2
539.3951093951093,138.33599253369718,181.3980954053752,59.45945945945946,401.4285714285714,925.7142857142857,524.2857142857142,111.23571377442677,0.2564650478363263,1.1828234339087338,0.14529660675308032,112,3.7547220502580916,0.015378132537761683,3.5709381103515625,3.8829803466796875,0.312042236328125,-0.17362983096700546,0.586520718233627,-1.0408264742522135e-06,0.1224302746000744,3.104325611190736,-6.103515625,7.43255615234375,13.53607177734375,0.4313697923747588,-0.9085195069446366,5.086764788012646e-06,0.008832392011369978,0.012392270564973969,0.3024444580078125,0.01264082861393658,-1.401180187934194,39.663660493735875,2
547.0249017038009,146.7299591093097,184.83404539917515,59.63302752293578,401.4285714285714,974.2857142857143,572.8571428571429,109.68422061430829,0.26823268676123263,0.9954438607865146,-0.3365312636472959,110,3.7309654780796597,0.018368316508548758,3.5213470458984375,3.8478851318359375,0.3265380859375,0.3069368360251105,0.043091845328935285,-1.3442143551975713e-06,0.057850102015904015,3.4598598635174618,-7.440185546875,9.48944091796875,16.92962646484375,0.376655533329182,-0.5821722895248205,1.6404692358549784e-06,0.008631140572684153,0.011122494898361576,0.0814361572265625,0.01139848288119254,-0.35979896600816347,1.582352933709065,2
551.5740740740741,150.21701859741742,181.31883817110676,61.111111111111114,400.0,974.2857142857143,574.2857142857143,108.77958704045659,0.27234242082459426,0.9537010786297834,-0.2688700645132531,109,3.7222350347609745,0.01177962925406775,3.5213470458984375,3.82232666015625,0.3009796142578125,0.20096523857687232,3.6445940444478113,3.606726153250641e-07,0.06783229282924107,3.5915002076771874,-8.29315185546875,9.48944091796875,17.7825927734375,0.2643378436449852,-0.5529278161903926,1.155098015118113e-05,0.008863455636160714,0.011429346462773283,0.0814361572265625,0.011695100123360766,-0.36846976357579786,1.6115526013266912,2
558.237650200267,138.57873426287637,163.96446969949068,50.467289719626166,400.0,884.2857142857142,484.2857142857142,107.48110590261169,0.24824326021930163,0.6293688589634681,-0.9419129155937309,108,3.7279746645972844,0.010661664209024695,3.5724639892578125,3.82232666015625,0.2498626708984375,0.3894333203881575,3.6799700023910002,4.974559456832717e-08,0.09810097104027157,3.1496230166415318,-8.29315185546875,8.50372314453125,16.796875,0.22248175383780947,-0.5750298252925616,3.940797577185868e-06,0.00959692600795201,0.012767004897681034,0.1555023193359375,0.012998917786052085,-0.3175435721839437,4.649412749671806,2
529.0644753476612,139.93532522897476,173.47975659287127,41.5929203539823,400.0,971.4285714285714,571.4285714285714,113.40772778322062,0.2644957878470669,1.3040300724944325,0.6415039367864135,114,3.7171735763549805,0.016100067773820587,3.6083221435546875,3.8173675537109375,0.20904541015625,0.09176070460559602,-0.1506946686444084,-1.1165357855243798e-06,0.05293183099655878,3.011034800890491,-6.18743896484375,6.42852783203125,12.615966796875,0.17377550652523346,-0.9268580692799033,1.0314373715078159e-05,0.009704510280064175,0.012898937238244902,0.1555023193359375,0.013120650740800462,-0.2760109064198379,4.5422501864024465,2
528.0530973451328,154.85112741416415,188.87817120263344,38.93805309734513,400.0,971.4285714285714,571.4285714285714,113.62493715434891,0.2932491603452413,1.2569304071071892,0.08622431257228547,114,3.6966862360636394,0.014368304609011099,3.626251220703125,3.7967681884765625,0.1705169677734375,0.5169567254662433,0.6831026481725262,-9.293293284735155e-07,0.05400982811337426,3.393079433675726,-8.831787109375,8.43353271484375,17.26531982421875,-0.06368386286177781,-0.408954650714195,6.516590736630744e-06,0.009013603210449219,0.011680817520696541,0.0999298095703125,0.011927165309315696,-0.3759892516763023,1.6767831537843518,2
547.1559633027522,164.67604157070713,203.66427846334628,43.11926605504588,400.0,957.1428571428572,557.1428571428572,109.65794768611673,0.30096727919528976,0.9193749133554102,-0.8178891610950791,110,3.678125454130627,0.013458817286058411,3.60260009765625,3.7990570068359375,0.1964569091796875,0.3994532951744189,0.6818316278506584,-8.517018392511933e-07,0.06675967261904762,3.302877149217553,-8.831787109375,8.43353271484375,17.26531982421875,-0.0493318738212537,-0.2888921349532443,8.034811778123823e-06,0.008868118286132813,0.011474940963924918,0.0689849853515625,0.011735609048554916,-0.41465046422268337,1.4453394801333257,2
552.2089947089947,165.72960888141603,212.99786568817294,51.85185185185185,400.0,968.5714285714286,568.5714285714286,108.65451409682132,0.3001211687411084,1.1151323563706022,-0.2549753806436672,109,3.6603567577543714,0.012663737775721794,3.580474853515625,3.7990570068359375,0.2185821533203125,0.19612665111578867,0.8514505284690128,-6.780355767501438e-07,0.09699122111002605,2.7172760982983353,-7.13043212890625,6.35223388671875,13.482666015625,0.22676681749056102,-0.7565092935767423,8.34277912053054e-06,0.008774526323590959,0.011280250163199309,0.0648193359375,0.01155374698006739,-0.41598824743643403,1.3555555088639295,2
629.8480243161094,47.80118221862636,28.616707593260355,8.51063829787234,547.1428571428571,774.2857142857142,227.1428571428571,95.26107518579288,0.07589320022163919,0.6373063304938482,0.07673696681087172,95,3.7064597901843843,0.013244223844823124,3.534698486328125,3.7906646728515625,0.2559661865234375,0.3460857799214212,1.5146038008805398,5.563381458979262e-08,0.23534124465215775,4.90194629620751,-8.4320068359375,18.65081787109375,27.08282470703125,1.3146915133783048,2.1047147065468517,3.569601830546505e-05,0.010009621756417411,0.013694923049725933,0.1471710205078125,0.013949432037199144,-0.26695760887699604,5.203006300645907,1
639.0937019969278,63.01397309477658,59.39599112903608,12.903225806451612,420.0,761.4285714285714,341.42857142857144,93.88294676120658,0.09859895802115022,-0.42413565022701455,1.462966459430918,94,3.719872810727074,0.01818649883800125,3.50494384765625,3.8105010986328125,0.3055572509765625,0.12021631698487487,0.1792991976202103,1.0872979850249629e-06,-0.08381721859886533,4.905544340303728,-8.4320068359375,18.65081787109375,27.08282470703125,0.9909193464674763,1.133510997447245,-1.475750425944878e-05,0.009995088849748883,0.013630326445349492,0.146026611328125,0.013872891155937254,-0.24981730968628318,4.3399890356978945,1
626.0902255639097,96.23842807696222,96.77798901413738,28.421052631578945,411.42857142857144,825.7142857142858,414.28571428571433,95.83283295304432,0.15371335335938485,-0.33907353049432226,-0.15106387755900919,96,3.74348262605213,0.015562066287139194,3.50494384765625,3.8455963134765625,0.3406524658203125,-0.06354831878766332,2.064970507056522,9.384587530793676e-07,-0.1207398187546503,5.275783344486954,-11.85150146484375,14.95513916015625,26.806640625,0.55711672305614,0.09222799183626407,2.5346640975338982e-05,0.009058102199009486,0.011899672906463907,0.0830841064453125,0.012185814786904023,-0.18154593995906443,2.1890018709383927,1
619.702380952381,110.69679521341861,110.22747692951627,34.375,411.42857142857144,827.1428571428572,415.7142857142858,96.82067044472193,0.17862896547742124,-0.2836694022375607,-0.4812281891746233,97,3.766596830458868,0.01925851919858885,3.5953521728515625,3.894805908203125,0.2994537353515625,0.1183743956605034,-0.14045399924651125,1.2300545560398618e-06,0.00712676275344122,5.727060389783378,-11.85150146484375,17.90313720703125,29.754638671875,0.783935620843924,0.36551942441781593,-4.5207134746356145e-05,0.009692479814801896,0.013041040517481086,0.1552734375,0.013310637503863082,-0.10939144411416586,4.758390230992946,1
627.4135338345865,112.88336894034909,115.11543414530857,32.631578947368425,402.85714285714283,854.2857142857143,451.4285714285715,95.63070728375237,0.1799186068723058,-0.392752906736639,-0.3227630338464742,96,3.7767254965645924,0.012242809494163235,3.5854339599609375,3.894805908203125,0.3093719482421875,0.49415474778794355,4.079342781411797,-1.905564797048728e-07,-0.051483844575427824,5.911886589220455,-10.15472412109375,17.90313720703125,28.057861328125,0.943403812732442,0.319192479024057,-1.2770277316008364e-05,0.009545752389090402,0.012910403798790824,0.1552734375,0.013186729894492844,-0.1353961556461078,5.074962123665033,1
620.3609022556391,108.63294031570219,107.53242248037789,32.631578947368425,402.85714285714283,854.2857142857143,451.4285714285715,96.71789402239783,0.17511248681325922,-0.41973298286441385,-0.2780956513483246,96,3.779777717590332,0.019773918611391803,3.5854339599609375,3.8959503173828125,0.310516357421875,1.8330342529177805,2.983349114080041,7.905537557250408e-07,0.26327405657087055,5.7912353846497275,-10.15472412109375,16.64886474609375,26.8035888671875,0.795562996824405,0.13643877044632013,-2.816149574469978e-05,0.00893678937639509,0.011850920996924433,0.1215362548828125,0.012156484452861051,-0.1329278516831126,3.2622615424362555,1
639.63133640553,87.07141268769337,82.64510242444567,26.881720430107524,404.2857142857143,861.4285714285714,457.14285714285717,93.80403458213256,0.13612749678119207,-0.5209138073652287,1.0690833612664186,94,3.812875357128325,0.03252068588772993,3.66973876953125,3.9051055908203125,0.2353668212890625,-0.3511010763486214,-1.486360415268158,2.3087485005216382e-06,0.21594874064127603,5.255010263579209,-9.91058349609375,16.986083984375,26.89666748046875,1.086378654903226,1.1298691585988845,-1.0955202693865916e-05,0.009688030787876674,0.013359893787235181,0.2607879638671875,0.013636707235651961,0.12506357619424768,10.517927956239399,1
635.5775075987841,102.0478694405581,96.18074200567796,22.340425531914892,400.0,861.4285714285714,461.42857142857144,94.40233375576865,0.16055928383321116,-0.7521300978940954,0.5450640514531919,95,3.8481317247663225,0.016611348120347882,3.73687744140625,3.951263427734375,0.214385986328125,0.8854163978257584,0.6255815874815722,4.5928229075967803e-07,0.16917742774600075,4.977855939239589,-8.76007080078125,16.986083984375,25.74615478515625,1.1079569518322223,1.0953344928452875,1.854199649723819e-05,0.009551656450544085,0.013493974935152071,0.2607879638671875,0.013766694053796946,-0.034805407694658494,12.224972661335666,1
649.0217391304349,107.86175576245316,103.95778638504426,22.82608695652174,404.2857142857143,930.0,525.7142857142858,92.44682632724836,0.16619128337205977,-0.763975382578159,0.771539501207545,93,3.8396847588675365,0.02312655178329165,3.73687744140625,3.951263427734375,0.214385986328125,0.36650873089720354,-0.36211064221486833,-1.6339840872905697e-06,0.038342248825799854,4.102949319172144,-7.47833251953125,14.48211669921875,21.96044921875,1.0082328362002657,0.8277093499752088,1.0307700299495229e-05,0.009696679251534598,0.013309617869176777,0.142181396484375,0.013579748019695607,-0.347919064037021,5.365455620295306,1
686.4203612479477,79.97708842778539,98.9996236683436,24.137931034482758,432.8571428571429,930.0,497.1428571428571,87.4099944980025,0.11651328099064968,-0.04523698783005417,2.5111163081789236,88,3.823576918102446,0.02930609750273899,3.723907470703125,3.94439697265625,0.220489501953125,0.586965833118532,-0.20788020194542778,4.834446554822126e-07,0.02105008079892113,3.786528591419635,-10.382080078125,12.66937255859375,23.05145263671875,0.6146797925785548,0.46444209640622125,2.5223728893159465e-05,0.010194388253348214,0.015181914152898487,0.3098602294921875,0.015414363344040258,0.2599537655382013,21.829533807515716,1
695.9634551495016,84.27225295411458,79.77158267303503,18.6046511627907,432.8571428571429,894.2857142857142,461.42857142857133,86.21142325226151,0.12108718113081363,-0.4041305552672487,0.7300649484684323,87,3.8333741324288506,0.030264871127818484,3.6853790283203125,3.94439697265625,0.2590179443359375,-0.20938655283605204,-0.6609714949235634,1.105603194485303e-06,0.000185394287109375,4.330855655181198,-11.47613525390625,14.74761962890625,26.2237548828125,0.6124967508408077,0.7915795343292222,-4.435469221424392e-06,0.008746963500976562,0.013666675568192531,0.3098602294921875,0.013925864348491326,0.33598057843376555,33.18793993017733,1
686.5188834154351,64.093930729374,26.548841898845797,4.597701149425287,552.8571428571428,848.5714285714286,295.7142857142858,87.39745030974193,0.09336076876794175,0.30675820064418413,-0.4305208417830615,88,3.824732426234654,0.020884943600000237,3.5709381103515625,3.9310455322265625,0.360107421875,0.04008304846844498,-0.40255991611820097,-1.4703184212756264e-06,-0.02744235084170387,3.7957014724441334,-11.47613525390625,14.74761962890625,26.2237548828125,0.6315814024001758,1.5921326448831792,6.7364622825896366e-06,0.007716343470982143,0.010355229435949218,0.1371002197265625,0.010697659478923987,-0.688111543355702,4.342503564443831,1
638.5560675883257,40.691032583405786,17.649098652050583,0.0,561.4285714285713,757.1428571428571,195.71428571428578,93.96199182102477,0.0637235078465171,0.34769272998153133,-0.3892324969838903,94,3.7966001601446244,0.015077544631957688,3.5709381103515625,3.8913726806640625,0.3204345703125,0.350379179845922,1.0308260851378384,-8.997216449419302e-07,0.1069780985514323,2.36481416026635,-5.25665283203125,6.98089599609375,12.237548828125,0.36353625923132094,-0.01763369113370583,-7.2521706777002955e-06,0.008620247977120537,0.011093133924482723,0.0794219970703125,0.011425200817016026,-0.3482762719306728,1.5835889441771727,1
624.766917293233,56.00008076038205,59.84003135876352,14.736842105263156,538.5714285714286,848.5714285714286,310.0,96.03581486027873,0.08963355646774514,1.7168916337675089,3.6212801822669185,96,3.801839029221308,0.0276489455733696,3.731536865234375,3.9215087890625,0.189971923828125,1.1816640071697952,0.2065666624725928,1.7328819998978998e-06,0.0852935064406622,2.289554360078182,-6.4788818359375,8.03985595703125,14.51873779296875,0.5946816287840455,1.1235574840076588,-2.5806446019632287e-06,0.00974214390345982,0.012651783820012825,0.1691436767578125,0.01296491506311703,-0.2094299514173709,5.953388686493376,1
624.3609022556391,65.8290493211339,61.96608684084663,17.894736842105264,522.8571428571429,848.5714285714286,325.71428571428567,96.09826589595376,0.10543429142233632,0.9977282256883029,1.0250533011698657,96,3.861484800066267,0.05677329875991727,3.731536865234375,4.0325164794921875,0.3009796142578125,0.36012260047038125,-0.7491468205651532,4.067037771051233e-06,0.057666778564453125,4.390466722039545,-13.104248046875,20.07904052734375,33.18328857421875,0.9119336975759154,4.7281541981752175,-1.985410898788545e-06,0.009983504159109933,0.013408124507122414,0.1691436767578125,0.01371281941152327,-0.3161874179189709,8.166927021801804,1
622.1654135338347,53.96058678540604,19.190635833417254,2.1052631578947367,522.8571428571429,735.7142857142858,212.8571428571429,96.43737612993667,0.0867302900669382,0.17511580066555466,-0.8318196847438335,96,3.9043845312935965,0.049079272432992115,3.76129150390625,4.0882110595703125,0.3269195556640625,1.0058708390102695,0.3173386861359666,1.1412225545922626e-06,0.10931167602539063,5.237049589303687,-13.38043212890625,20.07904052734375,33.45947265625,1.0903845679969701,2.9732981329812267,3.994502307152258e-06,0.012803369794573102,0.01916775968595588,0.2690277099609375,0.019380431110580625,0.009589423546663332,11.6756772046752,1
651.7701863354037,80.3890190924638,58.43745446478516,6.521739130434782,400.0,790.0,390.0,92.05698765902703,0.12333951564193713,-0.9985685854596765,1.6236626490431547,93,3.9299365089053198,0.0524188210358053,3.83148193359375,4.0882110595703125,0.2567291259765625,0.2776078954726375,-0.8989134031012251,2.053556121393973e-06,0.0883910406203497,3.7956866491787076,-13.38043212890625,17.96417236328125,31.3446044921875,1.5894623141722208,5.528537969102228,4.965409692255499e-07,0.020066151210239955,0.027727882798537173,0.2690277099609375,0.027868549578752736,-0.05401495019312072,3.1037006376274086,1
662.3174603174604,79.96529229472812,60.50540027558365,8.88888888888889,400.0,790.0,390.0,90.5909984182524,0.12073559446311342,-1.257112233090939,2.3400339736569586,91,3.9348081861223494,0.031770638061959275,3.7319183349609375,4.084014892578125,0.3520965576171875,1.2581974757763186,0.6631333426343575,-2.215851707219123e-06,0.05673886253720238,3.4442644923461154,-8.01849365234375,12.86773681640625,20.88623046875,0.6505458119862438,1.1674559519732037,1.2988494495109507e-05,0.022340324401855467,0.028775174611126147,0.1946868896484375,0.0289066834568582,-0.10780463304543778,0.8224951295984329,1
649.0372670807453,65.36197371945525,72.6390369756939,18.478260869565215,445.7142857142857,854.2857142857143,408.5714285714286,92.44461457486004,0.10070604113911953,0.559054122975017,1.4144500860113363,93,3.922496123540969,0.026863379197787453,3.7319183349609375,4.058837890625,0.3269195556640625,1.6424906974241968,2.0498147045047785,1.0473857855921107e-06,0.09968199956984747,3.8283624172820434,-8.01849365234375,12.86773681640625,20.88623046875,0.6834272243745576,0.6075514914689935,8.691162415449266e-06,0.020236009870256696,0.02582528478761253,0.1362762451171875,0.02597594508457597,-0.10190112687177012,0.560183134637966,1
651.3343799058084,71.124250370085,77.41149580352831,23.076923076923077,567.1428571428572,854.2857142857143,287.1428571428571,92.11858279103399,0.10919775243611507,1.2417749622975947,0.8054323244047885,92,3.940925289335705,0.02711172627546305,3.7532806396484375,4.058837890625,0.3055572509765625,0.037088882511856325,-0.2679505315192605,1.0930136633974027e-06,-0.005108170282273066,2.682251782420266,-6.73675537109375,10.711669921875,17.44842529296875,0.7194206659535424,2.009549608021091,9.66643545848874e-07,0.019906630379813058,0.02545892224711362,0.1576995849609375,0.025613670997346162,-0.06949951433333561,0.6642401127216431,1
652.1193092621663,63.16087691806968,48.84795235196241,14.285714285714285,567.1428571428572,828.5714285714287,261.42857142857144,92.00770341839193,0.09685478718538852,1.0580925008851172,0.45111601581514016,92,4.001678494044713,0.08324282497435839,3.7532806396484375,4.2537689208984375,0.50048828125,1.2923128212291057,0.22111073977399176,5.37841012945761e-06,-0.033137112572079616,2.9641122494013903,-15.19622802734375,10.67962646484375,25.8758544921875,-0.11053311464690356,4.189968208267103,5.629152624308006e-07,0.020053326198032923,0.025744675575092246,0.1576995849609375,0.025897134392745533,-0.0492484434846202,0.8006860338102739,1
809.5890410958905,93.42621930767953,82.18235765233955,28.767123287671232,418.5714285714286,994.2857142857143,575.7142857142858,74.11167512690355,0.11539956022775982,-1.3826023578110327,5.270074727642838,74,2.056525502886091,0.03325466875662785,1.8436431884765625,2.1839141845703125,0.34027099609375,0.418179042208742,-0.7455101378606206,-2.4784608443184936e-06,0.04877998715355283,2.8736383256148974,-5.97991943359375,6.20880126953125,12.188720703125,0.34368214331814917,-0.8567010738358221,-9.019183576535752e-06,0.01368031529017857,0.017771994013603336,0.1599884033203125,0.017957650452687216,-0.3863774124703532,1.502315892000869,0
786.9924812030075,83.8668638764111,80.60384353017376,23.684210526315788,418.5714285714286,955.7142857142858,537.1428571428571,76.23961020349671,0.10656628351545502,-1.8712202641492868,6.544999828490726,77,2.0152072452363514,0.02094682714943435,1.9260406494140625,2.120208740234375,0.1941680908203125,-0.04642521472219747,0.0285982035635981,-1.3766838912870946e-06,0.0586791265578497,2.899706464146275,-5.87921142578125,7.110595703125,12.98980712890625,0.45282573928488534,-0.8622816452226276,7.85895100907172e-06,0.01234014892578125,0.01611672671808029,0.1599884033203125,0.0163146339012825,-0.3269461750703301,2.0532616030765,0
792.952380952381,66.79253424137676,45.620076671100726,20.0,682.8571428571428,1061.4285714285713,378.57142857142856,75.66658659620465,0.08423271793591831,1.3615567189145155,3.0642484076641194,76,1.973566636585054,0.03282876891867072,1.59912109375,2.104949951171875,0.505828857421875,0.0010831088074977143,-0.6780210040022903,-2.524562987945197e-06,0.0905621846516927,3.0075362613795837,-5.94635009765625,7.110595703125,13.05694580078125,0.3451359363703662,-0.994489652596048,-7.459338053812965e-06,0.012044386727469308,0.015405570651702002,0.1009368896484375,0.015613777439473365,-0.32366564832545575,0.9778249959412126,0
787.593984962406,78.56193056957198,52.082874827913784,19.736842105263158,637.1428571428571,1061.4285714285713,424.2857142857142,76.18138424821002,0.09974927700002935,0.8411189670682488,1.230494121680488,77,1.9266774313790458,0.025641887078553346,1.5987396240234375,2.07672119140625,0.4779815673828125,0.12487971844639402,1.3896144187163264,-1.8698967023326857e-06,0.0749020531063988,3.5149530137533715,-9.66644287109375,7.28302001953125,16.949462890625,-0.26435812199574493,-0.4083446630540726,9.259858010675403e-06,0.012785883222307478,0.016318975852713028,0.1035003662109375,0.01651025953977754,-0.2621638577058412,0.8673824866054889,0
796.1003861003861,81.18003705862262,48.25034891039481,18.91891891891892,637.1428571428571,1038.5714285714284,401.42857142857133,75.36737960133857,0.10197211115079906,0.728098457777562,0.2194993970051966,75,1.8888746352422805,0.024287967316963092,1.5987396240234375,2.008056640625,0.4093170166015625,0.08464270019938441,0.25365561667391523,-1.7583992410413088e-06,0.05366566975911458,3.4322311330159616,-9.66644287109375,7.28302001953125,16.949462890625,-0.35504529205243,-0.25988252676722956,-5.705847939827154e-06,0.012724716186523438,0.01626493496668409,0.1035003662109375,0.016453412467100106,-0.2770236098309859,0.9172869402053085,0
805.5019305019305,69.10214604162684,41.51418375896422,14.864864864864865,707.1428571428572,1038.5714285714284,331.4285714285712,74.48771719592571,0.08578768519967095,1.087734790515597,1.0317837631123012,75,1.8550557000296457,0.021390385009357603,1.4850616455078125,1.982879638671875,0.4978179931640625,0.13892720013692972,1.921203901954474,-1.481527093955404e-06,0.022263445172991073,2.65831652442369,-6.365966796875,5.18951416015625,11.55548095703125,0.22030319617163435,-0.9754343506990253,1.8367535739012883e-06,0.012500738961356027,0.015913383952642718,0.099334716796875,0.016109842075823007,-0.3332840614045809,0.7551742860931645,0
779.7932330827068,71.78733359463726,74.57069877402422,10.526315789473683,414.28571428571433,875.7142857142857,461.42857142857133,76.9434735446547,0.09205944672133788,-3.0808612514677853,13.21597088491238,77,1.8261544182187035,0.02017651895689468,1.4850616455078125,1.982879638671875,0.4978179931640625,0.15586302047942097,2.5025248322117433,-1.2572073641143853e-06,0.08494295392717634,2.8670668679353475,-7.2845458984375,11.59820556640625,18.88275146484375,0.6715059265311752,0.3752361134730049,-3.642969164180987e-06,0.012776229858398437,0.01637840097342381,0.1434173583984375,0.016569446432428723,-0.3122722685914611,1.1676482021285537,0
760.5860805860806,81.46501205606884,87.17417850084155,20.51282051282051,414.28571428571433,900.0,485.71428571428567,78.88653438643807,0.1071082079142111,-1.5943842482182027,5.223642196450205,79,1.8233602251325334,0.02244644917819651,1.5697479248046875,1.93939208984375,0.3696441650390625,0.7634613580363433,0.6376859836398898,2.695249557170487e-07,0.0793517339797247,3.1443532316024188,-7.2845458984375,11.59820556640625,18.88275146484375,0.7553203443894775,0.4834502078875995,-9.416068561579349e-07,0.012035254342215402,0.015509151609578305,0.1434173583984375,0.01571059021138615,-0.35323825978071366,1.3965431502641037,0
775.7699443413729,74.59776102953593,52.28993573492122,14.285714285714285,417.14285714285717,900.0,482.85714285714283,77.34251686038169,0.09615964316956012,-1.4334750171238482,4.980509000793421,78,1.809943135579427,0.03140870413120056,1.67388916015625,1.93939208984375,0.2655029296875,0.4696150591885381,-0.5941279723319313,-2.3715267852865798e-06,0.09107230050223214,2.62963939925051,-6.26983642578125,9.18426513671875,15.4541015625,0.6964014445582156,0.4511806661184834,6.871031369322136e-07,0.010810065133231028,0.013787754950055965,0.0855560302734375,0.014026068433955877,-0.42122134908063186,0.8102155134013014,0
806.2548262548262,44.15830639092828,32.30195459438697,4.054054054054054,652.8571428571428,885.7142857142857,232.8571428571429,74.41815918015516,0.0547696645687694,-0.9300539205688448,1.2043752633783864,75,1.7694785617646718,0.021954930784897103,1.4217376708984375,1.882171630859375,0.4604339599609375,0.21237334956581827,1.111854097095808,-1.5437634068420422e-06,0.03085236322312128,1.9825192915841903,-3.52630615234375,4.04205322265625,7.568359375,0.43726227043094046,-1.1912103260024252,-4.965915550894441e-06,0.010768641880580358,0.013687702012819762,0.08917236328125,0.013936519095773776,-0.3783680106744021,0.8853535196321496,0
798.2625482625483,64.07269307872264,28.839738216900408,8.108108108108109,645.7142857142857,922.8571428571428,277.1428571428571,75.16324062877871,0.08026518746016523,-0.5821099162082947,-0.39043233971114777,75,1.7407566978817894,0.018647708811170106,1.4217376708984375,1.8459320068359375,0.4241943359375,0.33154394531312303,2.189759772877184,-1.2053939150842092e-06,0.034855252220517115,2.2089102569013876,-4.10614013671875,5.5328369140625,9.63897705078125,0.487717991176554,-0.9284572432276064,-5.322745408683507e-07,0.011689619881766183,0.014960281040462925,0.08917236328125,0.015174400213951625,-0.3571918910630548,0.8803810347375736,0
791.4285714285714,59.98775385230638,30.044093354679358,8.0,645.7142857142857,922.8571428571428,277.1428571428571,75.81227436823104,0.07579680089641601,-0.330700235286401,-0.11652669516641678,76,1.7175824483235678,0.01679243480081723,1.4789581298828125,1.837158203125,0.3582000732421875,0.3962335021334662,2.3385911367999395,-1.011205744289312e-06,0.10743451799665178,2.3713127270343977,-4.10614013671875,5.5328369140625,9.63897705078125,0.39863502920119503,-1.1280782345980147,-4.839784975759643e-06,0.01234684317452567,0.01580658533853409,0.10345458984375,0.01600984511332176,-0.38238484939116835,0.9059200812261294,0
770.2968460111316,55.31939291573023,31.300576687446238,7.792207792207792,634.2857142857142,878.5714285714286,244.28571428571433,77.89204942315567,0.07181568145085046,-0.7138837735777077,0.08528066942795176,78,1.700376201811291,0.014523797365848069,1.42364501953125,1.815032958984375,0.391387939453125,0.3668943933776357,8.243823190698622,-6.187221895146421e-07,0.05561643327985491,2.519134755524322,-6.90765380859375,7.7484130859375,14.65606689453125,0.24485519133720582,-0.40852843012830986,-6.723638444442031e-06,0.012424217224121094,0.01600396992295958,0.10345458984375,0.016209522949789383,-0.3871161831879157,1.241220002945881,0
762.9487179487179,64.47320633481043,40.85392516877984,11.538461538461538,558.5714285714286,897.1428571428571,338.57142857142856,78.6422450008402,0.0845052948095314,-0.38906472766085537,0.4810634702296479,79,1.6849370411464146,0.016204895292176186,1.42364501953125,1.7940521240234375,0.3704071044921875,0.2581354784661231,3.6721286428972038,-8.27941186587669e-07,0.09694882347470238,2.6015489012454056,-6.90765380859375,7.7484130859375,14.65606689453125,0.2854905469867862,-0.2975511182787103,4.999119208141996e-06,0.010789542061941965,0.014493425377462508,0.1650238037109375,0.01469071370410139,-0.4492498457988191,2.9581739552727653,0
792.5523809523809,43.627547518675996,35.004924403397744,5.333333333333334,655.7142857142857,897.1428571428571,241.42857142857144,75.70477540916629,0.055046894775901606,-0.3929595321704915,1.174960807640149,76,1.6665149688720704,0.016168517322213503,1.5026092529296875,1.7681121826171875,0.2655029296875,0.6852539444518227,1.0970824316275225,-9.167051612135459e-07,0.07048779442196801,2.171491960853631,-4.400634765625,6.70318603515625,11.10382080078125,0.5137174137977824,-0.5585808741206231,-8.451647855769417e-06,0.008320421491350446,0.011288900995464464,0.1650238037109375,0.011523203994634258,-0.6377266629410806,5.500598111933103,0
790.6095238095238,51.50743864557492,22.63648315337935,1.3333333333333335,648.5714285714286,864.2857142857143,215.71428571428578,75.89081359770641,0.06514902375244376,-1.040581371832682,0.506814815443529,76,1.6532020841326032,0.012270430507307174,1.5026092529296875,1.74560546875,0.2429962158203125,1.213263741530627,3.476808125003185,-3.146428533235347e-07,0.01379608880905878,1.9384203459612384,-5.69000244140625,5.438232421875,11.12823486328125,0.41168315379191106,-0.5340616955278383,1.6878109655133562e-06,0.008689731052943638,0.011844368936789109,0.1033172607421875,0.012072322497635162,-0.6432786191060924,4.226739053992477,0
762.2527472527472,78.26698234183013,71.20726383969297,7.6923076923076925,421.42857142857144,871.4285714285714,450.0,78.71404887190947,0.10267851788519487,-1.8839675661394157,6.203389102822843,79,1.6506587709699359,0.011909411730830164,1.3599395751953125,1.749420166015625,0.3894805908203125,0.8264716341634903,16.393649541183724,4.49367135739002e-08,0.08004241216750373,2.0614525120591685,-5.69000244140625,5.438232421875,11.12823486328125,0.38788579341022034,-0.6958666218860521,-6.2739246169186035e-06,0.010423680986676898,0.014056122420922218,0.11004638671875,0.014252068270299716,-0.6268877174438567,2.835907404912054,0
760.7142857142858,67.32488380285962,70.86736864390033,7.6923076923076925,421.42857142857144,871.4285714285714,450.0,78.87323943661971,0.08850219467042578,-2.908344203435701,12.873724241486451,79,1.6498134976341612,0.01220272967717438,1.3202667236328125,1.749420166015625,0.4291534423828125,-0.1864295029294853,39.46291309138402,-2.4697086538522525e-07,0.09170263381231399,1.9017712671717217,-3.41033935546875,4.72259521484375,8.1329345703125,0.519858217891239,-0.9914152754143193,-3.1279326515641863e-06,0.010224396841866629,0.013538674211524068,0.11004638671875,0.01374435155094175,-0.6840335752106584,2.1848906179580982,0
755.877034358047,47.112427760459155,48.20780718921651,8.860759493670885,555.7142857142857,852.8571428571429,297.1428571428572,79.377990430622,0.06232816399888496,-1.3114819522919645,4.230260131592183,80,1.6447203045799619,0.01266868135340575,1.3202667236328125,1.7303466796875,0.4100799560546875,0.47442458786487607,22.92006009472481,-2.584202062898777e-07,0.10950451805478051,1.793693148734291,-3.216552734375,4.30755615234375,7.52410888671875,0.5146714788942899,-0.9927762589087994,1.9318963604588395e-06,0.009179829188755581,0.012196462142395737,0.093109130859375,0.012431382898560104,-0.7214552567777934,2.6660481317245743,0
747.3056057866185,81.7327168928278,81.75805713083254,17.72151898734177,435.7142857142857,910.0,474.2857142857143,80.28843827130619,0.10936986991659917,-1.1438932453556034,3.2995030126428286,80,1.648845827011835,0.022227487028050635,1.5766143798828125,1.7688751220703125,0.1922607421875,1.4688984395632323,1.7276625815017947,8.469433985150233e-07,0.21013590494791667,2.258261689305136,-5.17730712890625,9.91668701171875,15.093994140625,1.120541544541164,2.3845503583736676,2.430884102808281e-05,0.010523533412388392,0.014049962096221188,0.09722900390625,0.014256617376783241,-0.60556883947135,2.1778296193807645,0
738.8928571428571,81.84323460751297,74.85713595516442,16.25,435.7142857142857,910.0,474.2857142857143,81.20257141476147,0.11076468505052749,-0.7908181156934665,2.7458078542218267,81,1.6640467689150855,0.022193884488964092,1.4484405517578125,1.7688751220703125,0.3204345703125,0.18464577227091813,0.17778478206390957,9.252646095274965e-07,0.11917542957124255,3.428861061530864,-10.33172607421875,10.02044677734375,20.3521728515625,0.31655983967637213,0.9320192572133132,1.5986820544379712e-05,0.013204815455845424,0.01715556129567318,0.09722900390625,0.017316758655223925,-0.4860996652656839,1.0402716635623532,0
740.4642857142857,49.77232603340444,24.09455669031526,5.0,652.8571428571428,882.8571428571429,230.0000000000001,81.03024164375634,0.06721772676097644,0.42047621229071597,-0.3403695952252166,81,1.6701395488920665,0.011874068860501413,1.4484405517578125,1.746368408203125,0.2979278564453125,1.018548138227037,5.979458639452384,-1.8778995763049087e-07,-0.11697594778878348,3.677920816666587,-10.33172607421875,10.02044677734375,20.3521728515625,0.3303961794169448,-0.08148079140722198,1.3139281471195194e-05,0.013462020874023437,0.01735075329790478,0.1033172607421875,0.01751795321815272,-0.467163523365888,0.8544117508679676,0
759.5787545787546,71.0598943184729,40.73633162854451,6.41025641025641,611.4285714285714,974.2857142857143,362.8571428571429,78.99115086924023,0.093551713881046,0.695900712949428,1.15532782751524,79,1.6622915086292085,0.01346332268022923,1.549530029296875,1.7425537109375,0.193023681640625,0.8699120956195227,1.7948601154244885,-5.996534207279115e-07,-0.05003171648297991,3.5070765783719646,-8.92791748046875,8.50372314453125,17.431640625,0.38478255829096725,-0.4230133336521962,6.8274032311423765e-06,0.01250250026157924,0.016040890858771265,0.1109619140625,0.016229721567214934,-0.4660139802255686,0.8566762895685427,0
770.5009276437847,68.4661243971722,42.9754007522606,9.090909090909092,611.4285714285714,974.2857142857143,362.8571428571429,77.87141825186613,0.08885923681694152,0.5104044272457815,1.2709526356985688,78,1.653921599615188,0.01188603637270913,1.5766143798828125,1.7314910888671875,0.154876708984375,1.3377402384371395,3.1854524245408404,-2.61168217351311e-07,0.06169647943405878,3.598327088355172,-8.92791748046875,8.50372314453125,17.431640625,0.3268087247564961,-0.5713496743823443,-1.047889171671667e-05,0.012452996390206474,0.015940479275022353,0.1109619140625,0.016126903782446668,-0.4458046932475307,0.8188266928771468,0
757.5274725274726,67.08113173849854,67.93945793382055,8.974358974358974,400.0,850.0,450.0,79.20504823384347,0.08855273791547642,-3.212371312776877,14.439075508227813,79,1.648438853309268,0.012341028726317968,1.5850067138671875,1.7307281494140625,0.145721435546875,1.1565433573234893,2.567075104250131,-2.0162591611978422e-07,0.022406114850725446,3.4079508189584744,-6.95037841796875,7.94219970703125,14.892578125,0.4845508859347661,-0.9185941042294008,-1.5681637512066155e-05,0.012765742710658482,0.01659472929394769,0.1470794677734375,0.016774537281608912,-0.408413203155502,1.6943264790748005,0
738.4107142857143,82.13540144735623,67.90114686281414,13.750000000000002,400.0,935.7142857142857,535.7142857142857,81.25559236777828,0.11123267831617006,-1.078198342484268,4.148731872861333,81,1.6559728622436523,0.016596318410752722,1.3446807861328125,1.7913818359375,0.4467010498046875,0.4016520536783914,3.522903017021199,6.808298194218019e-07,0.11284492129371279,4.071970613967413,-12.73651123046875,13.1927490234375,25.92926025390625,0.16761201174910703,0.29955065773261547,-4.859844823934876e-06,0.011486588614327567,0.015880803953159644,0.15655517578125,0.016063572659777415,-0.5796668199948113,5.41203373508054,0
764.1208791208792,75.36062984110939,29.20448937819279,10.256410256410255,631.4285714285714,935.7142857142857,304.2857142857142,78.52160782339828,0.09862396369513128,0.08755113480829109,-0.9824002153004443,79,1.6622225716000512,0.012921720780669704,1.3446807861328125,1.7913818359375,0.4467010498046875,0.8167101933872735,11.416068541715797,-4.3746853075639145e-07,0.15241539364769346,4.318606406923532,-12.73651123046875,13.1927490234375,25.92926025390625,0.15604461680794185,0.3260204446218369,-1.0081575189194338e-05,0.01126803697858538,0.015599173754812262,0.15655517578125,0.01577857558433641,-0.6272165549942443,5.213017285792397,0
810.5283757338551,44.58017554878611,25.998212043878286,4.10958904109589,684.2857142857142,915.7142857142857,231.42857142857144,74.02578589019268,0.05500137550202739,-0.5262944946367732,0.6949277380258256,74,1.6523346401396253,0.013060415408249407,1.3763427734375,1.7276763916015625,0.3513336181640625,0.6888546746523468,6.984731991772232,-5.043154621109175e-07,-0.14551769438244047,4.358173314606079,-10.504150390625,16.45355224609375,26.95770263671875,0.7898603666076668,1.226528437402247,-3.315149232861083e-05,0.012908050537109375,0.017005248589300047,0.118377685546875,0.017170972327121427,-0.37037804231487376,1.6367509225318235,0
824.7222222222222,55.660148142156906,41.735489773570876,13.88888888888889,590.0,927.1428571428571,337.1428571428571,72.75176827214551,0.06748956999385816,-0.8584204489735301,2.6295646409939186,73,1.6458313896542505,0.011731739432654648,1.3763427734375,1.721954345703125,0.345611572265625,1.0255940032145014,9.959207237530476,-1.4269796879393342e-07,0.09971963791620164,4.100022684991197,-8.8958740234375,16.45355224609375,25.34942626953125,0.7847237175119077,1.3195689929090682,4.615504205476204e-06,0.011261136736188617,0.014915217718004994,0.1157684326171875,0.015113367420345334,-0.3746227263107311,2.0781334832375613,0
814.7749510763209,59.95535529335452,36.346000413136885,15.068493150684931,682.8571428571428,938.5714285714287,255.7142857142859,73.63996637444458,0.07358517246284174,0.21516667810802784,-0.8604897705152679,74,1.647915522257487,0.016825624373187315,1.419830322265625,1.7490386962890625,0.3292083740234375,1.3809512525273588,3.1506588913811022,4.522830345981315e-07,0.3142432803199405,3.3176807076982255,-5.7037353515625,8.38165283203125,14.08538818359375,0.28037906831494885,-1.0076172937486263,-2.1176571749825024e-05,0.009554698399135045,0.012326107381464186,0.0959014892578125,0.012567655116962735,-0.45379988043124336,1.3300027544238402,0
796.0,64.14948528698444,41.19893754085548,18.666666666666668,642.8571428571429,938.5714285714287,295.7142857142858,75.37688442211055,0.08058980563691513,0.07924219353527309,-0.2761708366248672,76,1.664462643577939,0.022849593348449153,1.419830322265625,1.775360107421875,0.35552978515625,0.22449177097076453,-0.10221411836467809,1.3594552929191736e-06,0.07728340512230283,3.259293634568874,-5.987548828125,10.2447509765625,16.2322998046875,0.5300489082613463,-0.42452059022779265,1.2537819808119362e-05,0.00944293430873326,0.012300047758054706,0.084320068359375,0.012534277863186744,-0.39862685805645764,1.5189626062809927,0
780.8834586466165,100.3912772349191,50.85714285714286,21.052631578947366,604.2857142857143,1011.4285714285713,407.142857142857,76.83604939460318,0.12856115227349244,0.60491817440306,-0.4018882134905062,77,1.6963735762096586,0.02443535559514184,1.61285400390625,1.8341064453125,0.22125244140625,0.20718950840812997,-0.6173536001428603,1.6246090167871405e-06,0.04283102126348586,3.7485744400998096,-11.56768798828125,10.2447509765625,21.81243896484375,-0.043017292752635876,0.37897793896049103,5.234907476997343e-06,0.00957186017717634,0.01259351363446263,0.0990142822265625,0.012815954872309802,-0.280206649449352,2.1256730360453666,0
779.1353383458647,99.4166872778955,50.039168331887154,17.105263157894736,604.2857142857143,1011.4285714285713,407.142857142857,77.00844390832327,0.12759873976318553,0.6678384996615714,-0.31073569655103794,77,1.7246376491728284,0.017199243795194295,1.47552490234375,1.8341064453125,0.35858154296875,-0.011133381944293736,1.7300316837301608,8.427822000112383e-07,0.00406036376953125,3.6138938620701815,-11.56768798828125,7.20977783203125,18.7774658203125,-0.17609859018417306,0.20857045325440904,2.646172689412475e-06,0.008961736406598772,0.011845234146611566,0.0990142822265625,0.01208915276715773,-0.3536370858190583,2.629221461166491,0
804.8648648648649,70.86375876718925,48.07999345048303,22.972972972972975,507.1428571428571,934.2857142857142,427.1428571428571,74.54667562122229,0.08804429396863675,-0.860340995404912,2.464890430287289,75,1.7280399685814267,0.013670824326093926,1.47552490234375,1.80816650390625,0.3326416015625,0.6198962402642006,4.72211829236298,-5.822969417084688e-07,0.006483423142206101,3.0387121032703464,-4.49066162109375,7.06329345703125,11.553955078125,0.5839429998365705,-1.0238254856491342,-3.955731051790331e-06,0.008103257315499442,0.010478394840781417,0.072601318359375,0.010767712853154901,-0.567898833445413,1.763042037014781,0
830.1587301587301,65.35076972810984,44.353488737728604,25.0,707.1428571428572,995.7142857142857,288.57142857142844,72.27533460803059,0.07872081248319159,0.2725730437328209,-0.5272573562742982,73,1.7137671879359655,0.01431174083106656,1.5644073486328125,1.80816650390625,0.2437591552734375,0.7857021727410534,1.7663140177590826,-7.38768564277797e-07,0.11002389817010788,3.103836532566768,-5.24749755859375,7.06329345703125,12.310791015625,0.4567041047295319,-1.0797767909331808,1.3072579167902724e-06,0.008780847821916852,0.011316179859102984,0.0807037353515625,0.01158546571194842,-0.4029272840274167,1.4870123190590334,0
800.7142857142858,83.67663245874537,42.67475869122411,18.91891891891892,657.1428571428571,995.7142857142857,338.57142857142856,74.93309545049063,0.1045024847834465,0.2615009542903715,-0.8275760776739056,75,1.7120195842924573,0.015472641609337246,1.5644073486328125,1.8321990966796875,0.267791748046875,0.9955171596436613,1.5941386590567603,5.282366086781402e-07,-0.01686833699544271,3.8256617684851206,-10.3240966796875,10.32257080078125,20.64666748046875,0.023300414592961935,-0.1439901224156519,-2.3366347920621193e-05,0.010207520621163504,0.013821633258659564,0.2733306884765625,0.014021077771431802,-0.6802797374869919,15.24523061723212,0
738.1657848324514,75.13999182039161,43.0151847891995,12.345679012345679,545.7142857142857,938.5714285714287,392.857142857143,81.28255363883979,0.10179284025938273,0.6509810836264219,0.27560019148368253,82,1.7588583719162714,0.052729391922697634,1.5350341796875,1.9256591796875,0.390625,0.6196176220102833,-1.0946210401938594,3.8055964373472036e-06,0.05750405447823661,4.235840154411976,-10.3240966796875,14.14337158203125,24.46746826171875,0.23464682920264532,0.18058132839276775,6.1133143208481754e-06,0.013260760716029576,0.01796278444917372,0.2733306884765625,0.01812574756712355,-0.589725260825019,6.919567393378433,0
731.4459930313587,62.07042272230619,40.11698690011584,10.975609756097562,432.8571428571429,902.8571428571428,469.9999999999999,82.02929617720616,0.08485988482220735,-0.921191208674323,5.363121895496514,83,1.8164049784342449,0.03670496284773427,1.5350341796875,1.9256591796875,0.390625,-1.1863530552612918,0.4266171583498197,2.0617114371943123e-06,0.17465718587239584,3.5341249005909856,-6.97479248046875,14.14337158203125,21.1181640625,0.6670767156563828,0.7069134418391734,-2.460153352966161e-05,0.014176617213657924,0.01853495722289169,0.1722564697265625,0.018721157921437623,-0.449133608960979,1.821031926358641,0
701.8823529411764,44.359770968953946,33.993582541901084,14.117647058823529,608.5714285714286,798.5714285714286,190.0,85.48441166610796,0.0632011487154054,0.0837234116031426,-0.5721032717630785,86,2.842365328470866,0.05550384594953139,2.6767730712890625,3.076171875,0.3993988037109375,0.964318448399473,0.3739701115194345,4.014112406257806e-06,0.07912074497767857,3.632231204555143,-5.86090087890625,10.89324951171875,16.754150390625,0.7653676056707994,-0.06608797170804781,8.855545335654694e-07,0.013125967843191965,0.016795910569863765,0.1118316650390625,0.017051460052339266,-0.26932330901024476,1.0425222309246172,1
709.4387755102042,53.93730742286198,43.72388046751395,11.904761904761903,514.2857142857142,800.0,285.7142857142858,84.57389428263212,0.07602813559784931,-0.42340091488896686,0.5632528154302974,85,2.9190194084530785,0.06026453491098413,2.6767730712890625,3.0788421630859375,0.402069091796875,-0.15730672094470138,-0.8024381768564672,4.188192233194627e-06,-0.14039063226609003,3.8411581628057165,-5.86090087890625,12.45269775390625,18.3135986328125,0.9053358432794278,0.14714188051270094,-1.6204119978001922e-05,0.012474489484514508,0.016047537336929523,0.1185150146484375,0.016312721289355587,-0.36747450413686605,1.3020082516980471,1
731.8694885361552,58.50520710171915,36.62900044321968,17.28395061728395,607.1428571428571,908.5714285714286,301.42857142857144,81.98183001180807,0.07993939905697943,0.26828728828392884,-0.014396510882980884,82,3.0175098600841705,0.07126604249136421,2.69317626953125,3.2352447509765625,0.5420684814453125,0.002542284259368644,-1.4090287508120187,5.11929414932482e-06,-0.021794019426618304,3.8815442794059343,-6.62994384765625,12.46490478515625,19.0948486328125,0.8782231948467375,0.33348788604397406,-8.746397972431227e-06,0.012003438677106584,0.015488773942896744,0.1185150146484375,0.015770332923602883,-0.38973654800612395,1.320078262072867,1
752.4050632911394,63.7226878815932,35.999229598129155,15.18987341772152,637.1428571428571,912.8571428571428,275.71428571428567,79.74427994616418,0.08469199768919687,0.5558024476676254,-0.4048297885909635,80,3.081140073140462,0.03399784403147944,2.878570556640625,3.2352447509765625,0.3566741943359375,-1.1445591942871078,2.4673976972356906,6.974545975214845e-07,0.40625406901041666,3.672713898219596,-6.62994384765625,12.46490478515625,19.0948486328125,0.5691107144566369,0.10005904746906147,3.0783142329725838e-06,0.011116124834333148,0.014344615812656709,0.1017608642578125,0.014650161531015797,-0.4074638406164371,1.4168990824394232,1
753.4900542495479,63.99905822876697,45.15106337986748,16.455696202531644,624.2857142857143,898.5714285714286,274.2857142857142,79.62945185754056,0.08493683210259223,0.031170358665348796,-0.8661735182528219,80,3.105254282270159,0.030920025727380646,2.8606414794921875,3.2440185546875,0.3833770751953125,0.4178466472847583,-0.2102582650073357,1.4526455760167431e-06,0.2442064921061198,4.095109180395028,-8.97674560546875,18.01605224609375,26.9927978515625,1.0932507757115035,2.395656121643711,7.042912560301336e-06,0.011188330514090402,0.014435009039604747,0.11920166015625,0.014737849718999368,-0.4229889914217317,1.6364728182227593,1
742.4464285714287,78.95981726389024,52.07723334639356,20.0,541.4285714285714,900.0,358.57142857142856,80.81391153762897,0.10635086145652291,-0.14691050703855657,-0.6761695271780588,81,3.1211124238513763,0.023897502888695955,2.8606414794921875,3.26385498046875,0.4032135009765625,0.8158542508170545,1.093256359748664,1.1857667496590652e-07,-0.1316384088425409,4.530321684165367,-8.97674560546875,18.01605224609375,26.9927978515625,1.1144637081008535,1.804917824780893,2.4868522700526298e-05,0.01236688232421875,0.015993129871004447,0.11920166015625,0.016270970490599296,-0.38764323601577516,1.4859390638679848,1
741.6607142857143,77.34478985592465,40.93962261136315,15.0,590.0,900.0,310.0,80.89952567837622,0.10428594688396649,0.13523530586370172,-0.8371429388061622,81,3.166026669456845,0.05470454790000621,3.0246734619140625,3.328704833984375,0.3040313720703125,0.14771444769915076,-1.446185964736735,4.079249314821881e-06,-0.0944120134626116,4.298727856034053,-8.55865478515625,16.01104736328125,24.5697021484375,1.0520851375207174,1.1614802943246065,8.81292322607127e-06,0.012672601972307478,0.01663782920461407,0.1130218505859375,0.016904845122884166,-0.3484196092785944,1.7912787794699625,1
716.4888123924268,80.721574071138,34.71744726860233,9.63855421686747,575.7142857142858,877.1428571428571,301.42857142857133,83.74171230902279,0.11266271388327852,0.08349397854099654,-0.8536797315519222,84,3.233023452758789,0.03608323295718327,3.0246734619140625,3.3672332763671875,0.342559814453125,0.25294876356197693,-0.3068905797467867,2.204145658103484e-06,0.0604004632859003,4.929840057318449,-8.6273193359375,19.21234130859375,27.83966064453125,1.3484705940784396,2.393570635451722,-3.23244171696541e-06,0.014036871773856027,0.019044953588398417,0.17083740234375,0.019273253507263017,-0.21548999349278125,3.2179145856998623,1
728.8675958188154,89.3894833380995,47.17037302916694,17.073170731707318,575.7142857142858,952.8571428571429,377.1428571428571,82.3194779740421,0.12264159341269476,0.22515063590013779,-0.39992829278323416,83,3.3096396037510463,0.06770005350908685,3.16925048828125,3.517913818359375,0.348663330078125,-0.027549391887550265,-1.2554781724418393,4.859465634592754e-06,0.24862750825427826,5.625620268685784,-13.31634521484375,19.21234130859375,32.5286865234375,0.46593037010590127,1.030733864601153,1.4562920467969587e-05,0.012555686950683594,0.017441394922239593,0.17083740234375,0.01768569296318524,-0.23024732617062152,4.484912831317529,1
773.7105751391465,84.91877590969841,57.4341728461925,28.57142857142857,578.5714285714287,952.8571428571429,374.2857142857142,77.54837781454572,0.10975522196323394,0.18154130961523687,-0.6530522557284462,78,3.375783702305385,0.03617464087835229,3.1982421875,3.5335540771484375,0.3353118896484375,0.5456229575210845,1.9009107353701236,1.038650092332944e-06,0.10669624691917783,5.469723370217013,-17.2149658203125,12.73956298828125,29.95452880859375,-0.2859197166898258,0.6073391009105467,3.987177877829815e-06,0.009014053344726563,0.011726770492349195,0.08587646484375,0.012108429262590696,-0.5599043289534746,2.5195093050721376,1
745.6428571428571,86.43710111392903,48.00811521858162,22.5,482.8571428571429,915.7142857142857,432.8571428571428,80.4674777277517,0.11592292514560844,0.1508586119660492,-0.10784898556914735,81,3.4077525729224796,0.03822072544274872,3.0979156494140625,3.5335540771484375,0.435638427734375,0.025714848574024396,-1.053354655717859,2.3252044869481028e-06,-0.051535542805989584,4.249992109409975,-17.2149658203125,12.40386962890625,29.61883544921875,-0.19651580483698894,2.0372852348828525,2.4552591303788686e-05,0.009797251020159041,0.012727973038161313,0.0929718017578125,0.013098978517711564,-0.36252840870286934,2.273418175595661,1
754.9367088607595,81.35185544797635,42.13245665416783,18.9873417721519,631.4285714285714,938.5714285714287,307.1428571428572,79.47686116700201,0.1077598353519472,0.29757067822706146,-0.8142098499267045,80,3.4727016358148486,0.0484546508683403,3.0979156494140625,3.612518310546875,0.5146026611328125,0.2746060130023743,-0.9017357947461235,3.29950143715702e-06,0.08440588088262649,3.327307327815282,-5.7861328125,9.66339111328125,15.44952392578125,0.7144581241660278,-0.13208535544507782,1.2937807229483808e-05,0.009744154793875559,0.012593585686332606,0.0929718017578125,0.01295970175367098,-0.30475395130916244,2.1089361060166567,1
818.2583170254402,82.3940247755987,58.3180252022654,28.767123287671232,621.4285714285714,955.7142857142858,334.28571428571433,73.32647741133141,0.1006943932756103,-0.551565251374808,-0.5555137925728371,74,3.538058989388602,0.039882282859095695,3.336334228515625,3.70025634765625,0.363922119140625,0.32451773337358975,0.3661354045988192,2.2633202754076392e-06,0.07134221394856771,2.9484950943119794,-5.7861328125,9.66339111328125,15.44952392578125,0.7529302280029577,0.39170720901046385,8.625828716421556e-06,0.008540274483816964,0.010835868802606239,0.0741119384765625,0.01127671802354286,-0.4329602207149225,1.9850309708417502,1
800.2123552123552,74.91848205751447,49.63720772032988,17.56756756756757,647.1428571428571,955.7142857142858,308.57142857142867,74.98009698197872,0.09362325084025112,0.0758437639772529,-1.06313050431325,75,3.582946232386998,0.036077445919804746,3.336334228515625,3.7372589111328125,0.4009246826171875,0.3159079828685432,-0.46386024193598363,2.1191449477950936e-06,0.03562327793666294,2.182786517719148,-4.193115234375,6.3507080078125,10.5438232421875,0.7324402873251309,-0.03454255338247192,1.1982284381295437e-05,0.008248330252511161,0.010382319996831799,0.0710906982421875,0.010870319238472459,-0.4815361500736391,1.9938687132287551,1
765.0915750915751,68.06151592458376,50.19970718682784,17.94871794871795,582.8571428571429,944.2857142857143,361.42857142857144,78.42198496672572,0.08895865297750451,0.2704848502190638,-0.014437996894848926,79,3.637881615048363,0.04648721917056305,3.5129547119140625,3.821563720703125,0.3086090087890625,0.4202340976956978,-0.3797492080858924,3.1624275208148955e-06,0.011101277669270833,2.3639547913125725,-4.34112548828125,6.414794921875,10.75592041015625,0.7282825530933665,-0.15996847082163201,4.6202741658384676e-06,0.008252648489815849,0.010455407470590584,0.07452392578125,0.010943144765184478,-0.5458627391375775,2.297662373050847,1
786.0338345864661,76.85779924119836,49.817353477307414,23.684210526315788,641.4285714285714,944.2857142857143,302.8571428571429,76.33259200803501,0.09777925053523097,0.04955477424737119,-0.7167137212243828,77,3.696106383914039,0.05512798401059475,3.501129150390625,3.9424896240234375,0.4413604736328125,1.4708481172307954,2.4043451869165153,2.7300468609517316e-06,0.07198308308919271,2.8164853315694947,-5.35125732421875,10.04180908203125,15.39306640625,0.81905286658224,0.48902652033381644,1.1510238605174704e-05,0.008224872044154575,0.010454116896122953,0.07562255859375,0.010938718901045735,-0.563747030801854,2.5124414352466076,1
795.4054054054054,67.93026755746357,46.10371068215317,22.972972972972975,641.4285714285714,958.5714285714286,317.1428571428571,75.43323139653415,0.08540332652484377,0.2073537406462565,-0.10204488776370546,75,3.7242804300217403,0.0503520371414896,3.501129150390625,3.9424896240234375,0.4413604736328125,0.9182232895996159,1.105580489330654,1.3807551653776283e-06,0.03531835646856399,3.546723504275062,-9.51385498046875,10.04180908203125,19.5556640625,0.22322480263574,0.15573342858643224,-6.22885136019808e-06,0.008302708217075893,0.010532235507777534,0.0818939208984375,0.011012043285497762,-0.535717271600867,2.3718484153292474,1
786.8796992481202,81.997652152051,51.49757275833494,28.947368421052634,580.0,972.8571428571429,392.8571428571429,76.2505374802924,0.10420608414526572,0.037063241228209844,-0.11793066770886629,77,3.7705479031517393,0.05567419018642072,3.4481048583984375,3.954315185546875,0.5062103271484375,0.13040285357335685,-0.3109858210127001,3.534141607592118e-06,-0.0178145999000186,4.647935152709404,-17.55828857421875,13.63372802734375,31.1920166015625,-0.4829363978616772,1.91224661856406,2.110784856091692e-06,0.008191687447684151,0.010365830929635297,0.0818939208984375,0.010854224272863965,-0.5291464484204619,2.286722098934738,1
747.3571428571429,108.10923708387338,55.35377403270865,33.75,570.0,972.8571428571429,402.8571428571429,80.28290165344548,0.14465538747722712,0.14966360638729773,-1.088591361396451,81,3.830351248241606,0.042864922128951835,3.4481048583984375,4.0496826171875,0.6015777587890625,0.43914276437224764,0.05057249267880959,1.2806920987487428e-06,0.018231419154575892,6.138692992560946,-17.55828857421875,19.54193115234375,37.1002197265625,0.30638204814888165,1.4320264184928204,-1.5428951698995278e-05,0.009294611249651228,0.012232385952627937,0.09906005859375,0.012635706196817392,-0.2133137106284602,3.5456807529427206,1
749.258589511754,110.88727912915995,54.50577144559208,26.582278481012654,570.0,984.2857142857143,414.28571428571433,80.07916204083602,0.1479960065608569,0.41272553317047556,-0.7428697371240385,80,3.857847667875744,0.038177355383045515,3.5282135009765625,4.0496826171875,0.5214691162109375,0.38707989208649857,-0.7692839053324381,1.0387539968645135e-06,-0.043948400588262646,5.526520584981183,-14.59808349609375,19.54193115234375,34.1400146484375,0.7967650638883317,2.0262920719277133,-2.5239630062298203e-05,0.01006725093296596,0.013026312776027263,0.09906005859375,0.013405829285252559,-0.11899399489576216,2.640217100166918,1
718.8984509466437,65.71253657075125,33.93182636138253,7.228915662650602,477.14285714285717,825.7142857142858,348.5714285714286,83.46102279256847,0.09140725854148267,-0.8762543615569667,0.9840624513567588,84,3.164667728969029,0.016036946172140566,3.069305419921875,3.2588958740234375,0.1895904541015625,0.5875749270950703,0.5438484215596708,6.27546340129361e-07,-0.07282471429734003,3.3684995504439734,-8.76922607421875,6.73828125,15.50750732421875,-0.00297574315362338,-0.6242489796773039,1.703049367233389e-05,0.011499004908970423,0.014806169977498345,0.09173583984375,0.015113416844212272,-0.363743573538995,1.2928738916550468,2
726.184668989547,51.47358409450941,20.869243427580372,3.6585365853658534,577.1428571428572,811.4285714285713,234.2857142857141,82.62361154427464,0.07088222361693833,-1.1543152127618712,1.3062648140212092,83,3.2052672431582496,0.0458150942021299,2.8789520263671875,3.3721923828125,0.4932403564453125,0.843433233188675,-0.1587529263636811,2.8114994220713845e-06,-0.028910428001767113,3.2034326371782793,-6.61163330078125,6.73828125,13.34991455078125,0.24195628810137382,-0.8989905228323432,1.4258501705990371e-05,0.010644841875348773,0.013489845860203737,0.0894927978515625,0.013818411266748432,-0.39873556485391004,0.8607409718510151,2
721.2736660929432,49.80167801322573,29.995851712531515,3.614457831325301,545.7142857142857,858.5714285714286,312.8571428571429,83.18617859017802,0.06904685468831229,0.1780632988600843,2.1953700040364694,84,3.237267521449498,0.03244906282749204,2.8789520263671875,3.3721923828125,0.4932403564453125,0.206589915797546,0.8460109359805279,6.079084426392773e-08,0.031112816220238097,3.387367285730846,-6.4727783203125,8.06427001953125,14.53704833984375,0.3666145931472664,-0.8436139854736795,-5.638717949903098e-06,0.010564271109444754,0.013370906531114092,0.0796051025390625,0.013700632773670991,-0.385212657802859,0.7752446833621169,2
717.2805507745265,53.827952414772554,20.369288509549524,4.819277108433735,605.7142857142858,858.5714285714286,252.85714285714278,83.64927772712004,0.07504448901709186,0.26750199692914245,0.5037303303172416,84,3.2034767150878904,0.039716324553183614,2.9102325439453125,3.3161163330078125,0.4058837890625,-0.23788177516691567,-1.010612077143177,-3.0471870012691515e-06,0.011514391217912947,3.919837480561654,-8.294677734375,8.95843505859375,17.25311279296875,0.2631063270175706,-0.8505120510799338,-6.843013004491125e-06,0.010446194240025112,0.01321423653694078,0.0911407470703125,0.013549462827766433,-0.40760769188716045,0.8549621282514379,2
709.0646258503401,37.15299053790387,18.049735947916947,2.380952380952381,585.7142857142858,757.1428571428571,171.42857142857133,84.61852109466817,0.05239718522602709,-1.3278561477289537,1.5489929850969792,85,3.1579441524687266,0.037080189323247796,2.9102325439453125,3.2855987548828125,0.3753662109375,0.2872598359572575,-0.8480208400175111,-7.685605626249866e-07,0.05476361229306176,4.173776778985656,-8.294677734375,8.95843505859375,17.25311279296875,0.3182545751830009,-1.062154000307998,-1.1663014437753547e-05,0.010304847717285156,0.013080827217146568,0.0911407470703125,0.013414410319994529,-0.4466255513306895,1.005381115098385,2
701.109243697479,33.035596117409014,20.966097860002915,1.1764705882352942,540.0,762.8571428571429,222.8571428571429,85.5786748489788,0.04711904230956555,-1.331835995595901,4.780759315456422,86,3.158313769385928,0.03658042557315839,3.0429840087890625,3.2855987548828125,0.24261474609375,0.2638192946107686,-0.835483479334826,1.2852358661916874e-06,0.09923531668526786,3.93041180236537,-8.29010009765625,8.03070068359375,16.32080078125,0.3690931126877265,-0.876970888249426,-8.124601639242727e-06,0.010096939086914062,0.01282577507706656,0.0779571533203125,0.013171183527608118,-0.44215552725016866,1.019119613250819,2
691.0797342192691,32.169561477328955,11.181145165092943,0.0,615.7142857142858,762.8571428571429,147.1428571428571,86.82066197149244,0.04654971037990537,-0.12155238735311683,-0.533430864790803,87,3.151956122262137,0.03077679412643267,3.0513763427734375,3.27301025390625,0.2216339111328125,0.16836016444257074,-0.3461387000611724,-2.077662235643062e-06,0.12681052798316592,4.061703171667592,-8.71124267578125,9.4024658203125,18.11370849609375,0.2368687524987419,-0.6535486008247804,-2.3417908893412205e-06,0.010263858250209264,0.012983992262091409,0.0927886962890625,0.013325651470960858,-0.427192960953024,0.9846276828886396,2
683.8423645320197,29.1439440417006,10.722588145376022,0.0,615.7142857142858,731.4285714285714,115.71428571428567,87.73951880132546,0.04261792710319278,-0.45531403608443627,-0.7721738920389174,88,3.1012276785714286,0.03660918358199947,3.0048370361328125,3.23028564453125,0.2254486083984375,0.30274489654823017,-0.9924721425146914,-2.790906829055779e-06,0.07106519426618303,4.306811669082909,-8.71124267578125,9.4024658203125,18.11370849609375,0.33524033675863035,-0.9357678215683536,-5.89324298052147e-07,0.01038656943184989,0.013184292117957514,0.0927886962890625,0.013515259426012713,-0.43880856227301845,1.0477507735868423,2
673.2423756019261,40.81589587255317,29.001631327669294,2.247191011235955,482.8571428571429,731.4285714285714,248.57142857142856,89.120949860525,0.06062585682617034,-1.8701250704069678,5.577234660262286,90,3.0529814129783994,0.022478370043524924,2.951812744140625,3.163909912109375,0.21209716796875,0.29055901306537174,-0.6254109272809552,-1.5913875783172231e-06,-0.060311780657087054,4.3208013436463,-10.565185546875,9.10186767578125,19.66705322265625,0.27442884255194583,-0.8215468629426064,-1.0021262234189243e-05,0.010297334943498883,0.01306566608650129,0.0837249755859375,0.013404574532830279,-0.39762499097835324,1.0138782039602061,2
680.6006493506494,45.7405168202618,30.51208887376886,2.272727272727273,442.85714285714283,747.1428571428571,304.2857142857143,88.15742397137745,0.06720610223322902,-2.008583759875719,6.558984742975651,89,3.0347734996250697,0.017532486757407092,2.8839111328125,3.1177520751953125,0.2338409423828125,0.2784981029703946,0.38751834121283846,-4.878002374951999e-07,0.04094212849934896,4.555004567490636,-10.565185546875,9.76104736328125,20.32623291015625,0.2274072156419498,-0.8264703027081817,-2.5041704448466277e-06,0.010231840951102121,0.012929911114568876,0.0821685791015625,0.013283699273991922,-0.36523682919629824,0.9968696425299752,2
687.8653530377669,34.43990612783701,16.93184080461272,1.1494252873563218,537.1428571428571,747.1428571428571,210.0,87.22637320665535,0.0500678017518148,-1.5258406457863571,3.6216557729237637,88,3.0164595467703683,0.024205930562286936,2.8839111328125,3.1177520751953125,0.2338409423828125,0.6981130267856707,-0.1894845536521248,-1.6459828030517855e-06,0.19686104910714286,4.4672886678309975,-8.746337890625,9.76104736328125,18.50738525390625,0.3561752472264792,-1.0585413827342844,-8.896457569406861e-06,0.010057447160993304,0.012737288412489502,0.0742034912109375,0.013089883258756053,-0.37350262359101877,1.0389614245268586,2
680.7142857142858,61.82108063704262,66.89504630589187,5.681818181818182,414.28571428571433,868.5714285714286,454.2857142857142,88.1427072402938,0.09081795686449072,-0.5918884903935624,6.34206135995529,89,3.0161079860868907,0.03138719166257948,2.93426513671875,3.1322479248046875,0.1979827880859375,0.620273517064401,-0.7833177026621776,1.6029216490918584e-06,0.07981091453915551,4.18434473812811,-8.21685791015625,8.74176025390625,16.9586181640625,0.38158567109364316,-1.0157345896646854,-2.699190007594694e-06,0.010246893746512277,0.013030862067441452,0.0900421142578125,0.013364035779604974,-0.3911788195613777,1.1381801847245683,2
675.9902597402597,41.65013410976137,23.289728365473824,3.4090909090909087,490.0,771.4285714285714,281.42857142857144,88.75867534401192,0.0616135121913811,-0.6313675705654924,2.993203956551734,89,0.7391015643165225,0.013609668911890098,0.563812255859375,0.8632659912109375,0.2994537353515625,1.4009728854566474,5.227445596842802,2.449390284558814e-07,-0.04863052368164063,3.2037911606127802,-8.2855224609375,8.47930908203125,16.76483154296875,0.10150947166954521,-0.31334465364445974,1.0714623659163386e-05,0.007891101292201452,0.00983829175656824,0.0523223876953125,0.01009064782844949,-0.2998996794753867,0.2563696980964636,0
631.4285714285714,39.8622763288031,25.896852746948504,2.1052631578947367,450.0,701.4285714285714,251.42857142857144,95.02262443438914,0.06313030187819495,-0.8933954082899059,2.969151334607332,96,0.7442449569702149,0.013808601076374709,0.5947113037109375,0.881195068359375,0.2864837646484375,1.5028106104152175,4.9576997164904055,2.4263515835264016e-07,0.0025728861490885418,3.421302466914961,-12.84332275390625,11.72332763671875,24.566650390625,0.0611030188531144,2.466834461472997,-3.5656960671003296e-07,0.007548246111188616,0.009423642313582207,0.0523223876953125,0.009693858194636777,-0.32603397160442577,0.26277566805563346,0
609.4752186588922,23.67644928034745,8.35263211726371,0.0,567.1428571428572,680.0,112.85714285714278,98.4453480028701,0.03884727148126847,0.8089556773655531,0.8310558961411805,99,0.7476920627412342,0.013591371705346444,0.45318603515625,0.881195068359375,0.428009033203125,1.3588203446820128,9.919087674957114,8.445531508822804e-08,0.07755294073195684,3.25083539787788,-12.84332275390625,11.72332763671875,24.566650390625,-0.012824701183233554,3.546108423422085,-1.906516121133806e-06,0.00724823978969029,0.009043231952409114,0.042205810546875,0.009327471212998862,-0.3611392317686364,0.2698839911743178,0
591.7256011315419,24.122772151167663,15.210093319092762,0.9900990099009901,444.2857142857143,635.7142857142857,191.4285714285714,101.39835066332016,0.040766821825924546,-2.17574909737379,11.951018474410374,102,0.7493589764549619,0.013476207199947245,0.45318603515625,0.8514404296875,0.39825439453125,1.3373860591172322,9.887309449566933,9.775616704184834e-08,0.10390272594633557,1.961128318665721,-3.91082763671875,4.55474853515625,8.465576171875,0.4432881930861261,-1.0375275341837327,-1.7297282428618002e-06,0.007275294712611607,0.009058661833377163,0.0503997802734375,0.009345456798952814,-0.3683757712935334,0.30161740218636623,0
582.0588235294119,17.47985009203932,6.726177437579419,0.0,548.5714285714286,632.8571428571429,84.28571428571433,103.08236483072255,0.030031071406232276,0.5276167122267628,0.08897000125585741,103,0.7517420087541853,0.01341500516320687,0.5954742431640625,0.8609771728515625,0.2655029296875,1.5575664046147872,4.910444809745826,1.343582161496716e-07,0.06525838942754836,1.9048760636236783,-3.91082763671875,4.19158935546875,8.1024169921875,0.4003714069202118,-1.049076922433261,1.9651778547072973e-06,0.007331539699009486,0.009095757363949627,0.0503997802734375,0.009375966160133439,-0.3428019037462848,0.24867964803459053,0
593.0551626591232,59.32230928737109,52.84459310476486,9.900990099009901,415.7142857142857,801.4285714285713,385.7142857142856,101.17102721266902,0.10002831612051648,0.9014092148518834,2.98198745897058,102,0.7550476619175502,0.013479207643754192,0.545501708984375,0.8609771728515625,0.3154754638671875,1.3811604275811262,6.032314993835396,1.6571412987155716e-07,0.025728897821335566,2.4063544593231274,-5.45806884765625,7.391357421875,12.84942626953125,0.3663771916493143,-0.47026720830323665,7.296213400688649e-07,0.007410760062081473,0.009206896250955941,0.0497589111328125,0.009487779966301835,-0.2970287594886601,0.32869734891117064,0
617.4255952380953,58.97351092772322,53.03789456544775,9.375,415.7142857142857,801.4285714285713,385.7142857142856,97.17770118820948,0.09551517038256489,-0.08687299850122732,2.5522619988264124,97,0.7575212024507069,0.013505981280733189,0.545501708984375,0.8670806884765625,0.3215789794921875,1.510911379096534,5.932220084740003,6.291581779322115e-08,0.025195421491350446,2.608462260016885,-5.45806884765625,7.391357421875,12.84942626953125,0.3454736099560151,-0.8467911701814259,-1.2713594099702047e-06,0.007165847778320312,0.008930007026251945,0.0497589111328125,0.009222404912408597,-0.31789699613844047,0.40045931847473426,0
623.3928571428572,29.875201021155007,18.46877354166189,1.0416666666666665,467.1428571428571,717.1428571428572,250.0000000000001,96.24749355485532,0.04792355362889373,-0.93096278802176,6.946401975623155,97,0.7594061896914528,0.013666367874990681,0.6206512451171875,0.8670806884765625,0.246429443359375,1.6100163956468314,4.748087861642159,1.0163662078710723e-07,0.08889552525111608,2.351720205163799,-4.571533203125,4.92706298828125,9.49859619140625,0.33661479954925616,-1.228902303659935,4.7402208859915824e-07,0.006966147286551339,0.008683675684323587,0.0516815185546875,0.008981941955106877,-0.37269667509439364,0.35696894280807,0
609.5772594752187,29.76949428230126,17.0998478639529,1.0204081632653061,464.2857142857143,717.1428571428572,252.85714285714295,98.42886864193987,0.04883629403749351,-0.009179766025110846,6.435671152652446,99,0.7617150715419224,0.013730876647750719,0.537109375,0.876617431640625,0.339508056640625,1.4244012443388387,6.916452471959616,1.191014029792483e-07,0.05491242181687128,2.2677377038298387,-4.571533203125,4.92706298828125,9.49859619140625,0.3481445881330718,-1.1896399132331728,-6.097942722887068e-06,0.006990849086216518,0.008687941360007181,0.0516815185546875,0.008992382394038755,-0.36978290239106854,0.3253739169176719,0
587.3389355742297,30.259012074953013,31.77258044374351,3.9215686274509802,452.85714285714283,665.7142857142857,212.85714285714283,102.15566577642122,0.05151882540422656,-1.561832643441604,4.9475989704462195,103,0.7651138396490188,0.013766407807614324,0.537109375,0.876617431640625,0.339508056640625,1.3668417542194862,6.514544017125656,2.2395740354291056e-07,0.06176478068033854,2.704491565062968,-9.26971435546875,10.00518798828125,19.27490234375,-0.08203382205015508,1.492448584183502,7.011703506678113e-06,0.007217247009277344,0.008999165814097584,0.068939208984375,0.009297202245027765,-0.37973751742292877,0.47968435486473826,0
575.8104395604396,24.661972537607767,28.11458622123263,2.8846153846153846,452.85714285714283,665.7142857142857,212.85714285714283,104.20095899234236,0.04283001981769234,-0.5716847146736914,5.841760110509423,105,0.7691464378720239,0.013541513148649629,0.6969451904296875,0.8968353271484375,0.19989013671875,1.553416271356032,4.333935312706649,1.6344880890917365e-07,0.07810247512090773,2.4676001844709265,-9.26971435546875,10.00518798828125,19.27490234375,-0.17248432521572615,3.168703853859884,-3.040664916284004e-06,0.007461324419294085,0.009332521228704161,0.0753936767578125,0.009618130418022196,-0.3988968125148854,0.5990830016766897,0
565.0134770889488,14.729292955441792,5.070925528371107,0.0,530.0,610.0,80.0,106.19215723690488,0.026068923225211836,0.3640982630263213,0.5212322739653916,107,0.7723714556012835,0.013612464949185698,0.6977081298828125,0.8968353271484375,0.199127197265625,1.5833459237164438,4.451146480064512,1.429934152438628e-07,-0.0011019025530133928,1.378951868480157,-3.73382568359375,4.12445068359375,7.8582763671875,0.4086175457829326,-0.027808347945415868,-1.63343465988479e-06,0.007580376761300223,0.009524050718500099,0.0758514404296875,0.0098053197515741,-0.3389425291905997,1.0303215598599973,0
582.3529411764705,59.887064267165044,58.97984353850928,3.9215686274509802,495.7142857142857,912.8571428571428,417.14285714285705,103.03030303030305,0.1028363729840208,2.17032357603708,7.380247590305437,103,0.7756866364252,0.013663881824495357,0.4894256591796875,0.9052276611328125,0.415802001953125,1.270400800560026,10.052883373145317,1.3791934012847086e-07,0.11560410999116444,2.563251788456714,-8.05511474609375,7.88421630859375,15.9393310546875,0.03149668135010316,0.946733753782615,8.401153651885999e-06,0.007722456795828683,0.009779966610251002,0.0758514404296875,0.010059770575281924,-0.26236197440676634,1.4700501170478946,0
610.8892128279883,63.39930355466923,68.49606192061293,5.1020408163265305,425.7142857142857,912.8571428571428,487.14285714285705,98.21748156632543,0.10378199880330993,0.6812907585782694,4.017304165025775,99,0.7777878352573939,0.013225270195979074,0.4894256591796875,0.9052276611328125,0.415802001953125,1.2363731391407924,11.01563476923378,2.7177663447205992e-08,0.0917129879906064,3.0584585158862514,-8.05511474609375,7.88421630859375,15.9393310546875,0.13226417361582424,-0.5361841648918775,-4.612928673381455e-06,0.007878585815429688,0.010017833978814967,0.0754852294921875,0.01028910906394312,-0.3164946284445818,1.3908479643974516,0
603.1168831168832,32.12617084045456,18.205637345440174,1.0101010101010102,508.57142857142856,688.5714285714287,180.0000000000001,99.48320413436691,0.05326690686294146,0.48794582007977666,0.4576369723367626,100,0.7785459700084868,0.013155771124102388,0.7053375244140625,0.8975982666015625,0.1922607421875,1.554563749599245,4.219151639329879,3.4999571091946017e-08,0.004391661144438244,2.465729356271321,-4.15496826171875,5.99212646484375,10.1470947265625,0.4218256725273197,-1.0518180133549586,8.518946080886659e-06,0.007670698983328683,0.00967156563862215,0.0754852294921875,0.009953617892228662,-0.35462866943942584,0.9600911000936803,0
581.4979195561721,40.12876966684015,23.735318538803213,3.8834951456310676,448.57142857142856,755.7142857142857,307.1428571428571,103.18179649859275,0.06900930909171336,0.7490612538652139,3.441831792421138,104,0.7792035784040179,0.013360026665005648,0.507354736328125,0.8975982666015625,0.3902435302734375,1.300952033597553,8.113507445174918,1.8602724459712543e-08,0.07606753394717262,2.5684314660520475,-5.27801513671875,6.55670166015625,11.834716796875,0.41981624186838956,-0.9069466311895971,3.089881100690129e-06,0.00835230255126953,0.010950246614720448,0.1237335205078125,0.011197448200581104,-0.4833015650879451,4.232734473864113,0
594.4428571428572,56.16080956158169,39.446280817014745,8.0,450.0,782.8571428571428,332.8571428571428,100.93484895820816,0.09447638050781566,1.0584527758947628,1.8058297355512938,101,0.7802025658743722,0.013307835581975016,0.507354736328125,0.8678436279296875,0.3604888916015625,1.2632842746839517,8.162367108260737,6.79216141525241e-08,0.009111168271019345,3.112150601899394,-9.07135009765625,9.8236083984375,18.89495849609375,0.08729436162911611,0.4486660763016732,-4.5495012282547875e-06,0.009592309134347098,0.012556872550006084,0.1237335205078125,0.012759425161646383,-0.49748204770737403,2.8603608691207905,0
609.5918367346939,47.40364303259137,36.73447179491979,6.122448979591836,450.0,782.8571428571428,332.8571428571428,98.42651489789087,0.07776292295269424,1.205596173702756,3.4755604861160583,99,0.7818859736124675,0.013400101809164497,0.5886077880859375,0.896453857421875,0.3078460693359375,1.439143194928729,6.057544279471982,7.550046635898738e-08,0.04581513177780878,2.72707645144113,-9.07135009765625,9.8236083984375,18.89495849609375,-0.13013187679110025,1.8446757199509296,5.2494847607011485e-06,0.008595699855259487,0.011095374105633177,0.0875701904296875,0.011352622319720451,-0.46593003938783883,1.7133707611227669,0
584.187675070028,38.80789627488428,21.875582721794274,1.9607843137254901,472.8571428571429,717.1428571428572,244.28571428571433,102.70672004986693,0.06643052897381356,1.118874471748544,2.316931687761791,103,0.7839420681908017,0.013453283954851233,0.5886077880859375,0.896453857421875,0.3078460693359375,1.3570755469216453,6.642256339072635,9.899845308087617e-08,0.11198814028785342,2.344533278092765,-6.524658203125,6.93511962890625,13.45977783203125,0.08361942335149268,0.17362923527702012,-3.4017698218893582e-06,0.008479297092982702,0.01100610889701608,0.114349365234375,0.011268822341649592,-0.5172246357405869,2.529424781754141,0
577.6837725381415,34.45181477521758,14.262586320419555,0.9708737864077669,514.2857142857142,670.0,155.71428571428578,103.8630525077429,0.05963784411642427,0.3390615012825273,-0.6776889955119745,104,0.7865673246837798,0.013485423596800675,0.58135986328125,0.8922576904296875,0.3108978271484375,1.2108182260611826,7.0687576323432655,1.2818054883669555e-07,0.03253954932803199,2.4059740243712717,-6.524658203125,6.93511962890625,13.45977783203125,0.17546430200238755,-0.007713080948707596,-9.815097223723355e-07,0.008647806440080915,0.011072357971904295,0.114349365234375,0.011314074553088988,-0.46532678950562384,2.0345816783155772,0
580.263522884882,36.589144662665376,15.683698267836656,1.9417475728155338,514.2857142857142,657.1428571428571,142.8571428571429,103.40129550397974,0.06305608265836876,0.009801784409397345,-0.9722205125269832,104,0.7886932554699125,0.013477882789260187,0.58135986328125,0.91552734375,0.33416748046875,1.3204601227823995,6.872441994278402,7.613294307331105e-08,0.046471078055245536,2.9551965012544605,-10.72235107421875,8.831787109375,19.55413818359375,-0.40179241712625247,1.4734047700111104,2.83721754619867e-06,0.008169618879045758,0.01030079716796641,0.0926971435546875,0.010562317825699878,-0.3636852247164216,1.1935193295693072,0
597.9,40.21496066421661,18.02103720379709,2.0,520.0,690.0,170.0,100.35122930255896,0.0672603456501365,-0.11573400462412248,-0.6162149086334852,101,0.7900716963268462,0.013490520926864992,0.7114410400390625,0.91552734375,0.2040863037109375,1.574633426545684,4.4561081974731165,7.270665566776845e-08,0.09556532360258557,3.2068465950394933,-10.72235107421875,8.831787109375,19.55413818359375,-0.3137690386074797,0.5754585162581289,2.153530647626241e-06,0.007934688023158483,0.010206376742434044,0.1114654541015625,0.010456419642133945,-0.39703127207202416,2.5376518874860894,0
621.0267857142857,31.770129355421314,19.431224940422165,2.083333333333333,547.1428571428571,710.0,162.8571428571429,96.61419020918699,0.051157422008585834,0.6014476726994573,0.5139169437127844,97,0.792326309567406,0.013595332800385322,0.62255859375,0.933074951171875,0.310516357421875,1.524829596512722,5.106483514873066,1.241031957909561e-07,0.05711550031389509,2.4419529210088204,-5.77545166015625,5.42449951171875,11.199951171875,0.3376412892638709,-0.9351323540331684,1.7568859547749739e-06,0.006921360560825893,0.008839818902185055,0.1114654541015625,0.00915519110506367,-0.37383059978755706,2.833785355389126,0
633.5106382978724,54.564817982148234,28.490284158284446,6.382978723404255,535.7142857142857,798.5714285714286,262.8571428571429,94.71032745591938,0.08613086297769829,1.2849444722695986,1.4411088818052962,95,0.7955706369309198,0.013519534836384357,0.62255859375,0.933074951171875,0.310516357421875,1.5508333192333632,5.652915294673228,1.7258288035218118e-07,0.0745332990373884,2.3118512361939394,-5.32379150390625,5.91888427734375,11.24267578125,0.30138399440070385,-0.7683722290009007,1.0556027722449956e-05,0.008081554957798548,0.011340122714376932,0.1332550048828125,0.011601063336485643,-0.5878155543646925,8.685638906907892,0
620.5952380952381,55.872283094040355,23.894235268256224,4.166666666666666,561.4285714285713,798.5714285714286,237.14285714285722,96.68137348935355,0.09003015115863015,1.6065141754006507,2.1986540524175755,97,0.7991416931152344,0.013391043728086742,0.59051513671875,0.92010498046875,0.32958984375,1.3550628607632347,7.5034838202636855,2.07034929069783e-07,0.01919584728422619,2.674312384084881,-6.4544677734375,8.013916015625,14.4683837890625,0.28730375553787113,-0.4924079460768933,-3.1416381394055938e-06,0.008186310904366629,0.011404357676853293,0.1332550048828125,0.011656037081503874,-0.5951774435605978,8.385826902037271,0
598.9857142857143,31.310358851801276,28.061833542236958,2.0,417.14285714285717,670.0,252.85714285714283,100.16933387392974,0.052272296492310556,-1.4437252531556826,9.765864760427604,101,0.8029273623511904,0.013349985966721416,0.59051513671875,0.9281158447265625,0.3376007080078125,1.3112497162974897,7.825405689592438,1.8779053483991201e-07,0.002720460437593006,2.463545989341048,-6.4544677734375,8.013916015625,14.4683837890625,0.41113493523646566,-0.25734296079500885,6.271126388555849e-06,0.006743271963936942,0.008477567599657999,0.0625762939453125,0.008822639686063356,-0.399499336370498,0.9643454819927384,0
618.0952380952381,23.51785638958187,14.43233033743513,1.0416666666666665,574.2857142857143,671.4285714285713,97.142857142857,97.07241910631741,0.03804892019886127,0.18119312637351287,-0.5305810722634083,97,0.8061814535231817,0.013371329878725921,0.7236480712890625,0.9281158447265625,0.2044677734375,1.5682060539278841,4.9869206785719165,1.2257517011259096e-07,0.07941734677269345,1.9164474163895129,-3.265380859375,5.24749755859375,8.51287841796875,0.45526330168059914,-1.0255103769751184,-4.146535915430649e-06,0.006562558855329241,0.008225015537214234,0.0625762939453125,0.008601038132884932,-0.421095294317373,1.0578576895506506,0
628.1203007518797,36.098839824075256,16.809706064549495,0.0,535.7142857142857,757.1428571428571,221.42857142857144,95.52310270529088,0.05747121973428309,0.7190817376424171,2.3565872277134368,96,0.8086801892235166,0.01336058148963779,0.6099700927734375,0.9220123291015625,0.312042236328125,1.4522690769528979,5.773427662499541,1.1004444597515458e-07,0.023100971040271576,2.157644797658119,-5.41229248046875,5.89752197265625,11.309814453125,0.31914375914169296,-0.5928714503930599,-6.003436688143058e-06,0.007272832598005022,0.009800416452942908,0.1298675537109375,0.010109973853337624,-0.1338500914557125,12.18159210541615,0
654.8037676609105,49.68639778048746,23.702138789990126,3.296703296703297,535.7142857142857,757.1428571428571,221.42857142857144,91.63050514252836,0.07587982878897777,-0.1608730097203556,-0.5424287514307684,92,0.8111193157377697,0.013349487055904292,0.5157470703125,0.927734375,0.4119873046875,1.1728345900098212,11.60553701685155,1.2516001414041335e-07,0.07023595174153646,2.2736485670502824,-5.41229248046875,5.89752197265625,11.309814453125,0.25999973452600145,-0.78320955933955,1.5172910210178053e-06,0.007677447727748326,0.010193633770545643,0.1298675537109375,0.01048827391524869,-0.09647184578054312,10.2485027748779,0
658.9795918367347,41.67295737388364,27.363762720139245,3.296703296703297,538.5714285714286,747.1428571428571,208.57142857142856,91.04986063796841,0.0632386160210684,-0.15276955889452193,-0.32697824356728233,92,0.8133519944690523,0.013299347335031556,0.5157470703125,0.927734375,0.4119873046875,1.3266140449604926,10.619040219684218,1.0025217728020759e-07,0.10739996773856027,2.8476756492965727,-9.22088623046875,9.07440185546875,18.2952880859375,-0.14032972775517522,1.1803894525109513,-2.434488861381574e-06,0.007583634512765067,0.009399393823092234,0.0582733154296875,0.00973185602995088,-0.25350927349636276,0.422783861872559,0
639.8924731182796,35.85700305303789,20.461078250151644,2.1505376344086025,518.5714285714286,724.2857142857143,205.71428571428578,93.76575365484793,0.056035981917871354,-0.09567482990254746,0.36117670325753215,94,0.8152986344837007,0.013184452516606866,0.7472991943359375,0.9479522705078125,0.200653076171875,1.6419439153776498,4.6308393160591015,1.0404520355803507e-07,0.06718066987537202,2.8322097541800155,-9.22088623046875,9.07440185546875,18.2952880859375,-0.15960545812605217,1.3074046673685666,5.7588731000730205e-06,0.007898788452148437,0.009977180592293109,0.100616455078125,0.010278989372379256,-0.3651694742972682,1.5283374044632545,0
620.8779761904763,35.93880013422634,22.841630074205103,2.083333333333333,494.2857142857143,724.2857142857143,230.00000000000006,96.63734630779186,0.05788383790762912,0.3105114266403206,0.9408520175414194,97,0.8173633666265578,0.01315154580224048,0.6473541259765625,0.962066650390625,0.3147125244140625,1.6176323252068898,5.811956498569385,9.683726195430879e-08,0.034048025948660715,2.2839017215446007,-5.78155517578125,5.60760498046875,11.38916015625,0.2708784911639876,-0.8021193574309371,2.097164619381636e-06,0.007262067522321429,0.009191177591746626,0.100616455078125,0.009516424060545474,-0.45758343180612504,1.9783846924372073,0
594.5142857142858,18.991641555684215,8.546138737593813,0.0,555.7142857142857,661.4285714285714,105.71428571428578,100.92272202998845,0.03194480269362492,0.9776508521441543,1.8464365182065414,101,0.8188511076427641,0.013106133044376685,0.63629150390625,0.962066650390625,0.325775146484375,1.5408750550973616,6.4243391130404,4.3366388778669e-08,0.004231625511532738,2.4619343119761736,-4.21295166015625,6.3262939453125,10.53924560546875,0.45648789264637624,-0.7878929277504656,-8.5451348454841e-08,0.006680378505161831,0.008239041885865665,0.0412445068359375,0.00859886202201495,-0.3771168280929922,0.1849378424870296,0
578.6685159500694,27.365147238288074,27.245493696586013,4.854368932038835,448.57142857142856,671.4285714285713,222.85714285714278,103.68630458750779,0.047289849860518915,-1.61495581403403,7.889903447611813,104,0.8200807389758882,0.013203541039161925,0.63629150390625,0.9258270263671875,0.2895355224609375,1.495908329441725,5.227729842095519,8.755687657422094e-08,0.12040812174479167,2.8740089881090407,-8.21685791015625,8.93096923828125,17.1478271484375,0.23399655413720982,0.28443207744080645,7.980873037796404e-06,0.007285609654017857,0.009388034999929322,0.1125640869140625,0.009697200167199998,-0.41186747079175134,3.998749181912867,0
590.8486562942009,34.24808060562812,29.671328839504987,4.9504950495049505,448.57142857142856,671.4285714285713,222.85714285714278,101.54884734158428,0.05796421848605338,-0.8392982007485968,2.6656121638668946,102,0.8224823724655878,0.013458206970236801,0.72784423828125,0.96435546875,0.23651123046875,1.5632311273581028,4.697894426855253,1.3506700278116092e-07,0.09187705630347842,3.0966443790576745,-8.21685791015625,8.93096923828125,17.1478271484375,0.041406893354659836,-0.035673768208775325,-1.0617160459605127e-06,0.007827457972935268,0.010075378349296489,0.1125640869140625,0.010371531112830073,-0.3824233572487967,3.2480222374164835,0
614.6097201767305,40.78160476196911,39.53788117260519,5.154639175257731,418.5714285714286,761.4285714285714,342.85714285714283,97.62292725007188,0.06635366058031493,-0.0985468861563591,6.395373632929809,98,0.8248221987769717,0.013406904566872404,0.739288330078125,0.96435546875,0.225067138671875,1.6070734449301944,4.937583666831113,7.990344861175756e-08,0.0026060921805245536,2.6627960611870716,-7.66448974609375,5.73577880859375,13.4002685546875,-0.04968660213720141,-0.575746096463075,1.1448735812479922e-05,0.00831075940813337,0.010665319206923273,0.0953521728515625,0.010947298570132229,-0.30395072230240816,1.9730883392290082,0
613.4167893961709,40.736723115443915,39.635885272824986,5.154639175257731,418.5714285714286,761.4285714285714,342.85714285714283,97.81277760437924,0.06640953397370152,-0.03018007988019295,6.410294017612497,98,0.8278673535301572,0.013533104854634954,0.739288330078125,0.9342193603515625,0.1949310302734375,1.5244741444973389,4.380123297722548,2.0931658245400184e-07,0.02956117902483259,2.376393127114912,-4.92095947265625,5.43365478515625,10.3546142578125,0.09861347836093899,-0.9090336842706166,-1.30887868403667e-07,0.008468042646135602,0.010839687738187432,0.0953521728515625,0.011118143393703572,-0.2971496431481124,1.906857875249882,0
601.4285714285716,24.09268846767613,12.664576721714443,0.0,552.8571428571428,652.8571428571428,100.0,99.76247030878858,0.040059101965257214,-0.13174238284521134,-0.8760048753535208,100,0.8316030956449962,0.01344813331143416,0.669097900390625,0.93994140625,0.270843505859375,1.5308413364913818,5.028487234557852,1.5009564228125408e-07,0.08536158970424107,2.2970829548105804,-5.4168701171875,5.19866943359375,10.61553955078125,0.1616220001619375,-0.9401736717894034,7.3239878430008425e-06,0.007843356541224889,0.009797816982704656,0.0928802490234375,0.01011886310210637,-0.3136876265051219,0.9778669498500028,0
488.37236533957844,114.66321079343787,148.5944719211044,55.73770491803278,400.0,830.0,430.0,122.85707435202724,0.23478644356485948,1.9648293787457212,2.6894586527592415,123,0.90094423748198,0.01349220850473874,0.7595062255859375,1.031494140625,0.2719879150390625,1.4934335068497944,5.280791891386794,2.210009577379002e-07,0.08882529849097842,2.2357741490406453,-4.57305908203125,6.62994384765625,11.2030029296875,0.4923508413426468,-0.4533727933816629,-7.938734237752337e-06,0.005943708147321428,0.007425409116179318,0.0440826416015625,0.007825109710771943,-0.5606000794384673,0.4993192688176591,2
509.5238095238096,144.88728424255277,171.2368591402551,41.02564102564102,400.0,830.0,430.0,117.75700934579439,0.28435822141061756,1.3693741395615093,0.06681636161606663,118,0.9068406967889695,0.013884548025812854,0.7595062255859375,1.024627685546875,0.2651214599609375,1.3630352308682814,4.812073877188196,3.310035519612402e-07,0.04081391834077381,1.9779310362293636,-4.44183349609375,4.51507568359375,8.9569091796875,0.24844128451157493,-0.9748544053260577,-9.71892519341168e-06,0.005934544154575893,0.007405555794418596,0.0440826416015625,0.007815978584969964,-0.5628837463480951,0.5052877927345834,2
608.6880466472304,170.8816193781257,165.52049254565515,25.510204081632654,400.0,828.5714285714287,428.57142857142867,98.57266021649582,0.28073759673674253,-0.08427834420946513,-1.8967464706803099,99,0.9131353469122023,0.013687498125377662,0.743865966796875,1.024627685546875,0.28076171875,1.3828175374531047,5.170838472687043,2.587741446719024e-07,0.03316759381975446,2.5584463878709016,-6.52923583984375,6.32476806640625,12.85400390625,0.2388020355105055,-0.6614813085899991,-4.763114924979292e-06,0.0061192060198102674,0.007602614971686584,0.0441741943359375,0.00801381046846986,-0.5136208815280844,0.48849346620132694,2
657.6138147566719,160.5529879500068,126.92026171761198,16.483516483516482,400.0,828.5714285714287,428.57142857142867,91.23895917880162,0.24414479189342167,-0.7599545458754884,-1.2991810247808526,92,0.9168652761550177,0.013334596578058786,0.662994384765625,1.0478973388671875,0.3849029541015625,1.3330498675502989,9.079358196623511,8.595133592607949e-08,0.07864427112397693,2.7005239449654717,-6.52923583984375,6.32476806640625,12.85400390625,0.23393995142871837,-0.7711953341744455,-7.587100711770119e-06,0.006222294398716518,0.007719064840049804,0.0441741943359375,0.008132298557397902,-0.4969925067603597,0.5086319820157685,2
636.3221884498481,156.42825767295875,123.91747627371949,13.829787234042554,400.0,820.0,420.0,94.29185574396942,0.24583184511298506,-0.6037960496683971,-1.4545796230514971,95,0.918851797921317,0.01337847886434494,0.662994384765625,1.0498046875,0.386810302734375,1.35173195310556,8.720152042131145,1.0675607872073439e-07,0.059172930036272324,2.3978702332870023,-5.560302734375,5.78460693359375,11.34490966796875,0.33231873206002377,-1.043641372491138,-6.039645537700729e-06,0.006130025591169085,0.007612959715894719,0.04376220703125,0.00802966621077039,-0.5010434407962087,0.4644954361935332,2
632.9483282674771,141.51755030189486,125.68259969343855,23.404255319148938,401.4285714285714,852.8571428571429,451.4285714285715,94.79446792162891,0.22358468137400794,-0.6188992474333052,-1.2807737141774975,95,0.921627189999535,0.013437155069580847,0.75225830078125,1.0524749755859375,0.3002166748046875,1.377115034791114,6.359722627704919,1.5537996755058102e-07,0.17669325329008556,2.6862279012771846,-6.51092529296875,11.00006103515625,17.510986328125,0.7297062122622726,0.8854854148336151,1.509462434075395e-05,0.0060834590366908485,0.007551404710627395,0.0487060546875,0.007960398911474872,-0.4941413688803819,0.4850513696305354,2
601.2554112554113,162.05802177382017,174.17772547021957,36.36363636363637,400.0,852.8571428571429,452.8571428571429,99.79120167038663,0.26953274555225326,-0.03595186078545141,-1.7829232846986887,100,0.924090321858724,0.013368412765306495,0.75225830078125,1.0524749755859375,0.3002166748046875,1.4368848245386212,7.053552559152752,7.264595913228674e-08,0.028817385718936012,2.8205477919142363,-6.6070556640625,11.00006103515625,17.60711669921875,0.6077080423877076,0.8023447817086593,-8.240919729640642e-06,0.006216460091727121,0.00773913653148889,0.0487060546875,0.008135305726145512,-0.4858534553433753,0.51513946198761,2
618.2589285714286,166.49372870319016,166.79721346264873,26.041666666666668,400.0,825.7142857142858,425.7142857142858,97.04671817459744,0.26929449945493966,-0.2630552393431597,-1.791338695245053,97,0.9252647399902344,0.013327434472232997,0.7610321044921875,1.0417938232421875,0.28076171875,1.538541001911571,6.070083868073896,4.172548179661395e-08,-0.04774478730701265,2.413431093960191,-6.6070556640625,6.09893798828125,12.70599365234375,0.19100900258516681,-0.6789043910836705,1.7921273725762868e-05,0.006371110098702567,0.007917068754271787,0.043853759765625,0.008309542110884176,-0.4557177404918362,0.43518308025539687,2
640.1228878648234,146.74997971579663,113.19520481094443,23.655913978494624,400.0,815.7142857142858,415.7142857142858,93.73200230370512,0.2292528239464955,-0.6138578986365129,-1.3223057038565862,94,0.926543698992048,0.013280573563262553,0.74310302734375,1.050567626953125,0.307464599609375,1.4676138915274752,6.509821860066582,8.691034207641932e-08,0.07864310854957217,2.7345385749896525,-9.74273681640625,8.81500244140625,18.5577392578125,-0.04944291841615242,1.1654473136257248,-6.930242781123831e-06,0.00646408190046038,0.008039195129685862,0.0502166748046875,0.00843607163295402,-0.4253463097359732,0.5579434330298612,2
604.4023323615161,161.21165971545832,120.4740269247928,25.510204081632654,400.0,835.7142857142858,435.7142857142858,99.2716222082871,0.2667290496473986,-0.09943666738264761,-1.7855970194891633,99,0.9291921433948335,0.01341773075308034,0.74310302734375,1.08184814453125,0.3387451171875,1.4580685581678614,7.052559508735632,1.491617478245748e-07,0.023396446591331846,2.956625602531573,-9.74273681640625,8.81500244140625,18.5577392578125,-0.21002355065036063,0.8023763620690327,1.0869087470074577e-07,0.006580192565917969,0.008174426414709415,0.0502166748046875,0.008561647524075323,-0.3992324376726542,0.4683410036980269,2
623.2589285714286,164.58857992907568,163.19290016358667,27.083333333333332,400.0,835.7142857142858,435.7142857142858,96.26817563211804,0.26407737199421927,-0.3158272118703173,-1.727583395844014,97,0.9322735286894299,0.013473715018084443,0.8274078369140625,1.08184814453125,0.2544403076171875,1.5263213813670224,5.898130169699856,1.385314781856001e-07,0.02269686744326637,2.755247017493079,-7.94219970703125,7.14874267578125,15.0909423828125,-0.04540849735845181,-0.352417546666127,-8.238823753062293e-06,0.00697213854108538,0.008833051011171563,0.0764007568359375,0.009192084045605927,-0.1473388301324777,2.1238107363732617,2
484.4715447154472,48.075268453269615,38.69634555852975,3.2520325203252036,424.2857142857143,785.7142857142857,361.4285714285714,123.84628293337808,0.0992323883160289,3.246333008522393,15.136050515108892,124,1.6041414896647135,0.02602827740208346,1.273345947265625,1.74407958984375,0.470733642578125,0.3703149205953623,0.4065258381102197,-1.5552527236609719e-06,0.2632449922107515,5.046674096900621,-14.41802978515625,16.89300537109375,31.31103515625,0.9744450410474781,0.45456246949983425,-3.4196491620437955e-06,0.007240054539271764,0.009041912470747242,0.0579071044921875,0.009401170317922716,-0.33384128651466766,0.6889113674302636,1
522.3558897243107,60.48200664397106,35.370277477088194,5.263157894736842,415.7142857142857,791.4285714285714,375.7142857142857,114.86421648594187,0.11578697174428777,1.6931153320733985,5.25072212492184,115,1.577847399030413,0.02039930046506534,1.2363433837890625,1.703643798828125,0.4673004150390625,0.5940925829747928,4.142299433796517,-3.827335065113171e-07,0.29891288394019716,5.3200929655328455,-19.25506591796875,16.89300537109375,36.1480712890625,0.05691911635886252,2.1832150832786716,1.9688743595426358e-05,0.007190456935337612,0.009130552142226262,0.0694427490234375,0.009484660748225147,-0.39110216355290106,1.5448595124842885,1
548.0602883355177,44.52815847362466,39.58304988560647,4.587155963302752,415.7142857142857,722.8571428571429,307.14285714285717,109.4770069588923,0.08124682525139444,-0.07459808921787962,1.942049011709364,110,1.6502173015049526,0.10147417063536936,1.2363433837890625,1.9893646240234375,0.753021240234375,1.1069259359494292,0.4677785779838697,7.2055311343018905e-06,-0.03247760591052827,5.202457045289818,-19.25506591796875,16.86859130859375,36.1236572265625,-0.3141074548428965,2.724615777966668,1.7641553745069725e-05,0.007168571472167969,0.00916361608100276,0.0694427490234375,0.009512085082114374,-0.3430377457326674,1.8814366437022407,1
541.5714285714286,37.24110382992485,18.76000637942124,0.9090909090909091,402.85714285714283,635.7142857142857,232.85714285714283,110.78871010287523,0.06876489760207702,-0.1933027551266067,0.6487646492801664,111,1.840141959417434,0.12667708111587908,1.581573486328125,2.079010009765625,0.4974365234375,-0.37114814226777687,-1.5966861080711243,9.589882770725516e-06,-0.18390103294735863,4.568528005537024,-14.28375244140625,16.86859130859375,31.15234375,0.6838263381711028,1.9806924521350675,2.0860214036879942e-05,0.007689126150948661,0.009658264912154938,0.06793212890625,0.010003316200491523,-0.23660166191250423,0.9446781163164024,1
535.8815958815958,33.19463998156548,17.415579573297013,0.9009009009009009,421.42857142857144,601.4285714285714,180.0,111.9650319419761,0.06194398209730626,-0.03750311197315151,-0.008531633006455763,112,1.9719533920288086,0.03177400227314251,1.8310546875,2.1350860595703125,0.3040313720703125,-0.3115147901773099,-0.2928076875590824,1.8139177058648512e-06,0.0028977167038690475,3.6966912907917098,-6.04095458984375,11.87591552734375,17.9168701171875,1.2380595276212003,1.0040039405812733,-4.245386788291413e-06,0.008054337637765066,0.010096107903373492,0.069122314453125,0.010449652655642854,-0.2874391103025224,0.8030304000498334,1
564.3396226415094,53.9619814140709,40.512988475053106,3.7735849056603774,421.42857142857144,791.4285714285714,370.0,106.31895687061184,0.09561969291025602,0.7746721346850797,2.076859322310061,107,2.0037906192597887,0.033835715063316014,1.8489837646484375,2.21710205078125,0.3681182861328125,0.8363727953440165,0.3944197397546496,1.1372838869540516e-06,0.03814268566313244,3.288411944801416,-7.35626220703125,11.87591552734375,19.232177734375,0.8315762626956757,1.0255991073306863,-1.4137293361155315e-05,0.007513654436383929,0.009373146624739632,0.069122314453125,0.009757769643927685,-0.30725465327830936,0.8119232145776314,1
579.0568654646326,52.45680132710061,36.46219681695945,3.8834951456310676,421.42857142857144,791.4285714285714,370.0,103.61676646706584,0.09059006887865756,0.6266778585866609,1.9190112292323205,104,2.0178095953805104,0.033208886254637304,1.729583740234375,2.21710205078125,0.487518310546875,0.09936803650953356,0.21186340062787545,6.33269923803729e-07,0.06098298572358631,3.368188098631417,-7.35626220703125,9.80987548828125,17.1661376953125,0.4114545006241258,-0.3266326563050179,-8.55815427256334e-06,0.007334018162318638,0.009146167561383834,0.0585479736328125,0.009528468429003619,-0.22775659133402346,0.850139610336186,1
561.9407008086253,52.97909319457894,27.74134312829339,5.660377358490567,467.1428571428571,775.7142857142857,308.57142857142856,106.77283192632389,0.0942787968878971,1.4423830419231238,2.534041889707236,107,1.9950716200329008,0.03296910549922639,1.729583740234375,2.1732330322265625,0.4436492919921875,0.23317122548375707,-0.46639026536885453,-2.2981745262124016e-06,0.06333719889322917,3.9300121075196057,-8.50982666015625,15.06195068359375,23.57177734375,0.9149921919529094,1.268861413036662,-1.4920582803794592e-05,0.007873543875558036,0.01019391845293936,0.0936126708984375,0.010531726769780815,0.025226240571303748,3.3240286134569814,1
595.6714285714286,58.98822262251393,28.508588904242007,6.0,498.57142857142856,775.7142857142857,277.1428571428571,100.72667098352399,0.09902812153334713,0.3303634858101573,-0.37407756031169503,101,1.9908287229992094,0.03923216550928376,1.6849517822265625,2.1442413330078125,0.45928955078125,0.5648868836796436,-0.6756150254677107,2.215181571182283e-06,0.08870152064732142,3.6141164680920164,-9.9334716796875,15.06195068359375,24.99542236328125,0.7421571735799971,2.503338384842823,-7.509580813537159e-08,0.00730162593296596,0.009490464601030032,0.0936126708984375,0.009860986029608894,-0.0013014652619499404,4.2091608510171685,1
600.2741702741703,60.459545982237955,50.749689937358504,7.07070707070707,401.4285714285714,735.7142857142858,334.2857142857144,99.95432582514003,0.10071988597247747,-0.566260285416638,0.703639562489156,100,2.0406708126976376,0.0433941005743339,1.6849517822265625,2.2579193115234375,0.572967529296875,-0.7727791940889133,0.3650662553964774,2.461694329115529e-06,0.043322027297247025,3.893912985866229,-9.9334716796875,18.61114501953125,28.54461669921875,1.2405319732173945,3.7812439230970707,-1.273720129331661e-05,0.006947981698172433,0.0089234496487922,0.0979156494140625,0.009318092652296179,-0.5992878457252653,3.230584568930622,1
586.6666666666666,64.66069699305433,52.57138244878366,9.803921568627452,401.4285714285714,760.0,358.5714285714286,102.27272727272728,0.11021709714725171,0.16465749771176458,0.5974898422332564,103,2.054814647492908,0.026910592935037374,1.8939971923828125,2.2579193115234375,0.363922119140625,0.34289960448658474,-0.0665843671738191,-8.227939267770494e-07,0.11599825904482887,4.785443923501852,-12.55950927734375,18.61114501953125,31.170654296875,0.7367615160904494,1.8881090959170201,1.3032895708073479e-05,0.006942269461495535,0.008938842983397064,0.0979156494140625,0.00932573599035708,-0.6001968300891349,3.2334844935215825,1
583.7254901960786,64.03285373191346,23.889352267230425,3.9215686274509802,424.2857142857143,760.0,335.7142857142857,102.78804165267044,0.10969686060892125,0.10974755220262769,-0.09804509426016805,103,2.053334426879883,0.025668848821929817,1.8939971923828125,2.18658447265625,0.2925872802734375,0.3878620678742266,0.2670769633461054,1.2887277001859658e-06,0.05958313714890253,4.367269140843212,-15.00091552734375,12.85858154296875,27.8594970703125,-0.07740454953018149,1.897330070914375,-1.327276248417682e-05,0.006432307652064732,0.008026307297059153,0.0488433837890625,0.00845280087524878,-0.4325518538174643,0.7805362584688966,1
542.9090909090909,52.88975030475861,11.620279389549177,0.0,467.1428571428571,692.8571428571429,225.71428571428578,110.51574012056263,0.09741916499536918,0.7886214470721103,0.14791434499450107,111,2.055379377092634,0.021122350215222727,1.7757415771484375,2.18658447265625,0.4108428955078125,0.9007436353888222,2.4983069973187746,-6.643956183518899e-07,-0.019689214797247025,3.7738215041277727,-15.00091552734375,11.93389892578125,26.934814453125,0.06828091946651042,1.2083605355664417,1.177573240606032e-05,0.006437373570033482,0.008038798899759315,0.0488433837890625,0.00846797882891672,-0.3979543956864435,0.8571901956051042,1
520.3478260869565,52.50515377732025,47.82842440607053,7.82608695652174,400.0,787.1428571428571,387.1428571428571,115.30748663101605,0.1009039552872966,2.2507428082523306,8.15829226806735,116,2.0249028796241397,0.02892790020292775,1.6307830810546875,2.1739959716796875,0.543212890625,-0.40871551032610826,0.5514607938339458,-2.0275332962830116e-06,0.06850019182477679,3.8153704352842546,-6.9061279296875,10.26153564453125,17.16766357421875,0.6076441668073792,-0.523761281162932,-9.664279252944192e-06,0.006193570818219866,0.007680602472266395,0.0452728271484375,0.008139397087436748,-0.44937721146314896,0.6597706752129526,1
534.7104247104247,59.0547577143445,50.44459110548552,9.00900900900901,400.0,787.1428571428571,387.1428571428571,112.21026788937829,0.11044250305448208,1.4369209820529343,3.3127264537178123,112,1.9647165116809664,0.04615958744151787,1.6307830810546875,2.1503448486328125,0.519561767578125,-0.024005770911739898,-0.9942266123286627,-3.6655783166153112e-06,0.008841414678664434,3.918258617206764,-6.59942626953125,10.26153564453125,16.8609619140625,0.818188193186177,-0.30943163798866946,-1.7082767469070356e-06,0.006106959751674107,0.007515001623311929,0.0469207763671875,0.007981367659102267,-0.49831849136659323,0.454110422753466,1
553.5914552736983,51.30840600373723,27.560274547863973,6.5420560747663545,484.2857142857143,820.0,335.7142857142857,108.38317576693034,0.09268279977040127,1.9661919917488897,6.480121601912801,108,1.8920309248424712,0.04105695220986789,1.6574859619140625,2.0660400390625,0.4085540771484375,0.13605888892514956,-0.809197227080602,-3.224795549717432e-06,0.16562133062453496,3.451323133937045,-6.53533935546875,10.21881103515625,16.754150390625,0.9295196172158083,0.1182112025105222,1.0501325498082936e-05,0.006254324776785714,0.007698100668040422,0.0469207763671875,0.008140984783156547,-0.4668029835211183,0.42379249515480977,1
540.6363636363637,50.772725196532555,24.461624875626896,5.454545454545454,462.85714285714283,820.0,357.14285714285717,110.98032621489824,0.09391289341884278,2.20144590733007,8.643870768485039,111,1.8262734549386161,0.03898703842283078,1.683807373046875,1.9939422607421875,0.3101348876953125,0.07634474452610476,-0.9347586364110616,-3.051367702057476e-06,0.01591099330357143,4.091010375558158,-9.30328369140625,17.98858642578125,27.2918701171875,1.401822033372491,3.154657372801295,-1.3813094466180419e-05,0.006914701189313616,0.00872440788138183,0.0909576416015625,0.00911151048217578,-0.26423498552521313,2.3225874297779745,1
555.5540720961282,70.07457053686551,57.60660874250867,8.411214953271028,404.2857142857143,810.0,405.7142857142857,108.00028838528274,0.12613456377427187,0.9686422129013958,2.467297324035158,108,1.766564096723284,0.03380220408080762,1.5811920166015625,1.920318603515625,0.3391265869140625,0.2284178254993308,-0.8076255847008706,-2.5920310146973525e-06,-0.060818045479910716,4.294260632692362,-9.30328369140625,17.98858642578125,27.2918701171875,1.355054953660775,2.4035461920920502,9.314876388427724e-06,0.007402570452008928,0.009282395499680275,0.0909576416015625,0.009651868023754727,-0.2127966145253517,1.801163636870287,1
595.0428571428571,74.82618089237734,81.30290802314512,19.0,404.2857142857143,810.0,405.7142857142857,100.83307324802536,0.125749229646518,0.07433347543524903,1.6987959011729332,101,1.7196428662254697,0.026190549258499833,1.5811920166015625,1.883697509765625,0.3025054931640625,0.21783705337987191,-0.2547383387768818,-1.9091427919516207e-06,0.20865220569428944,3.140257965219264,-4.80194091796875,8.831787109375,13.63372802734375,0.9246020690187243,-0.0752440078406984,3.0043753612263487e-06,0.007162802559988839,0.008820875774372981,0.0466461181640625,0.009207948268976843,-0.28036532448858803,0.343247086832033,1
589.8302687411598,51.22554894945766,57.337525554689684,12.871287128712872,408.5714285714286,774.2857142857142,365.7142857142856,101.72417927627636,0.08684794874767168,0.46025959555703405,3.7298410939529365,102,1.6836791265578497,0.02297232865795448,1.467132568359375,1.8402099609375,0.373077392578125,0.3841769070643967,0.1685693578740488,-1.590578424893788e-06,0.02492701212565104,3.100287787236869,-5.4351806640625,9.82513427734375,15.26031494140625,0.8678237094508253,0.2578800172992297,-9.825470239359946e-06,0.007046407427106585,0.008690741305841004,0.0460968017578125,0.00907335959766821,-0.3076535687784155,0.3189986444593349,1
568.9523809523811,35.983619352116385,20.99749555223784,3.8095238095238098,414.28571428571433,682.8571428571428,268.57142857142844,105.45698024774019,0.06324539725430565,-0.3630848677716329,2.8606959531673386,106,1.6534704208374023,0.019921737354526306,1.4118194580078125,1.7810821533203125,0.3692626953125,0.4034140667912896,1.4142008011828144,-1.2434687756183844e-06,-0.21440382457914806,4.705500376227117,-18.0938720703125,17.376708984375,35.4705810546875,0.556341727187147,2.675282415607792,-1.2423733503206885e-05,0.007235765729631696,0.009016638082289665,0.0606536865234375,0.009388231063580593,-0.32768258123436694,0.6820007138451967,1
589.0806223479491,61.15794608143253,45.73370123411649,6.9306930693069315,428.57142857142856,797.1428571428571,368.57142857142856,101.85363042643104,0.10381931396363042,0.6704350963804024,1.1292056133042552,102,1.6314790634881882,0.01584341686002739,1.26800537109375,1.7711639404296875,0.5031585693359375,0.5918837166576972,10.921191387409566,-7.409203101978682e-07,0.16354729788643974,4.704761646703337,-18.0938720703125,17.376708984375,35.4705810546875,0.45291416123955625,2.6147244284780466,5.2437801168379646e-06,0.007313715253557478,0.009111440484218445,0.0606536865234375,0.009476007468662806,-0.3034564248244656,0.6922195475934934,1
830.3373015873016,94.35648289771834,94.63595700141683,48.61111111111111,400.0,984.2857142857143,584.2857142857143,72.25979115391048,0.11363632913677757,-1.9838476371036722,6.831390258856581,73,6.5092321940830775,0.08476510682007252,6.299591064453125,6.7638397216796875,0.4642486572265625,0.31588439693197984,-1.1777050375958895,-6.877086826777464e-06,0.08543127150762649,3.361271154323099,-17.63763427734375,10.19439697265625,27.83203125,-0.8914404329770683,4.994998523409833,-2.9193796283748597e-06,0.009369645254952567,0.011730836799457191,0.0845489501953125,0.012217788114141119,0.05916695337743315,1.7546834530088207,0
851.8979591836735,65.52489186226114,57.419877178368665,38.57142857142858,724.2857142857143,990.0,265.71428571428567,70.43097046211341,0.07691636205473483,0.2121693464488592,-0.8495712877872634,71,6.398488362630208,0.04520275605593713,6.1565399169921875,6.5914154052734375,0.43487548828125,0.2624232835590386,-0.8443101703812848,-3.6350477854625024e-06,-0.0331083751860119,2.6065802069872266,-5.41229248046875,5.55267333984375,10.9649658203125,0.17804236286393837,-1.0924214054157837,3.8006017666320652e-06,0.008676374162946428,0.010914955402917792,0.09429931640625,0.011446570663101433,0.0805316589229635,2.47800867177304,0
809.3050193050192,71.74802819657242,50.30880318535127,27.027027027027028,665.7142857142857,965.7142857142858,300.0000000000001,74.13768427078861,0.08865387769148542,0.15209301210090306,-0.5710716852227646,75,6.3135372888474235,0.05536671316108182,6.1275482177734375,6.5006256103515625,0.373077392578125,-0.17941466654044122,-1.295055083586102,-4.475645737053892e-06,0.02866853986467634,2.3357492955268095,-5.41229248046875,4.73175048828125,10.14404296875,0.1200490845272476,-1.0460092984446485,-1.279675252544384e-06,0.008924768720354352,0.01104708708172575,0.09429931640625,0.011581182745580206,0.060464057078585695,1.608709076137389,0
790.2857142857143,59.18494016941424,48.79858307239197,26.666666666666668,645.7142857142857,920.0,274.28571428571433,75.92190889370933,0.07489056059036509,-0.18383540836728632,-0.3358264133289439,76,6.229371152605329,0.04393944913779766,6.0771942138671875,6.4014434814453125,0.324249267578125,0.5873738726066355,-0.5613575738866707,-3.4637862792647716e-06,0.05524168468656994,2.045386424631963,-4.80804443359375,3.88031005859375,8.6883544921875,0.1117465216219798,-1.1654500084805945,-6.208778622374613e-06,0.00880460684640067,0.010685465729699927,0.0637664794921875,0.0112228711533353,-0.0052635906323150305,0.7353235994731553,0
814.0900195694717,64.31911072883314,55.840820901125426,30.136986301369863,580.0,952.8571428571429,372.8571428571429,73.70192307692307,0.07900736918854262,-0.5824654408975038,1.4390079283516695,74,6.175322378249396,0.02613932446927645,6.0230255126953125,6.3144683837890625,0.29144287109375,-0.4268982155953584,0.18307247930568504,-1.9261049429215253e-06,0.04497916811988467,2.218181443007012,-6.61773681640625,6.70318603515625,13.3209228515625,0.04698223262380221,0.09227766008627913,-4.760741198772974e-06,0.008415413992745535,0.010078540670439024,0.073516845703125,0.010643681508515818,-0.055947928883996766,0.34081049011874676,0
816.0665362035226,67.5754399135024,56.378066608902294,30.136986301369863,662.8571428571428,967.1428571428572,304.28571428571445,73.52341670463538,0.08280628712932477,0.1328693421317992,-0.483293993116646,74,6.132336888994489,0.030673705379279954,5.893707275390625,6.2808990478515625,0.3871917724609375,0.3314660124238611,-0.9052753690088124,-2.335970149269102e-06,0.07505638485863095,2.391479619815958,-6.61773681640625,6.70318603515625,13.3209228515625,-0.06800139417672622,-0.14171641649623457,-1.2584682206051907e-06,0.009072249276297434,0.01126676573552982,0.10345458984375,0.011772709490447586,-0.0276462605267831,1.9285220973521398,0
769.9628942486084,70.85819543549626,43.50049692914676,20.77922077922078,640.0,967.1428571428572,327.1428571428572,77.92583311245512,0.09202806520260352,0.3201449111605759,0.07990840126137178,78,6.081727164132254,0.029230475612495487,5.893707275390625,6.2221527099609375,0.3284454345703125,-0.053382284021663805,-1.1305132395476774,-2.2449692872008626e-06,0.10829980032784599,2.4132309726070194,-5.596923828125,5.16815185546875,10.76507568359375,0.09025567064749714,-1.064023079798349,2.7214493953857736e-06,0.009554630824497768,0.011979819442520433,0.10345458984375,0.012445499021436063,0.006311910576086264,2.0158478002654494,0
752.4593128390595,52.866152747987876,30.02789562990104,8.860759493670885,640.0,867.1428571428571,227.1428571428571,79.73853067698447,0.0702578223778263,-0.2563185291571156,-0.3060227752684992,80,6.04398444039481,0.017767761129801215,5.8582305908203125,6.1862945556640625,0.32806396484375,0.8194296218586185,2.524525037475531,-1.1979000348575606e-06,0.06912732805524553,2.545683332476183,-5.27801513671875,5.3497314453125,10.62774658203125,0.15944230605146736,-1.2120745259968728,3.7535736152220773e-06,0.009165248325892857,0.011204140292783908,0.083953857421875,0.01169685376626292,0.014665752437479878,1.0389695962247947,0
767.1611721611721,53.21111728883635,48.87523669771993,10.256410256410255,488.57142857142856,921.4285714285713,432.8571428571428,78.21042328168645,0.06936106677418924,-1.1366871562130083,8.79097293137429,79,6.020823442368281,0.015300733619819118,5.8582305908203125,6.1695098876953125,0.311279296875,0.13791369305200357,3.413326736306942,-1.0234200898602995e-06,-0.0017931620279947917,2.6157467387437023,-5.27801513671875,6.59027099609375,11.8682861328125,0.21835710311743495,-1.0879024558994574,2.9621943356840766e-06,0.008633644104003906,0.010496492429659757,0.0644989013671875,0.011022981560799505,-0.06935901198440127,0.5908233136945755,0
784.4924812030076,58.5465305357618,53.97555506169146,22.36842105263158,514.2857142857142,921.4285714285713,407.1428571428571,76.48256858751647,0.07462981728770882,-0.7474113268471599,4.5846967696149585,77,5.995096615382603,0.018159459542818196,5.670928955078125,6.1527252197265625,0.4817962646484375,0.15186305222233187,3.5272593194623365,-1.2773447956257373e-06,0.0519591558547247,2.4914427420580703,-4.510498046875,6.59027099609375,11.10076904296875,0.243483470039972,-1.1008514673296943,7.388895939949215e-06,0.007660344805036272,0.009325037582778983,0.0644989013671875,0.009920432379413672,-0.13271500032676106,1.0972694385381345,0
785.9962406015038,55.45680804346395,51.017670674859666,22.36842105263158,481.42857142857144,908.5714285714286,427.1428571428571,76.33624297500896,0.07055607289040493,-1.7613512895808712,10.03067517050493,77,5.976970182146345,0.011564530672414669,5.670928955078125,6.1309814453125,0.460052490234375,-0.05102931467060595,32.24865423920268,-2.1844573958539824e-07,0.055514126732235866,2.3817639232778367,-5.31768798828125,5.50689697265625,10.8245849609375,0.15378143898709878,-1.2358189484527669,-1.4350509465094757e-06,0.007350940159388951,0.009034687728224475,0.08770751953125,0.00965069738331565,-0.09889359657259507,2.6611439523043456,0
762.893772893773,43.58056972445191,35.33678036617414,14.102564102564102,652.8571428571428,862.8571428571429,210.0000000000001,78.64790896432515,0.05712534467170198,-0.3753513824528034,0.04982106885676485,79,5.979345412481399,0.012855899424333095,5.69000244140625,6.11724853515625,0.42724609375,0.32017918370121123,12.94314176853935,4.385500096349771e-07,0.04904567173549107,3.0307382748981113,-9.27276611328125,7.99713134765625,17.2698974609375,-0.0870073419038783,-0.11718793787885273,7.88983560780177e-06,0.008733643668038504,0.01098064202913006,0.08770751953125,0.0114963498296203,-0.06155552342231403,1.9866837134886044,0
756.3652802893308,57.35079592516598,46.22935563976216,20.253164556962027,458.57142857142856,874.2857142857143,415.7142857142858,79.32675066344707,0.07582420481176463,-1.759632932811547,7.309113561165553,80,5.982672382536388,0.010903139838642405,5.8818817138671875,6.1115264892578125,0.229644775390625,1.0508963033253542,13.299709210240103,-3.4388712110665095e-07,0.06425864810035342,2.970672898159023,-9.27276611328125,7.99713134765625,17.2698974609375,-0.10624667179285566,-0.0027004409086561765,-1.8623814603577152e-06,0.010669599260602678,0.017646087594467494,0.3175506591796875,0.017975975167239956,-1.0157490461746934,51.44250638681177,0
786.1654135338345,55.716315042238016,46.40050433692601,21.052631578947366,545.7142857142857,955.7142857142858,410.0000000000001,76.31981637337415,0.07087098221707783,-0.3900317342501259,4.110086656942587,77,5.969770268031529,0.014140236142095017,5.8055877685546875,6.1206817626953125,0.315093994140625,0.5787193704493507,5.099435454859311,-8.325820968965748e-07,0.044966852097284224,2.227690323697824,-4.37469482421875,4.8095703125,9.18426513671875,0.1614905506682194,-1.3311063365310198,6.58197235688152e-06,0.009825803484235491,0.016876727633388735,0.3175506591796875,0.017221858766357016,-1.162602113346057,61.71159692910689,0
806.6988416988418,41.63106263939399,40.529415142003565,20.27027027027027,737.1428571428571,955.7142857142858,218.57142857142867,74.37719865029793,0.05160669693255339,0.8877629892821448,1.4681919503010645,75,5.957847231910343,0.009590979251954223,5.6262969970703125,6.1206817626953125,0.494384765625,-0.059853415592422465,71.59748863961859,-1.8975504622397147e-07,0.013341086251395089,2.2433156961380534,-4.28466796875,4.46014404296875,8.74481201171875,0.17282032346710274,-1.3578464011111222,-3.036991387653282e-06,0.007790526253836496,0.009333478179952915,0.0498504638671875,0.009936229694606571,-0.12715582320467547,0.3843591317644206,0
807.7413127413126,49.36329675539633,51.72344255137501,25.675675675675674,548.5714285714286,918.5714285714286,370.0,74.28120742812075,0.06111275476039124,-1.6985263935068966,8.383768859704723,75,5.953732327052525,0.01126412513321848,5.6262969970703125,6.08062744140625,0.4543304443359375,-0.6665808110720127,49.59172290487511,-1.3474617892465326e-07,0.008596256801060269,2.1984977101555434,-4.54559326171875,4.46014404296875,9.0057373046875,0.16131607085825464,-1.2562678782243915,5.203336825538616e-07,0.00804538835797991,0.00973509087435678,0.0826263427734375,0.010315224958828889,-0.08157904143143108,0.9889573681116888,0
824.1468253968254,63.54563402233532,56.76560581922953,38.88888888888889,524.2857142857142,954.2857142857143,430.0000000000001,72.80256157161085,0.07710474889196861,-1.2548111579615011,5.045181511939633,73,5.968361282348633,0.021386288067274047,5.7010650634765625,6.0955047607421875,0.394439697265625,-0.0031459952857086516,1.2748475351222242,1.3794559519329105e-06,0.11871882847377233,2.4310048133418385,-5.25054931640625,10.53009033203125,15.7806396484375,0.7412146447906861,1.51951619821327,1.4058860119484727e-06,0.008475701468331473,0.010450971908915972,0.085235595703125,0.010998297143359486,-0.11257631260292268,1.706309917457122,0
828.3531746031746,69.3828723637919,63.59521857213118,41.66666666666667,528.5714285714286,954.2857142857143,425.7142857142858,72.43287264365614,0.08376001262629314,-1.0331532483606836,3.1948413500188577,73,5.989491362798781,0.014773494295529923,5.76019287109375,6.11114501953125,0.3509521484375,0.1946872169767302,5.485854609513231,5.164009319599536e-07,0.12903238932291666,2.499515809185459,-5.65948486328125,10.53009033203125,16.1895751953125,0.6272654727211141,1.2662540755035483,6.208573495462888e-06,0.00897274889264788,0.011123574182863036,0.085235595703125,0.011647162818953245,-0.08783105419213422,1.5677888824748276,0
827.8769841269841,57.7414054306664,53.78114551152975,38.88888888888889,695.7142857142858,967.1428571428572,271.42857142857144,72.47453565008988,0.06974635910618542,0.1791980052696803,-0.22031652841112637,73,5.999088904971168,0.014393067159416018,5.841827392578125,6.128692626953125,0.286865234375,0.39943378099475496,4.7794209830713985,7.310358151726917e-07,0.04514218284970238,2.2318934538965896,-5.65948486328125,4.78973388671875,10.44921875,0.03262050093869268,-1.020116756034087,1.1432481490111004e-05,0.009091739109584263,0.011133063929924246,0.0747528076171875,0.011666563756382914,-0.07074935812530836,0.9606641804612011,0
822.9563492063493,60.30549889229862,62.09895764330645,41.66666666666667,481.42857142857144,967.1428571428572,485.7142857142858,72.90787665453142,0.07327909791382815,-2.1695393422803604,12.432388135548772,73,6.008970878237769,0.011159183182156356,5.841827392578125,6.1374664306640625,0.2956390380859375,1.0483948361634856,13.438678619692688,4.4080547658065314e-07,-0.04076014927455357,2.1088624838357695,-5.54046630859375,4.78973388671875,10.3302001953125,0.0722502410515354,-1.061122888245064,4.226397829316982e-06,0.008867029462541852,0.010849531668060765,0.0641326904296875,0.011394541859341599,-0.07147122417638033,0.8344663809526955,0
819.0998043052838,48.95183534205443,56.30260201089537,35.61643835616438,585.7142857142858,942.8571428571429,357.1428571428571,73.25114678899082,0.059762967937188965,-0.9720258242881875,5.768736888239543,74,6.028201212201799,0.0187760252142552,5.9154510498046875,6.16302490234375,0.2475738525390625,0.448439969934083,0.6271340761139883,1.078926993661666e-06,0.014865293956938244,2.3109976960549035,-5.54046630859375,5.34210205078125,10.882568359375,0.2168078431359487,-0.9852939600294803,5.736231831180823e-06,0.009789083208356584,0.012246300388758688,0.1068878173828125,0.012727926591249526,0.03761484890940935,1.5281329341431267,0
799.6525096525098,66.70100684314427,46.50640773379436,28.37837837837838,660.0,942.8571428571429,282.8571428571429,75.03259137656316,0.08341248984778313,0.046821553069054195,-0.6722371723389289,75,6.043006061372303,0.014036288911317559,5.823516845703125,6.1756134033203125,0.3520965576171875,0.28201434208905457,6.092908450401859,-3.1011881263518054e-07,0.060776774088541666,2.427604435686191,-4.90875244140625,5.34210205078125,10.2508544921875,0.19019937353609262,-1.0662426021968587,-6.7529731558924726e-06,0.009670595441545759,0.012031523330785941,0.1068878173828125,0.012521175329865028,0.012917619475410997,1.4675436374407589,0
776.8274582560297,68.2314637577214,55.967229939203435,22.07792207792208,582.8571428571429,917.1428571428571,334.2857142857142,77.23722863079459,0.08783348610114837,0.0687194505834687,-0.30816220866858846,78,6.032636851356143,0.01611500497997051,5.823516845703125,6.1756134033203125,0.3520965576171875,0.7125644452560679,2.9907437880074896,-1.0059390990665756e-06,0.05749417259579613,2.4075602583508884,-4.901123046875,5.45501708984375,10.35614013671875,0.08416482448592753,-1.016148524092496,-3.522487819087151e-07,0.009009746006556919,0.011000298246925942,0.0897216796875,0.011541336035213536,0.006360010039412991,1.0217462440493303,0
812.4657534246576,62.361621045051855,52.66723714493413,35.61643835616438,681.4285714285713,1035.7142857142858,354.28571428571445,73.84926656550329,0.07675599960021556,0.44545459541014737,1.1352430818479462,74,6.018458984011695,0.009733050196950402,5.9051513671875,6.14166259765625,0.23651123046875,1.3576606362072823,22.788920064402507,-3.288223394816128e-07,0.07674633207775297,2.4512811558005194,-4.901123046875,5.45501708984375,10.35614013671875,0.08424499947555977,-1.1691371883223063,-1.4627134642197944e-06,0.008857848031180246,0.010858137082013143,0.0897216796875,0.011401865672728643,0.010526057367599203,1.2295772399423708,0
831.6071428571429,51.97076270112806,51.2317382406827,40.27777777777778,740.0,1035.7142857142858,295.7142857142858,72.14945243719133,0.06249436786049326,1.0050556490464686,1.8503622822066754,73,6.015962128412156,0.013024323497035873,5.902862548828125,6.14166259765625,0.238800048828125,0.7443888618034454,7.074565511471054,3.748654537269727e-07,0.01903588431222098,2.373471051633692,-4.77447509765625,4.73175048828125,9.5062255859375,0.08176297482597682,-1.278280290465281,-9.745220170078936e-07,0.009117791312081474,0.011257278413674836,0.09283447265625,0.011780338702124565,-0.07613505792891541,1.3005038623909266,0
816.6731898238747,47.87053572830916,47.27045022900257,31.506849315068493,677.1428571428571,934.2857142857142,257.1428571428571,73.4688009201572,0.058616514322740294,-0.026704183765765544,0.014999406880725097,74,6.026730373927525,0.016006395035080914,5.902862548828125,6.16607666015625,0.263214111328125,-0.29370162608945943,2.7147911331210066,9.431663175310129e-07,0.028447432745070684,2.316284170107318,-4.77447509765625,5.32989501953125,10.1043701171875,0.16516423633941718,-1.1975482058685898,-4.136070905039044e-07,0.009164681570870536,0.011346033041177126,0.09283447265625,0.011875758335373254,-0.025585472602153277,1.5794076740237246,0
807.3745173745174,59.12863641309591,60.88872144508556,24.324324324324326,531.4285714285714,910.0,378.57142857142856,74.3149538520396,0.07323569810622084,-1.2712206416211582,4.612495164665492,75,6.043212036859422,0.013054432187235307,5.92498779296875,6.1969757080078125,0.2719879150390625,1.237931254219202,7.943130466587116,5.397985408301128e-07,0.0501327151343936,3.2122948719364697,-12.53204345703125,9.83428955078125,22.3663330078125,-0.5041883536763421,2.182334034457547,-6.1117676195266165e-06,0.008922512599400112,0.01097738580822364,0.0763092041015625,0.011521894796055953,0.029962897021789628,1.3344085576826261,0
825.2579365079365,54.50760124491287,48.31629048691174,30.555555555555557,694.2857142857143,971.4285714285714,277.1428571428571,72.70454162960114,0.06604916939734111,0.21731448249886628,-0.2310565837024945,73,6.055195545014881,0.012092492901634078,5.9284210205078125,6.1969757080078125,0.2685546875,0.8506994098376796,9.43662015747017,3.325021129650151e-07,-0.009528532482328869,3.299542789015813,-12.53204345703125,9.83428955078125,22.3663330078125,-0.4650921629462872,1.785600398019942,-1.1378584258435056e-05,0.009508662632533482,0.01176714833160261,0.09649658203125,0.012277371580485428,-0.04654160778092655,1.446239863808394,0
848.7346938775511,61.89926117446144,55.11033272039373,44.285714285714285,704.2857142857143,1001.4285714285713,297.142857142857,70.69346926998172,0.0729312252945227,0.05354151913642923,-0.30380109915781084,71,6.059262502761114,0.00990899569425139,5.8330535888671875,6.18743896484375,0.3543853759765625,0.8600788719008201,27.49221270901315,1.359287098418436e-08,0.05090568179175967,2.472861965801265,-6.207275390625,9.41619873046875,15.62347412109375,0.6145715319756426,0.6574082334918505,-6.165534342586867e-06,0.009175859723772321,0.01124646945578944,0.09649658203125,0.011785878671589806,-0.10036508889886489,1.374132241798148,0
840.4225352112675,66.78783418716552,55.155491837924735,40.845070422535215,671.4285714285713,1001.4285714285713,330.0,71.39265962795376,0.07946935189020869,0.014944204469631324,-0.3652771156267449,72,6.063251386369978,0.011367528082055276,5.8330535888671875,6.21490478515625,0.3818511962890625,0.7944409522411591,16.951238659543993,3.571980452767054e-07,0.11620853969029017,2.6496574027684634,-10.92071533203125,9.41619873046875,20.3369140625,0.15974686262886417,2.5623843091703877,-1.1328668277144897e-05,0.00852411869594029,0.010269877722831737,0.0757598876953125,0.010867803805465424,-0.06579438394251663,0.6977797475572594,0
802.7027027027026,56.8072031741023,45.463167911694796,24.324324324324326,677.1428571428571,950.0,272.8571428571429,74.74747474747475,0.07076991641218132,0.4323215889010184,0.05983393950370708,75,6.0862902141752695,0.023707408262118635,5.914306640625,6.2664031982421875,0.3520965576171875,0.3312800830178569,-0.42893943786869837,1.4323598677662438e-06,0.011676425025576637,2.9419764261080155,-10.92071533203125,8.34808349609375,19.268798828125,-0.15915701853040898,0.5868384630255226,-1.0887627331424744e-05,0.011973157610212054,0.01598407349723622,0.1564178466796875,0.016371953761958633,-0.00348953325122931,3.7886474930300995,0
768.021978021978,58.50895925760604,43.76345349922281,16.666666666666664,642.8571428571429,898.5714285714286,255.71428571428567,78.1227643439691,0.07618136060154743,0.2704943207750427,-0.17641621841194732,79,6.112005388169061,0.017273901229345027,5.914306640625,6.2664031982421875,0.3520965576171875,-0.6630315886619323,4.524778048492602,5.730058886151093e-07,0.03584376743861607,2.9032442477117066,-5.95245361328125,6.28814697265625,12.2406005859375,0.18648496567133022,-1.0004937989792586,-3.438693819552675e-06,0.012558535984584264,0.016677729102662728,0.1564178466796875,0.017047272557552666,0.0049401159458072694,3.1638564043549398,0
802.5868725868725,94.66743708661984,66.44156386631757,27.027027027027028,435.7142857142857,1020.0,584.2857142857142,74.75826237552317,0.11795288500233099,-0.4129985082726914,1.858579931574952,75,6.121345520019531,0.012440016412524815,5.9871673583984375,6.2664031982421875,0.27923583984375,0.7638570369413472,9.035620550029842,2.058242892318231e-07,0.12221825009300595,2.5357057218809165,-4.58526611328125,5.85784912109375,10.443115234375,0.22770733549306374,-1.1703886641199261,-6.752349324002597e-06,0.008619412013462611,0.010844911722627484,0.0855560302734375,0.011416666865726264,-0.06070585678467533,2.371318918013853,0
849.204081632653,61.983086056610695,59.93711581905071,35.714285714285715,748.5714285714286,1024.2857142857142,275.71428571428567,70.65439427074573,0.07298962333935556,0.7212194993482526,0.03537600092365212,71,6.117569768996466,0.01398756416231044,5.79071044921875,6.2465667724609375,0.4558563232421875,0.17146182544937932,12.147863561221508,-4.345727551656251e-07,0.0701582772391183,2.168505934379816,-4.11834716796875,4.06646728515625,8.184814453125,0.11327391060883889,-1.312068847636716,-2.312252410899485e-06,0.007642195565359933,0.009234447653526351,0.0915985107421875,0.009901596391908917,-0.27123765270134775,1.9332114499667483,0
844.2244897959183,58.70787278860987,57.725548785174325,45.714285714285715,748.5714285714286,1024.2857142857142,275.71428571428567,71.07114366524041,0.06954059435399917,0.7117315806562973,0.06275263463865999,71,6.108871905008952,0.011670016336940113,5.79071044921875,6.23626708984375,0.445556640625,0.6323797382639932,24.959419146717057,-4.0102695939454024e-07,0.019905925932384674,2.0047365033153555,-3.75213623046875,4.02374267578125,7.77587890625,0.10017884973906255,-1.3562063124147794,1.9049001506191028e-07,0.007584846496582031,0.009077224641989366,0.0915985107421875,0.009756741371874949,-0.2822658588870025,1.228893146148926,0
816.5949119373777,79.64999972780211,55.022671064441795,41.0958904109589,668.5714285714286,972.8571428571429,304.28571428571433,73.47584355828221,0.09753918199028681,-0.07197866484219234,-0.8359024270788717,74,6.115840312412807,0.015548895172458357,5.9955596923828125,6.2564849853515625,0.26092529296875,0.5564212886591694,2.8094352734147794,8.530607896878598e-07,0.030849965413411458,3.2005467528843914,-12.60223388671875,11.12213134765625,23.724365234375,-0.39001586178260633,2.9199435209980766,-2.6269845030229925e-06,0.008911701747349331,0.012395520325102506,0.27447509765625,0.012893809812992697,-0.7522454375673716,29.270761037382115,0
815.3424657534247,86.07849152830609,61.62643475260808,36.986301369863014,602.8571428571429,1024.2857142857142,421.42857142857133,73.58870967741936,0.10557341870911197,-0.0608476596767372,-0.444289196939879,74,6.123221787952241,0.013499327448764064,5.789947509765625,6.27593994140625,0.485992431640625,-0.2774731573630167,14.975264772403513,1.0518455807940914e-07,-0.0022238231840587797,3.3138269558009776,-12.60223388671875,11.12213134765625,23.724365234375,-0.41339546037190505,2.4929643573877023,-1.0957585054979983e-05,0.00948813738141741,0.012987566371598154,0.27447509765625,0.013448931596472325,-0.619157575722878,24.133068475532305,0
827.7579365079365,74.64611384590151,57.85149139002891,36.11111111111111,665.7142857142857,1024.2857142857142,358.57142857142856,72.4849588916321,0.09017867489233769,-0.04686957138864716,0.05012660137849689,73,6.1278471265520364,0.01434243926753805,5.789947509765625,6.27593994140625,0.485992431640625,0.25326998048614513,11.593321292869222,4.812406621116948e-07,0.09532786778041295,2.650858413295838,-8.08258056640625,6.82220458984375,14.90478515625,-0.17676093256023265,-0.2521356051052841,1.9536814450785356e-06,0.008627911158970424,0.010441563057063005,0.0626678466796875,0.011008621405946852,-0.04053605833073418,0.5551515096385784,0
458.1098901098901,22.399410863955517,5.078096002405864,0.0,427.14285714285717,504.28571428571433,77.14285714285717,130.97294185377086,0.04889527894405949,0.25912708551725805,-1.237663211218524,131,6.503964306059338,0.026980316488170328,6.1817169189453125,6.65435791015625,0.4726409912109375,0.15982118241868096,0.06393615410238107,1.788718971708225e-06,-0.08879667009626116,3.77517434494223,-6.842041015625,14.35089111328125,21.19293212890625,0.787092037885497,0.9032304722106366,-5.44928136219422e-06,0.01224980708530971,0.016130039247644935,0.1833343505859375,0.01648835785215741,-0.11192060792832546,3.422845451529666,1
471.4399092970522,14.802988727794807,5.844236651677993,0.0,445.7142857142857,504.28571428571433,58.57142857142861,127.26966643418868,0.03139952396025833,0.2714119712675463,-1.0108268972795593,127,6.537750453040713,0.02552912541326028,6.40869140625,6.6654205322265625,0.2567291259765625,-0.10207829744680874,-0.14989696850473155,1.6256284586108468e-06,0.04811750139508929,3.8462132083024994,-6.842041015625,10.25238037109375,17.09442138671875,0.31521609099254694,-0.7157232283795549,1.2498418288029788e-06,0.011968938555036272,0.01578462214454383,0.1356353759765625,0.0161473847825187,-0.1254323887973226,2.653107448034298,1
470.9750566893424,14.936048528031343,5.529881719958822,0.0,445.7142857142857,514.2857142857142,68.5714285714285,127.39528165623496,0.03171303515099577,0.6470379275751817,-0.09801085745221716,127,6.569621621994745,0.028892599772775366,6.4212799072265625,6.72760009765625,0.3063201904296875,0.46650414308387833,-0.11922581637880336,1.840616127269483e-06,0.21771825154622396,3.686763272102125,-6.512451171875,9.979248046875,16.49169921875,0.38162376700915684,-0.637121309370392,-9.69482832810367e-07,0.01224359893798828,0.016130586621620053,0.1356353759765625,0.016487013776069506,-0.11072489618525029,2.6087381811112316,1
473.52607709750566,17.59207947856624,5.734250836252389,0.0,448.57142857142856,527.1428571428571,78.57142857142856,126.7089668382617,0.03715123692109523,1.1681699035990294,0.8523199638690544,127,6.627288545880999,0.05023896882806799,6.4212799072265625,6.7989349365234375,0.377655029296875,0.1585417505247215,-1.209251061757697,3.8056697397458784e-06,0.11318254016694568,3.5303813630102687,-5.72967529296875,10.3057861328125,16.03546142578125,0.7272856012611941,-0.16971602008557785,8.884373998534758e-06,0.012173282078334263,0.015953199800754814,0.1427764892578125,0.016316033209714635,0.08918337263824841,2.5626260793012055,1
471.1698537682789,19.93837309331068,6.545299527307393,0.0,445.7142857142857,534.2857142857142,88.5714285714285,127.34261226633562,0.04231674190071668,1.6006376619298508,2.0459842515157085,128,6.698560642060779,0.03998440527941522,6.542205810546875,6.8592071533203125,0.3170013427734375,-0.6694036267032569,-0.3779779498681637,2.974897377186074e-06,0.061448197137741814,3.286075666930496,-5.72967529296875,10.3057861328125,16.03546142578125,0.6149304057966236,-0.24528724071544428,2.3898774883668923e-05,0.012119515555245536,0.016068277811211593,0.1427764892578125,0.016432080133949024,0.025207312793885106,3.040719587827409,1
476.81142857142856,25.170203310539186,9.641363598279709,0.8,445.7142857142857,594.2857142857143,148.5714285714286,125.83590997339469,0.05278859062995084,2.1462083460233568,5.553852113653798,126,6.742021133786156,0.02170507238671111,6.6131591796875,6.8782806396484375,0.2651214599609375,0.17920519525318548,-0.45160335762268344,1.4212464184322274e-06,0.03906922113327753,3.3842824916959886,-7.31353759765625,11.78131103515625,19.0948486328125,0.5916995638335855,0.02140983373464378,1.8624746351973164e-05,0.011465821402413505,0.015144294752072485,0.1238250732421875,0.015541855665539273,-0.09929943871510583,2.9949057215198724,1
486.74473067915693,24.90884169559728,9.266395306157515,0.819672131147541,455.7142857142857,594.2857142857143,138.5714285714286,123.26789838337181,0.05117434278300634,1.589100193343288,3.1841255296305553,123,6.7740387235369,0.026777771837573645,6.633758544921875,6.9301605224609375,0.2964019775390625,-0.04174359811921516,-0.04450763344762221,1.9479932559130075e-06,-0.10686551048642114,3.8666903351973874,-7.69195556640625,11.9171142578125,19.60906982421875,0.8138459396568442,0.4397527702482389,3.0396440639989288e-06,0.011244204929896763,0.014828952881711639,0.1106414794921875,0.015239715201863653,0.07947090386914529,2.90741799243931,1
501.00840336134456,28.689045389668927,14.485288759742769,0.8403361344537815,407.14285714285717,584.2857142857143,177.14285714285717,119.75847031197584,0.057262603176293225,0.5714250083642631,0.7688643062311815,120,6.815655790056501,0.028402675886394554,6.694793701171875,6.989288330078125,0.29449462890625,0.0022344862522838435,-0.7783611697953203,2.0337981902577143e-06,0.03518862043108259,3.4997717809781292,-8.15277099609375,11.9171142578125,20.06988525390625,0.5644298285225905,0.6939463110665689,1.1475295414461908e-05,0.011017484392438616,0.014505759608935187,0.1116485595703125,0.014931759561827553,0.06732200003251355,3.1436996901372654,1
503.9104116222761,29.11672614627297,8.805315300066066,0.0,450.0,584.2857142857143,134.28571428571433,119.06878408572182,0.05778155297989446,0.5449195988230348,-0.21763448743100033,119,6.861619722275507,0.03215455697880129,6.729888916015625,7.0301055908203125,0.3002166748046875,0.3559796347073892,-0.8682919310175694,2.282196124592127e-06,0.13362216041201636,3.0390195876338586,-8.15277099609375,9.69696044921875,17.8497314453125,0.6014829016957389,0.7807886621182445,-6.785798241075557e-06,0.010510381426130023,0.013536075750527787,0.1116485595703125,0.014004554037749412,0.015397877970313188,2.5618976350411256,1
507.73607748184014,30.784915845663335,13.959648809042255,0.847457627118644,430.0,578.5714285714287,148.57142857142867,118.17163022485039,0.06063172819694775,-0.06201792559355831,-0.8837483306849996,119,6.893125706627256,0.022626274377119646,6.74896240234375,7.0346832275390625,0.2857208251953125,-0.5904382739056285,0.5404147090317175,8.61121200868471e-07,-0.023555210658482144,3.0810891094381523,-7.073974609375,9.69696044921875,16.77093505859375,0.9143215344892974,0.9188761490300785,7.043507957188509e-07,0.009913890293666294,0.012609551228589087,0.0808868408203125,0.013111718754214704,0.09741984123543045,2.011945335228015,1
513.9532019704434,23.779391427706585,6.891219674841385,0.0,470.0,578.5714285714287,108.57142857142867,116.74214650276758,0.046267619963332965,0.3445258349911743,-0.7244947396630019,117,6.899517586117699,0.01484600194361437,6.621551513671875,7.0346832275390625,0.4131317138671875,0.5209173152271867,5.36453543215911,-2.0540187459290853e-07,0.027843693324497768,2.6653694060410698,-6.0089111328125,8.21075439453125,14.21966552734375,0.3395157657335483,0.05399417958655084,1.0954818132467357e-06,0.008794387817382813,0.010931750202600113,0.1100921630859375,0.011502612901360112,0.029850665619220108,2.1110132973983813,1
503.54141656662665,26.95922512921472,8.96686702558832,0.8403361344537815,455.7142857142857,585.7142857142858,130.00000000000006,119.15603766837525,0.0535392407501153,0.6952019766468821,0.48139661211985896,120,6.928454253787086,0.03473467298864203,6.621551513671875,7.09075927734375,0.469207763671875,0.07339294179625783,-1.2320471452652697,2.327358900654037e-06,0.09109464372907367,2.4937448660401325,-5.13763427734375,7.16400146484375,12.3016357421875,0.0985280914503676,-0.5367415323759359,-3.4312491343393976e-06,0.008425702776227678,0.010359362307222612,0.1100921630859375,0.010960192027754693,-0.014925002299609663,1.9275925432170364,1
478.3179723502304,34.01537447529322,8.416130900419825,0.8064516129032258,440.0,585.7142857142858,145.71428571428578,125.43956837997978,0.07111456487440271,1.386642610925092,1.1011884382142423,125,6.984861846197219,0.04592754354774768,6.717681884765625,7.271575927734375,0.55389404296875,2.001768395939489,6.197269211337634,2.8100806935867475e-06,0.03163208734421503,3.0365440856442802,-7.64312744140625,8.33587646484375,15.97900390625,0.36919980027619825,-0.12160116051390091,-3.5952981840100203e-06,0.008529967171805245,0.01050707375082329,0.0742950439453125,0.011098216313605268,-0.023658197298077607,1.3641351394417844,1
456.065934065934,10.379096155271052,4.50526595153927,0.0,440.0,487.14285714285717,47.14285714285717,131.55992482290011,0.022757885165285187,0.5825324451341903,-0.19657642334299297,131,7.084858049665178,0.0854749087369619,6.717681884765625,7.3451995849609375,0.6275177001953125,-0.030192530012182663,-1.2806702091219484,6.547935598296413e-06,0.058894929431733634,3.209377691647982,-7.64312744140625,8.33587646484375,15.97900390625,0.3067989913881224,-0.43055273560951424,4.266355810183564e-06,0.008448214939662389,0.01038204508536817,0.0813446044921875,0.010977589635573614,-0.025841213331019283,1.3754928619699731,1
464.5647321428571,16.45577967614058,5.1398566425183825,0.0,441.42857142857144,510.0,68.57142857142856,129.15315315315317,0.03542193054611882,0.686617511079782,-0.33193665077767465,129,7.166539074125744,0.035372882876158064,7.057952880859375,7.3451995849609375,0.2872467041015625,1.3560868920178981,1.6465411252208986,1.3216888554478438e-06,0.004120599655877976,2.939780651918523,-5.8990478515625,8.57696533203125,14.47601318359375,0.3780199301234392,-0.4378098592435431,-1.342549651733707e-05,0.008315625871930804,0.010298785233205572,0.0813446044921875,0.010895222076564431,0.0059765539400897,1.8159127455770534,1
475.95428571428573,16.173282074496345,5.72291974446436,0.0,450.0,512.8571428571429,62.85714285714289,126.06252701339864,0.033980746806858524,0.273880973259219,-1.134806207802135,126,7.191636221749442,0.03312746693904055,7.070159912109375,7.3383331298828125,0.2681732177734375,0.1129697591252943,-0.8186847549572778,1.5279660478563378e-06,0.058476983933221725,3.150862222535764,-5.8990478515625,8.57696533203125,14.47601318359375,0.5336727928904204,-0.37873271197049174,5.9176318697405425e-06,0.00821671622140067,0.01020677463322936,0.0641326904296875,0.010814772470293395,0.006871027670285174,1.9125225017792147,1
478.5142857142857,16.450196946901187,6.628980600751148,0.0,450.0,512.8571428571429,62.85714285714289,125.38810604251255,0.03437765065330437,0.05135663389761433,-0.9802182011833063,126,7.238372684660412,0.049329320864313214,7.006072998046875,7.4497222900390625,0.4436492919921875,1.454732650959237,1.8251229123924126,2.5289839450592135e-06,0.16045772007533482,3.0797037776667207,-6.48040771484375,8.11309814453125,14.593505859375,0.17451078145642504,-0.5541541378418198,-3.5234727096636734e-06,0.007907317025320871,0.009664619542044816,0.0601959228515625,0.010328898887832751,-0.04342928317371537,1.6208430420961752,1
484.0882694541231,16.06495567494551,6.479759773167978,0.0,450.0,524.2857142857142,74.28571428571422,123.94433781190018,0.03318600488514415,0.005218484938303512,-0.35006287062027486,124,7.292645009358724,0.0554774919652304,7.006072998046875,7.5122833251953125,0.5062103271484375,0.22795724028021314,-0.6228690213368577,2.6376917089399247e-06,-0.01968750726609003,3.328183882453267,-7.56072998046875,12.38555908203125,19.9462890625,0.3128781583707469,0.5707319547405652,-4.358874066979235e-06,0.0077085200718470985,0.009357893083288377,0.0611114501953125,0.010051631200904472,-0.0830947382443591,1.3602791364135083,1
497.94717887154866,21.531675649306166,8.072655202599837,0.0,467.1428571428571,558.5714285714286,91.42857142857144,120.49470816557775,0.04324088289465039,1.1029924071622257,0.8464990345180183,120,7.328413382030669,0.04070560981523592,7.1460723876953125,7.5122833251953125,0.3662109375,-0.08592941333225597,-0.04685136825053382,1.4075725941226455e-06,-0.005360812232607887,3.7273054848055467,-7.70111083984375,12.38555908203125,20.086669921875,0.3545917269270818,0.0803655228675435,3.4754712928032804e-06,0.007513544355119977,0.009088645273559558,0.0611114501953125,0.00980398153491385,-0.1098803706015841,1.4394202696078233,1
498.5,22.554431514724115,8.145689362343086,0.0,465.71428571428567,558.5714285714286,92.85714285714289,120.36108324974924,0.04524459681990795,0.8562110107882734,0.20690517003778863,121,7.421027210780553,0.0972807378586963,7.222747802734375,7.6526641845703125,0.4299163818359375,0.3921583125161654,-1.3104651438656232,7.511034691796215e-06,0.1287723359607515,3.0429846570738786,-7.70111083984375,8.9141845703125,16.61529541015625,0.0556672346445031,-0.06864683587840359,-5.369261430497887e-07,0.007067587716238839,0.008378495232215977,0.05291748046875,0.009165392150366092,-0.15708304838750484,1.241966715555848,1
487.1080139372823,20.73917237426177,7.5349081669237705,0.0,450.0,541.4285714285714,91.42857142857144,123.17596566523603,0.04257612640495799,0.44659740102231604,-0.5955213255733272,124,7.572984577360607,0.08825882228117393,7.31353759765625,7.78045654296875,0.4669189453125,-0.5676391449635025,-0.4915746624755055,6.020893102407224e-06,0.052857280912853424,2.525883014328588,-6.01959228515625,6.31561279296875,12.335205078125,0.04309353875826782,-0.6378870818718911,-4.87128007545225e-06,0.007085097176688058,0.00835458861365498,0.05255126953125,0.009162152929056134,-0.15396653770772437,1.0621049788618357,1
830.8333333333334,87.56686787367896,64.23941995065363,31.944444444444443,452.85714285714283,1050.0,597.1428571428571,72.21664994984954,0.10539643074063666,-0.6362990911731744,3.7038011395271058,73,6.3629752477010095,0.01295737297498323,6.2408447265625,6.5113067626953125,0.2704620361328125,0.4481382167432604,7.375277250507079,-7.300476789206638e-07,0.037128775460379466,1.765500180055986,-4.01458740234375,6.11419677734375,10.1287841796875,0.49243230064570265,0.10743248672289996,-6.836527195522086e-06,0.0065072402954101565,0.007449840410558666,0.0420684814453125,0.00834349431939951,-0.24336775890051776,0.5898235481436305,2
807.8571428571429,98.67021237846207,115.0908527605601,36.486486486486484,431.42857142857144,1150.0,718.5714285714286,74.27055702917771,0.12213819392559407,-0.16643309108146048,2.874982949153476,75,6.346887524922689,0.01303542253346603,6.1756134033203125,6.4891815185546875,0.313568115234375,0.28538967030650614,6.68271910353849,-6.785591374932593e-07,0.06868722098214286,3.2054610078089887,-8.83941650390625,12.20855712890625,21.0479736328125,0.8773596819324441,2.199990874282861,1.053556739853249e-05,0.006614669799804688,0.00760033684194745,0.0468292236328125,0.008484940389928006,-0.23911987884729435,0.7949017382272046,2
819.5107632093934,105.40607187250627,113.37271724658018,32.87671232876712,431.42857142857144,1150.0,718.5714285714286,73.21441363994555,0.12862072910392508,-0.13856652638424735,1.9350317689021255,74,6.3248120898292175,0.018462026957019755,6.1756134033203125,6.4655303955078125,0.2899169921875,0.14259423427191326,1.0756600460164218,-1.1219023832605328e-06,0.08523853846958705,3.2376917903404756,-8.83941650390625,12.20855712890625,21.0479736328125,0.8245617094785082,2.0222664016567604,-2.283645966677965e-06,0.006603713989257813,0.0075919038702921635,0.0468292236328125,0.008483708396441105,-0.24986142159876637,0.8202873784941307,2
820.4305283757338,69.90575745159742,39.5564265872657,17.80821917808219,687.1428571428571,1024.2857142857142,337.1428571428571,73.13233470088733,0.08520618752448784,0.471599151069781,0.08807685002384513,74,6.31319533756801,0.012004368749933535,6.0039520263671875,6.4655303955078125,0.461578369140625,0.6414037272685981,22.276725277990497,2.4331884737804614e-07,0.015224202473958334,2.750598044976108,-9.99908447265625,9.93194580078125,19.9310302734375,0.046127323530566575,1.9956358245327284,9.277655936144631e-06,0.006542679922921317,0.007513241476066349,0.0452728271484375,0.008419312328835044,-0.27705236636942004,0.7590185982692184,2
765.4578754578757,76.6671479484849,50.63576717145837,19.230769230769234,610.0,994.2857142857143,384.28571428571433,78.3844570991051,0.10015854615464598,0.3956412900905743,0.21009948510022136,79,6.3137878327142625,0.014575964631884007,6.0039520263671875,6.4617156982421875,0.457763671875,0.5480276854039557,10.276440110168402,-2.1170011454504655e-07,0.004008592878069196,4.2227034853640415,-15.52581787109375,11.33880615234375,26.8646240234375,-0.5924867790262429,1.8133270613441148,-3.588631154677641e-06,0.006811153956821987,0.008026257051044929,0.1002960205078125,0.008888668103073136,-0.19962067930769528,3.520289036121034,2
781.0526315789474,99.44404220801154,60.85602502885746,30.263157894736842,630.0,1004.2857142857142,374.2857142857142,76.81940700808624,0.1273205392151091,0.4902373263502281,-0.6733745991407605,77,6.311309841700963,0.014334970699331746,6.0443878173828125,6.4617156982421875,0.417327880859375,0.6863145433204694,9.625611064314299,-2.7146379005921927e-08,-0.019755772181919644,4.093200582816317,-15.52581787109375,11.33880615234375,26.8646240234375,-0.4012336133819966,2.4524154751143126,-5.220619897863994e-06,0.006886234828404018,0.008159108289822215,0.1002960205078125,0.00901895083425487,-0.2012910414449314,4.003068746953291,2
800.0579150579151,98.13608727955813,65.32129576316534,41.891891891891895,452.85714285714283,1004.2857142857142,551.4285714285713,74.99457085635692,0.12266122918420748,-0.28538012255163736,0.75769785585172,75,6.3062521253313335,0.013153492782223056,6.04400634765625,6.4357757568359375,0.3917694091796875,0.05813410070923718,15.7459223620506,-3.829395359378461e-07,0.08084615071614583,3.654766811270669,-15.43121337890625,12.95318603515625,28.3843994140625,-0.39313540674273384,4.472769677526189,-4.579601099888435e-06,0.006698146275111607,0.007841542283923739,0.0762176513671875,0.008730664983658024,-0.25374670492721185,2.361480456461539,2
761.1172161172162,95.86687509918073,42.5751389848728,26.923076923076923,572.8571428571429,982.8571428571429,410.0,78.83148446711745,0.1259554679215359,-0.08261936213090414,-0.6687909881006999,79,6.306654330662319,0.01715958074891741,6.04400634765625,6.4411163330078125,0.3971099853515625,1.2699558896506553,5.747444829292171,2.3772443671189973e-07,0.203834715343657,3.95020554967797,-15.594482421875,12.95318603515625,28.54766845703125,-1.1810676858536666,4.557642150307872,7.440881592470978e-06,0.008377344403948103,0.012314250124067672,0.2124481201171875,0.01288287759981373,0.3313844965482403,18.652537909001538,2
746.9464285714287,141.27331733673748,153.29389531717766,36.25,401.4285714285714,1090.0,688.5714285714287,80.32704582944845,0.18913447060310545,-0.21520365145968975,0.08505334929879416,81,6.308019456409273,0.01719108612779665,6.177520751953125,6.4411163330078125,0.2635955810546875,1.2812563301581394,3.8964238698925646,-3.4247212968441794e-07,0.025292859758649554,4.170960861670026,-15.594482421875,11.20452880859375,26.79901123046875,-0.6199149884964398,2.5205537023263975,-3.993556350460945e-06,0.009149652753557478,0.01320126345275763,0.2124481201171875,0.013727337876552774,0.29508209261085844,14.511449688202806,2
794.1333333333333,168.34764376431804,210.6555444593678,56.00000000000001,401.4285714285714,1117.142857142857,715.7142857142858,75.55406312961719,0.21198914174485986,-0.5143056804345989,0.0926116666674126,76,6.308027685256231,0.013343862851077026,5.9783935546875,6.44989013671875,0.47149658203125,-0.3228001544425199,21.618778765829052,2.98098673617455e-07,-0.059342229933965776,3.801319664743082,-14.031982421875,11.20452880859375,25.23651123046875,-0.02047840846240295,2.1992316447981413,1.3105619643226163e-05,0.007774581909179687,0.009518146398620437,0.0912322998046875,0.010259022000983683,-0.03161186659662884,4.053456857405424,2
804.189189189189,142.51200220036645,146.94969556850677,44.5945945945946,400.0,1117.142857142857,717.1428571428571,74.60930935977147,0.17721203432745958,-0.31576663567354357,0.6295772073104517,75,6.318124207996187,0.014090959345597124,5.9783935546875,6.4502716064453125,0.4718780517578125,-0.1958993171299665,20.550400835132436,2.951942578982715e-07,0.04859037853422619,3.0829374062870887,-7.0587158203125,9.75494384765625,16.81365966796875,0.7293446086164651,0.6634097220060484,-7.7425575947762e-06,0.007192884172712054,0.00843297691650096,0.0825347900390625,0.009281369517165431,-0.1384368905352759,1.5605215368744982,2
691.9269102990033,67.22119111892192,37.39603435331267,11.627906976744185,572.8571428571429,905.7142857142857,332.8571428571428,86.7143611657944,0.09715071074468477,0.7946326086588879,0.8900242274915016,87,2.356626991998582,0.01788528236394628,2.2258758544921875,2.487945556640625,0.2620697021484375,0.31704407753961317,1.7292032431964541,-9.954299538510938e-07,-0.0180648440406436,5.536675561318305,-15.106201171875,14.76593017578125,29.87213134765625,-0.01570500314424525,0.07826143278849873,-3.4336254495228323e-06,0.011659489222935268,0.01630000861839544,0.17449951171875,0.016603149377289447,0.03805716100867015,5.45347592316838,0
699.2941176470588,73.29776909697594,43.31024652248793,11.76470588235294,465.71428571428567,905.7142857142857,440.0,85.80080753701212,0.10481679631969978,0.5912870636776827,1.5384557427943806,86,2.3394010180518743,0.015446368571412626,2.1495819091796875,2.4875640869140625,0.337982177734375,0.7747166118464436,4.059366920389676,-6.597601684846771e-07,0.16273069835844495,3.952019896308695,-13.29193115234375,13.02337646484375,26.3153076171875,0.3977300686201178,1.1542729653018133,-5.605396800597563e-06,0.01065967559814453,0.014146189903756047,0.1732177734375,0.014492392989170853,-0.02922321245741255,4.397933226050826,0
708.843537414966,66.9212133369067,40.10773541510239,13.095238095238097,612.8571428571429,898.5714285714286,285.71428571428567,84.64491362763916,0.09440900537932136,0.9933025191284297,0.6094838585750066,85,2.3264396758306596,0.014213549997603377,2.1495819091796875,2.4669647216796875,0.3173828125,0.8652739056225214,4.751471884782995,-6.250742033523843e-07,0.062331899007161455,4.312455554054196,-17.99774169921875,15.30914306640625,33.306884765625,-0.18926632188363704,3.3776866626189594,-1.2869904463080733e-05,0.01132445308140346,0.014561617896169382,0.1453399658203125,0.014908722469256726,0.09636029062437905,2.1124216050492555,0
693.5215946843854,67.98883799425566,37.44127053794781,9.30232558139535,562.8571428571429,888.5714285714286,325.71428571428567,86.51497005988024,0.09803420472465128,0.9921587125541447,0.46183035802866446,87,2.3246124994187127,0.013877779583345202,2.0267486572265625,2.4566650390625,0.4299163818359375,0.7414471896888495,9.644934573180658,4.0172570254143893e-07,0.02102286929175967,5.0146370385022445,-17.99774169921875,15.30914306640625,33.306884765625,-0.4084492409522803,2.1037246450837923,7.5936757472126095e-06,0.012251508440290179,0.016050805290229224,0.1453399658203125,0.016365451319298823,0.09953505818803896,2.5631171371898827,0
689.1694352159468,47.596959774705425,27.236459569701,3.488372093023256,552.8571428571428,840.0,287.1428571428572,87.06131893559584,0.06906423492183925,0.12233982031544037,0.47505270709414926,87,2.3321737743559336,0.01322815957712831,2.0267486572265625,2.4951934814453125,0.46844482421875,0.5163021592405784,13.391639975341054,3.1542353436338747e-07,0.007662891206287202,4.136292010544153,-14.312744140625,13.51776123046875,27.83050537109375,-0.19567962351991677,2.1382772249953783,-1.5443400832102598e-05,0.012447606767926897,0.01608418149465604,0.1205291748046875,0.016402209117887503,-0.049861372070144495,1.788043125832318,0
678.6201298701299,45.816873964422946,20.103532168000683,3.4090909090909087,600.0,777.1428571428571,177.1428571428571,88.41470707843935,0.06751475818023715,0.04764093616969051,-1.0290627367295704,89,2.341053108941941,0.018412805612353013,2.2129058837890625,2.4951934814453125,0.28228759765625,0.9671906467242047,1.9928769052428574,7.208517094427665e-07,0.0013034275599888394,3.710262326886339,-9.521484375,10.83831787109375,20.35980224609375,0.3635246700898684,0.41315176029105816,-4.910927876079681e-06,0.011396312168666295,0.014680240558029375,0.1448822021484375,0.01503456768232045,0.011766140094636867,1.7880932010248758,0
672.7126805778493,43.80547614855599,17.58230051159826,1.1235955056179776,600.0,777.1428571428571,177.1428571428571,89.19112383679311,0.06511766079825906,0.12077916752796396,-1.0157822871719038,90,2.351965277535575,0.018257446913435442,2.1488189697265625,2.4852752685546875,0.336456298828125,0.07863458832269772,2.2969135327838828,6.690579648934029e-07,0.01702183314732143,4.5366247273468785,-15.9759521484375,15.07110595703125,31.04705810546875,0.01149810930959281,2.0422925243301906,-2.7792201700942394e-05,0.009222261701311385,0.012237239641979536,0.1448822021484375,0.01265738339779853,-0.06216266625213293,3.4413173832761395,0
706.9387755102042,53.61433332114183,32.71878374777419,4.761904761904762,515.7142857142857,855.7142857142858,340.0000000000001,84.87297921478059,0.07584013662632648,0.22865829563029527,2.011286952247918,85,2.36450495946975,0.014306779260998239,2.1488189697265625,2.5043487548828125,0.35552978515625,0.5605529537426424,7.5429936275554645,6.359549019975201e-07,0.11592512584867931,3.9820766732172057,-15.9759521484375,15.07110595703125,31.04705810546875,-0.49714575684346257,4.3267574935580075,-8.125699053132315e-07,0.007889363970075334,0.010203456148712809,0.067657470703125,0.010715720213247125,-0.6148170507677716,2.18342916016584,0
699.6974789915967,57.33333552299165,31.715220308592308,5.88235294117647,500.0,855.7142857142858,355.7142857142858,85.75134511913912,0.08194017735439094,0.3783020640449288,1.4786390564807554,86,2.3704835528419133,0.012449073886494856,2.2510528564453125,2.5043487548828125,0.2532958984375,1.1722030206420415,8.15515883622512,-1.8488176054776282e-07,0.18506891159784225,3.6024209444916684,-14.5904541015625,10.45989990234375,25.05035400390625,-0.991108516437876,2.758050772773772,-6.476263360721946e-06,0.008727723257882255,0.011382450025774551,0.0973663330078125,0.011841754297126804,-0.35996901954051586,2.5316710639163436,0
673.8474025974026,46.09186497034585,29.084474183273034,5.681818181818182,625.7142857142857,867.1428571428571,241.42857142857144,89.04093088245922,0.06840104271780348,1.8444293674250258,4.266547174319867,89,2.3589248475574314,0.016374776124835632,2.2495269775390625,2.4871826171875,0.2376556396484375,0.5594267146239719,2.447394676871049,-8.828135066313961e-07,0.04313714163643973,4.381278679322262,-15.37933349609375,10.6170654296875,25.99639892578125,-0.7549257093551266,1.9597306160810248,7.847649375265692e-06,0.011451535906110491,0.015755227112383422,0.1416778564453125,0.01607074967482052,0.49989862756339226,5.100961626651419,0
667.5441412520064,42.87051089748169,28.53000243534934,6.741573033707865,602.8571428571429,867.1428571428571,264.2857142857142,89.88169664326249,0.06422123759048545,2.271793124182311,7.457019865591251,90,2.342482530503046,0.014241194577855838,2.185821533203125,2.483367919921875,0.29754638671875,0.9554588969081854,5.8959762267306814,-6.443402851309903e-07,0.06949920654296875,4.7452837939359105,-19.7265625,12.65716552734375,32.38372802734375,-1.2903180671393486,3.988875638334754,1.2613846803629494e-05,0.0126478271484375,0.017018654030837157,0.1416778564453125,0.01730049055804118,0.5042307766719389,4.096829634630394,0
666.9341894060994,27.352448005884156,16.13659227933861,2.247191011235955,602.8571428571429,741.4285714285714,138.57142857142856,89.96389891696752,0.04101221445888287,0.4171151142603242,0.22006913255678429,90,2.337400145757766,0.014689045494700476,2.185821533203125,2.5089263916015625,0.3231048583984375,1.3719581731608623,6.244369926037843,-5.786362309289211e-08,0.030469549269903275,4.334531518479756,-19.7265625,12.65716552734375,32.38372802734375,-1.1113970360445735,4.739438555921028,2.7162169179938985e-06,0.010978542872837612,0.014231115890932776,0.1367340087890625,0.014571054684137854,0.07443716454677207,2.5146421438377224,0
663.0793650793652,31.32371477139755,27.827802798209113,3.3333333333333335,604.2857142857143,812.8571428571429,208.57142857142856,90.48690573083735,0.047239767094318125,1.6658911771080793,5.153212490728556,91,2.3345512480962842,0.015025178613593104,2.10418701171875,2.5089263916015625,0.4047393798828125,1.3906509916823127,7.1955843410960405,-4.387394601115528e-07,-0.004839034307570685,4.154402220742096,-14.97039794921875,10.97869873046875,25.9490966796875,-0.5438774758146677,1.5061697494490547,3.750819245744914e-06,0.0105703125,0.013582597733698392,0.0820770263671875,0.013942339129092226,-0.041639269477317484,1.4596147278638814,0
656.2480376766091,40.65931641441122,27.8715876265669,5.4945054945054945,530.0,812.8571428571429,282.8571428571429,91.42884481974978,0.061957238848838476,0.3965365527581461,2.051414551527836,92,2.336004384358724,0.01598577026862773,2.10418701171875,2.4639129638671875,0.3597259521484375,1.0290459378255372,4.22974490578853,6.591800218915123e-07,0.01903141566685268,5.496974313542351,-15.47088623046875,17.38128662109375,32.8521728515625,-0.36053080822961214,1.193285711903763,-5.082053413219835e-06,0.011586082458496095,0.01568433987430646,0.1704254150390625,0.01599413375028907,0.3600384827054362,5.683141849871438,0
670.497592295345,39.85763539717387,21.754555107000588,3.3707865168539324,577.1428571428572,755.7142857142857,178.57142857142844,89.48577994829073,0.05944485984017841,-0.1390009352004783,-0.33350688000145245,90,2.3538435163952056,0.01926159454303632,2.21710205078125,2.5264739990234375,0.3093719482421875,-0.018027308845855582,0.6918292594545878,1.1823665991685233e-06,-0.03719762166341146,5.544685852171284,-15.47088623046875,17.38128662109375,32.8521728515625,-0.14616711730878296,1.3457674690647377,-1.5367321783707526e-05,0.010736949375697545,0.01477563592010002,0.1704254150390625,0.015101418736410108,0.34609224590526616,7.230029790743368,0
719.4664371772806,55.22990411453996,31.94304912273314,8.433734939759036,647.1428571428571,897.1428571428571,250.0,83.39513408770125,0.07676508765471572,0.9651513535410422,0.5710217904066917,84,2.364656130472819,0.011732395166586657,2.2319793701171875,2.5264739990234375,0.29449462890625,1.2571279646201734,9.200089246939125,-5.656097963348794e-08,-0.026667277018229168,4.808167317339028,-17.24090576171875,15.22979736328125,32.470703125,-0.9457174572249611,2.7293559066324358,-1.90015418320728e-05,0.008806199210030691,0.011420167082054712,0.1050567626953125,0.011833326329987256,-0.3678010405409687,2.2628009227002046,0
722.5087108013937,65.56017415187196,70.21562729156952,9.75609756097561,408.5714285714286,897.1428571428571,488.5714285714285,83.04398148148148,0.09073963146984594,-0.7358728335991712,5.213906987901369,83,2.3601547059558685,0.011869372729249967,2.2319793701171875,2.486419677734375,0.2544403076171875,1.254851455430324,8.345548869011663,-3.059781298379596e-07,0.17872492472330728,3.8873047832603347,-17.24090576171875,7.97882080078125,25.2197265625,-1.6184662238549237,5.356904432139945,-1.0326050639097972e-05,0.008131332397460937,0.01050890619596267,0.1050567626953125,0.010947994712506723,-0.416924086768311,2.565200251362853,0
694.5042016806722,62.67870236567634,68.04146109248106,8.235294117647058,408.5714285714286,858.5714285714286,449.99999999999994,86.39256588340635,0.09024956539355183,-0.4861774945165666,4.114944748779812,86,2.355356725056966,0.011468578371911823,2.21710205078125,2.486419677734375,0.269317626953125,1.4253508129187693,10.27912781218112,-1.3115736496430655e-07,0.20835204351515996,2.938697823106117,-8.83331298828125,8.04595947265625,16.8792724609375,0.12205163479645344,0.8524252864534865,-1.0381350374932305e-05,0.007790386744907924,0.010098066399213198,0.10235595703125,0.010552095554980158,-0.4231310801144351,2.933938555103375,0
704.1496598639455,55.4943413042621,32.83431070809065,8.333333333333332,601.4285714285714,858.5714285714286,257.1428571428571,85.20915853540721,0.07881043543354777,0.5261116350493622,-0.07243299506034528,85,2.3578740801130023,0.014454739441332345,2.1686553955078125,2.4814605712890625,0.31280517578125,0.8216714461901379,4.292646090027768,4.779772142403268e-07,-0.025968170166015624,4.320430838424332,-16.68853759765625,16.48101806640625,33.1695556640625,-0.21881097951276557,3.191957560951466,-2.419457340530786e-06,0.007735884530203683,0.010141603073792456,0.10235595703125,0.01059461743532158,-0.3503841939625944,3.1956496362374747,0
718.6402753872634,50.49638218177263,31.665640565667488,6.024096385542169,500.0,838.5714285714286,338.57142857142856,83.49100663425382,0.07026656299573658,-0.7517740596825682,2.8691675937968757,84,2.3636588323683965,0.0139897214844798,2.1686553955078125,2.4932861328125,0.3246307373046875,0.557149110095284,4.8831794531234545,3.155861419204386e-07,0.0513136000860305,4.252332171280313,-16.68853759765625,16.48101806640625,33.1695556640625,-0.368261196453649,3.7438930562292763,1.2655445801890552e-05,0.007740156991141183,0.010205926181283126,0.2369384765625,0.010661702282731314,0.1873217981675348,12.520112939048197,0
706.1394557823129,44.872013091541824,23.43451081257798,2.380952380952381,621.4285714285714,818.5714285714287,197.14285714285722,84.96905180511067,0.06354554008291369,0.3344866793941252,-0.29212281833266385,85,2.361821374439058,0.011877312471304148,2.2617340087890625,2.4932861328125,0.2315521240234375,1.3569760299488993,7.575057377797785,-3.183168963266434e-07,0.23632994152250744,3.4463030741831684,-10.38055419921875,9.686279296875,20.06683349609375,-0.0702106476866148,0.744004575651819,1.2039688734300173e-05,0.008819855826241629,0.01207063669079849,0.2369384765625,0.012441786223874875,0.010684719364446914,9.355435663243652,0
678.1168831168832,46.607320970225146,25.640745049800927,5.681818181818182,568.5714285714287,807.1428571428571,238.57142857142844,88.48032174662453,0.06873051258656201,-0.3002838815082847,0.2973896331447361,89,2.3491072609311057,0.0155539648195385,2.2449493408203125,2.4822235107421875,0.237274169921875,0.3529215182368017,2.346831159572333,-8.512294536542504e-07,0.20641199747721353,4.733212150455805,-12.298583984375,13.63372802734375,25.93231201171875,0.2013378967487917,0.213914339615223,3.160865517663603e-05,0.011317085266113282,0.015928971342001108,0.24833679199218747,0.016189842517248802,-0.0033357150019074243,7.904310674604245,0
689.6345514950166,53.11608748054753,27.8531563620307,8.13953488372093,568.5714285714287,824.2857142857143,255.71428571428567,87.00260140668658,0.07702062978921287,-0.2536338961647208,0.17523154234253058,87,2.3284128734043668,0.01731535246676044,2.2159576416015625,2.4822235107421875,0.266265869140625,0.6213707266006574,1.5066612997552236,-1.0241533119326907e-06,-0.11017274402436755,5.164709150133131,-13.458251953125,13.63372802734375,27.09197998046875,-0.05248761017074077,0.19747837823777736,1.2971997181467524e-05,0.010776598249162946,0.015008699014534997,0.24833679199218747,0.01526494368543898,0.055335417992685786,9.265937975054758,0
698.3529411764707,55.30077352600027,31.03495004656226,9.411764705882353,605.7142857142858,854.2857142857143,248.57142857142856,85.91644204851751,0.07918742839807989,0.6271865410158913,0.21918627514277,86,2.3249381110781715,0.01954044741094266,2.21099853515625,2.477264404296875,0.266265869140625,1.4188574507264313,2.502607702520409,8.876089602808722e-07,-0.09607885451543899,5.0641759265509565,-13.507080078125,16.78314208984375,30.29022216796875,-0.20659100012418818,0.7602141241968963,3.686414938453292e-05,0.00901499285016741,0.011742536385630581,0.1068878173828125,0.012067881698517744,-0.10844306159399882,2.6469951884079386,0
691.328903654485,62.626726084101065,26.398006400043908,4.651162790697675,604.2857142857143,862.8571428571429,258.57142857142856,86.78936998414149,0.09058890168347553,0.9277106291307271,0.47775777116667406,87,2.3452682949247814,0.022160160875707297,2.21099853515625,2.484893798828125,0.273895263671875,0.04359420052484038,-0.15394229980690932,1.058098677131329e-06,0.11861964634486608,4.603309122747604,-13.507080078125,16.78314208984375,30.29022216796875,-0.005991951097678546,1.1457521390904741,2.1322108758743687e-06,0.010034984043666295,0.013847676596955728,0.1436920166015625,0.014139082945875101,0.16497773850921996,5.888213154080857,0
694.2524916943521,45.05282284109319,29.639693057820708,1.1627906976744187,604.2857142857143,840.0,235.71428571428567,86.42388859644926,0.06489400236957003,0.8379330380311727,1.7816207064442153,87,2.3450547263735815,0.017898019692331388,2.223968505859375,2.484893798828125,0.26092529296875,0.501538257609978,1.123153084081622,-1.104268767318848e-06,0.02878632318405878,3.7010017163718207,-9.73968505859375,10.1104736328125,19.85015869140625,0.008684254480469068,-0.3206273017144059,1.0756298811608801e-05,0.01015823473249163,0.013766393228068422,0.1436920166015625,0.01406228674325288,0.2011193800683215,5.435752753656214,0
703.6734693877552,33.92546402833266,23.984155904429834,2.380952380952381,664.2857142857142,852.8571428571429,188.57142857142867,85.26682134570765,0.048211941339567875,2.113146360019122,6.0346859906476205,85,2.3299102783203125,0.011880802041198506,2.2205352783203125,2.471923828125,0.2513885498046875,1.3007098651918532,7.553442709854712,-2.7848335414111323e-07,0.01744693574451265,3.2131352867656453,-5.3802490234375,7.71026611328125,13.09051513671875,0.437971214767833,-0.795319712454523,4.519033054952518e-06,0.00828590829031808,0.010579734687977769,0.0559844970703125,0.010967913248888298,-0.1775691835216215,1.2883399120924066,0
692.5083056478405,43.04991862277123,26.648753487264095,3.488372093023256,520.0,852.8571428571429,332.8571428571429,86.64156012377366,0.06216520187797328,0.04195561334563775,4.476581782453199,87,2.32648131052653,0.011845914492507659,2.1991729736328125,2.4555206298828125,0.25634765625,1.250201428003733,8.551586236534618,-5.231249611102906e-08,0.12094475882393974,3.8125305581698443,-16.75872802734375,15.50140380859375,32.2601318359375,0.3824541639418221,2.3152336592809952,1.3586139669233175e-05,0.008616052900041853,0.011360963888465761,0.1051483154296875,0.011722230754077132,-0.2610840125397744,2.744482668548793,0
693.6046511627906,74.07385030310891,56.22839721227366,11.627906976744185,532.8571428571428,1120.0,587.1428571428572,86.50461022632022,0.10679549247388714,2.721773591059407,11.951214249995392,87,2.324251211257208,0.012077341335550027,2.1991729736328125,2.4555206298828125,0.25634765625,1.1496415931796633,8.928357790441803,-9.66380170844081e-08,0.06876747494652158,4.214479443253212,-17.51556396484375,15.50140380859375,33.0169677734375,-0.44560091135742996,3.424375862805026,2.8573925721574606e-06,0.00880439976283482,0.01165730715851756,0.1051483154296875,0.011998990884295487,-0.2666121752113926,2.605028271893551,0
679.3668831168831,74.91115887041902,53.753767413478926,10.227272727272728,607.1428571428571,1120.0,512.8571428571429,88.31752252144616,0.11026613267743104,3.0831741289193895,13.024620004560493,89,2.3272608166649227,0.0135520670067143,2.1392822265625,2.4646759033203125,0.3253936767578125,0.8862443548966569,6.6336805551351485,4.889941215816979e-07,0.02139834449404762,4.5215859202667925,-20.9686279296875,8.57696533203125,29.54559326171875,-1.6764058780449123,5.186173277780048,2.7008163145428055e-05,0.008668824332101005,0.012346407353576838,0.1472625732421875,0.012668332047522405,0.13510098263344186,10.872847860274517,0
686.4203612479477,59.1835424670968,27.624250092367003,11.494252873563218,607.1428571428571,875.7142857142857,268.57142857142856,87.4099944980025,0.08622055202368716,1.0233677870877202,0.8229345547225928,88,2.337872668675014,0.014172662380878541,2.103424072265625,2.4684906005859375,0.3650665283203125,0.3332473317238264,7.00415106888277,6.068334162452216e-07,0.1197726295107887,4.4742249606477635,-20.9686279296875,8.72039794921875,29.68902587890625,-1.223042754997562,3.8977727075865953,1.570390145537434e-05,0.008742115565708706,0.01234317448739755,0.1472625732421875,0.012664938902569959,0.15108759475277142,10.766738456611407,0
703.9495798319327,62.57754739999778,43.880635866879054,15.294117647058824,434.2857142857143,875.7142857142857,441.4285714285714,85.23337710397517,0.08889492826309821,-0.3485358274920821,3.482466192263729,86,2.3491744268508183,0.012882663917280482,2.103424072265625,2.4684906005859375,0.3650665283203125,0.7678643617044315,8.172817588847165,4.859630301401719e-07,-0.15106419154575892,4.107414088414435,-12.47406005859375,8.72039794921875,21.1944580078125,-0.5396705737848826,0.42955250116389854,-8.935067485688182e-06,0.008327830723353795,0.01088211463476198,0.0907745361328125,0.011231433742540025,-0.13658857342067346,3.1610787709506925,0
662.7768860353129,45.29217211985068,19.14450467808458,1.1235955056179776,570.0,801.4285714285713,231.42857142857133,90.5282022716815,0.06833698198316093,0.3393038617386711,0.814749483073232,90,2.359694026765369,0.013199073883620972,2.21710205078125,2.504730224609375,0.287628173828125,0.7395383904469991,5.4327205192713155,4.6384342576418506e-07,-0.06353836059570313,5.41808720233188,-16.766357421875,13.34075927734375,30.10711669921875,-0.4956822554053574,0.5255021997875735,7.938291019111859e-06,0.009991279602050781,0.013760780254333494,0.16973876953125,0.01405416104629337,-0.1448843551016705,6.806271127734998,0
669.2455858747993,65.54101305992234,27.532658967724576,4.49438202247191,570.0,970.0,400.0,89.65318750899411,0.09793267888984415,1.900444173809192,5.553233774852179,90,2.3705370221819195,0.014940756857183077,2.0961761474609375,2.520751953125,0.4245758056640625,0.9302802732023459,8.40824722051933,3.591127935209606e-07,0.3051926022484189,5.358909406871003,-16.766357421875,13.34075927734375,30.10711669921875,-0.331056026145359,0.6054368286255869,-5.853113742237834e-06,0.01099401637486049,0.015539856536650408,0.17376708984375,0.01581490337779997,-0.07192500989016273,7.825508978948822,0
685.59934318555,58.35866614866956,29.084675816431904,5.747126436781609,625.7142857142857,970.0,344.28571428571433,87.51466960457932,0.08512065644274608,2.386689345905515,7.241681034489135,88,2.381972567240397,0.017144557937916863,2.0961761474609375,2.530670166015625,0.4344940185546875,1.2567838933503719,8.683586073492016,5.279235498378155e-07,0.0671324230375744,4.631599045353421,-16.37420654296875,11.36932373046875,27.7435302734375,-0.38687699340026105,1.0079345501274242,-4.244770238556049e-06,0.009795304434640066,0.013518987117762941,0.17376708984375,0.01382585237931268,-0.035816976892034724,8.262729238588435,0
672.6623376623376,28.111708830753376,14.63449438795498,1.1363636363636365,627.1428571428571,747.1428571428571,120.0,89.19779901534899,0.04179170923772585,0.7153387833614445,0.08311966563565187,89,2.389093744187128,0.014801407508011632,2.2552490234375,2.530670166015625,0.275421142578125,1.5993980687139226,11.353984544721238,2.1421601839298502e-07,-0.08411065964471726,3.8512726756144207,-16.37420654296875,10.21270751953125,26.5869140625,-0.8273640043543319,2.856994522566806,1.3482357560446086e-05,0.008770914350237165,0.011321482946647043,0.0670623779296875,0.011684296640035865,-0.27675102849505695,1.6971775080069955,0
679.9837662337662,35.04138443743759,29.533871901445124,2.272727272727273,457.1428571428571,747.1428571428571,290.0,88.2374006254924,0.05153267795130126,-2.5456339171270903,16.457658386781983,89,2.3884316671462287,0.011933599342128929,2.214813232421875,2.5302886962890625,0.3154754638671875,1.3370320371574245,13.785779400400418,-1.8698991672409855e-07,0.03726777576264881,2.6093300663596497,-7.7117919921875,7.42034912109375,15.13214111328125,0.1269755100742864,0.323485812830298,-5.336302941631616e-06,0.008329532078334263,0.010847182401821627,0.0670623779296875,0.011222914806718791,-0.3335057618073629,2.0989551787154426,0
699.6806722689076,38.82634498139223,26.479083921570233,4.705882352941177,644.2857142857142,838.5714285714286,194.28571428571433,85.75340491460689,0.05549152137572572,1.0016759487706408,0.9988716232138777,86,2.3972056797572545,0.019141131456936997,2.0915985107421875,2.5981903076171875,0.506591796875,0.8151822264507745,4.711040004598663,9.898378923379867e-07,0.04667474655877976,3.613979909149091,-10.86578369140625,14.49737548828125,25.3631591796875,0.7360892390285311,1.690701840195084,-6.762786641693903e-06,0.008286990574428013,0.011293792537119922,0.23968505859375,0.011653254638661317,0.35616234849007594,16.275093028548316,0
688.0459770114943,79.82273197894881,62.41596153541276,6.896551724137931,574.2857142857143,1075.7142857142856,501.4285714285712,87.20347477447376,0.11601365990926404,1.8271273494653426,6.346298357073367,88,2.5916867301577615,0.024727184656725222,2.390289306640625,2.739715576171875,0.34942626953125,0.9943509288640054,0.506471388808984,1.5363156198241237e-06,-0.009176781063988095,4.683475686470682,-10.08758544921875,17.51251220703125,27.60009765625,0.5774760663387368,0.9924556239620301,-1.876892441657236e-05,0.0100331540788923,0.012777944319156288,0.075897216796875,0.013101827694405203,-0.07477397491024117,1.2936339152496759,2
669.5826645264848,84.45305428866013,65.4901598636088,12.359550561797752,574.2857142857143,1075.7142857142856,501.4285714285712,89.60805465659834,0.1261278984102487,2.0761013816103318,6.139050975690637,90,2.6556562605358307,0.06023973340816226,2.3471832275390625,2.8476715087890625,0.50048828125,0.2923559581883168,-1.0712260576425572,4.8152593141043645e-06,0.17710080827985492,5.971559213165631,-16.33758544921875,17.51251220703125,33.85009765625,0.25757776166524093,0.09546375932446649,1.2955178715172639e-05,0.010463666643415179,0.013317121121464786,0.0797882080078125,0.013636690839289783,-0.035675123012888374,1.2610234138787195,2
678.2142857142857,60.82543302280613,44.291540482266846,11.363636363636363,450.0,841.4285714285714,391.42857142857144,88.46761453396525,0.08968468270871889,-0.1899113746751003,2.006722024206282,89,2.7674737476167226,0.06891336591033957,2.3471832275390625,2.964019775390625,0.6168365478515625,-0.30207878873055094,-1.246559573133033,5.496416444437536e-06,-0.0546554928734189,6.367962622784323,-19.40155029296875,19.00482177734375,38.4063720703125,-0.04326211295019512,0.898835910974269,-3.9658739875387586e-05,0.010692525591169086,0.013782812709753367,0.1327056884765625,0.014095961347606442,0.048318504188422526,2.118732906661725,2
678.7824675324675,40.45516757041819,30.608804247961572,4.545454545454546,577.1428571428572,841.4285714285714,264.2857142857142,88.39356181092005,0.05959960592011481,0.6608742348730142,2.2375401813196643,89,2.847158313932873,0.024780817310001566,2.7172088623046875,2.997589111328125,0.2803802490234375,-0.5795955922407116,0.3369015593837945,1.6549568630824535e-06,0.025854092552548363,5.161752493262453,-19.40155029296875,19.00482177734375,38.4063720703125,-0.2184087924533076,3.1987002805216402,2.899088570261401e-05,0.010353732517787389,0.013422588328413518,0.1327056884765625,0.013748614722990967,-0.0005802891173223045,2.3526348286074876,2
679.9512987012987,47.47299245074015,29.330635578502093,7.954545454545454,602.8571428571429,814.2857142857143,211.42857142857144,88.241613942939,0.06981822454257117,0.9784925262284354,0.8517067566709282,89,2.861749540056501,0.012068520757716764,2.748870849609375,2.997589111328125,0.24871826171875,0.7469341984920917,5.119523111715003,-3.5253213946284895e-07,0.39891480945405505,3.941274443042737,-14.52178955078125,15.06195068359375,29.583740234375,0.1875038809737464,2.304838467745303,-1.9385721542033586e-06,0.009170890808105469,0.011798770943293653,0.0757598876953125,0.012169183434081923,-0.21983521226301753,1.6897869975390067,2
702.5714285714284,78.03123701172392,59.65889433663172,20.0,475.7142857142857,984.2857142857143,508.5714285714286,85.40056933712893,0.11106520111469449,0.4614510373566792,1.528427719810507,86,2.852517709277925,0.01309647107254754,2.7130126953125,2.967071533203125,0.254058837890625,0.5548810974142534,3.0673430558219774,-6.164701481658931e-07,0.02498564947219122,4.142350354408746,-14.52178955078125,15.06195068359375,29.583740234375,0.12020922537029327,1.901630058081519,2.0111398224635858e-05,0.009192173549107143,0.011863217145787957,0.0756683349609375,0.01222837422210363,-0.19896967192769072,1.8454689482712032,2
716.2994836488812,77.27248500280609,53.90661689391883,18.072289156626507,598.5714285714286,984.2857142857143,385.7142857142858,83.76384650503401,0.10787734288062653,1.0141873924099556,0.9297579005491396,84,2.839111273629325,0.013742500004438428,2.69775390625,2.9415130615234375,0.2437591552734375,0.5540368508364275,2.2569844884173405,-6.617843543324967e-07,-0.13138772873651414,5.0281472028098495,-18.31817626953125,21.31195068359375,39.630126953125,0.20306734525841177,4.334202096448224,1.78579225905225e-05,0.00999330793108259,0.012783685031867087,0.0756683349609375,0.013124438246892732,-0.1187967137194005,1.4265971112070979,2
702.8907563025209,70.68384081761069,39.10067740795461,12.941176470588237,614.2857142857143,931.4285714285713,317.142857142857,85.36177131653199,0.10056163092745053,1.2872372410039752,1.2438205602572072,86,2.8261796951293947,0.011911606268697538,2.69775390625,2.930450439453125,0.232696533203125,0.981146230065116,4.287536379838788,-3.5794107141060844e-07,0.012952459426153274,4.592387728500736,-18.31817626953125,21.31195068359375,39.630126953125,0.2554395945046825,6.759699973088365,1.2747171190108957e-05,0.010131470816476005,0.012795391451045472,0.07305908203125,0.013140834704906982,-0.06812998992239422,0.9607775227989448,2
690.4651162790698,63.80382020856351,35.1443601509569,9.30232558139535,597.1428571428572,931.4285714285713,334.2857142857141,86.8979454361738,0.09240701478505324,1.1689572130175716,1.4602842350219927,87,2.821850685846238,0.010691257433522693,2.7446746826171875,2.9644012451171875,0.2197265625,1.3032408814043122,6.578360989663382,-2.4989784577289847e-08,0.15076679048084077,4.073715334467742,-13.49029541015625,22.2076416015625,35.69793701171875,1.1610654815336192,5.947754894111879,7.049399023959893e-06,0.009944910321916852,0.01254178360340566,0.07196044921875,0.012899188912188197,-0.09680277963235587,0.9162301005797127,2
704.689075630252,90.31985626250737,56.4318004759397,15.294117647058824,482.8571428571429,991.4285714285714,508.57142857142856,85.14393379284029,0.12816979769656298,0.8349635476490258,1.266834534794543,86,2.819131678626651,0.012359397199304975,2.733612060546875,2.9644012451171875,0.2307891845703125,0.7106699675057568,3.7684626713347216,-2.806062200409692e-07,0.08982057117280506,4.9195881908432915,-15.325927734375,22.2076416015625,37.5335693359375,0.4078874632289818,2.7198096589696785,1.3945003302657045e-05,0.00996548788888114,0.012650226751135467,0.0685272216796875,0.01299821426758861,-0.12690306099878199,1.1759940265447923,2
701.344537815126,79.69670989070647,35.21142583355955,11.76470588235294,620.0,991.4285714285714,371.42857142857144,85.54996405463696,0.1136341777737128,1.7382102041212102,2.6409813777722038,86,2.8389419737316315,0.027024373755383153,2.733612060546875,2.9712677001953125,0.2376556396484375,0.15300830080105118,-0.9945900319021064,1.9089263599988078e-06,0.07519273303803943,4.351345839523103,-15.325927734375,9.9884033203125,25.3143310546875,-0.17873311791423235,0.5557691434829413,2.6434247968266273e-05,0.010257122584751675,0.013325507370623485,0.1168670654296875,0.013653924288540089,0.03781317694398627,2.5467516483882386,2
515.5403726708074,31.503664003515322,12.000119345390534,0.0,455.7142857142857,620.0,164.28571428571428,116.38273776535506,0.06110804443948299,0.6902593528113283,0.5567691471844616,116,3.3944114775884717,0.058571222529885246,3.2131195068359375,3.61175537109375,0.3986358642578125,0.5247338144823958,-0.6713921725194107,4.409615113194494e-06,0.28357278733026414,7.109396210831653,-18.43414306640625,22.47467041015625,40.9088134765625,0.8372572590882194,0.7008323991185215,2.5438996498903962e-05,0.009875353131975446,0.012964864364482607,0.164154052734375,0.013299167259352021,-0.21129826149177114,4.411399708565475,1
509.8290598290599,34.351870643111305,20.471225579005864,5.982905982905983,455.7142857142857,677.1428571428571,221.4285714285714,117.68650461022631,0.06737919304684027,1.6296643751865516,5.133992624272393,118,3.5274645487467446,0.12088670892691651,3.2695770263671875,3.96270751953125,0.6931304931640625,0.9458406098099127,0.6768915656352834,9.210834584331106e-06,0.18884444463820685,6.0180885100404575,-18.43414306640625,20.85113525390625,39.2852783203125,0.8213882272602698,1.6499608777992867,-8.44260222008742e-06,0.009441950116838727,0.012193064258443333,0.164154052734375,0.012564707363839512,-0.34136963180714447,4.086355073148728,1
509.29181929181925,35.298247803268495,20.49913748378621,5.128205128205128,421.42857142857144,677.1428571428571,255.71428571428567,117.81064946896502,0.06930849164699215,1.536531638544692,4.742019446032613,118,3.7607192720685685,0.1732796117864444,3.42864990234375,4.1843414306640625,0.7556915283203125,0.09822102859303353,-1.130503898912172,1.3823863025731865e-05,-0.017055511474609375,7.794142828335553,-20.86334228515625,37.88604736328125,58.7493896484375,1.5900852643798302,6.4272569659670395,4.771840416623244e-05,0.0095747560773577,0.012268735249390504,0.0895843505859375,0.012663412838109043,-0.1465459170526214,1.8163066764487672,1
499.79591836734704,31.152495680333733,10.896354576861174,0.0,454.2857142857143,581.4285714285714,127.14285714285717,120.04899959167004,0.06233043235346478,0.527242234631764,-0.5199886235166402,120,4.149165607634044,0.29506535888962365,3.6235809326171875,4.9892425537109375,1.36566162109375,0.5555780171222623,-0.7100106133174275,2.2942896241465498e-05,-0.09589073544456846,8.549033491187023,-20.86334228515625,37.88604736328125,58.7493896484375,1.2596101066106404,3.977857080928099,-8.917870289402575e-06,0.010096289498465402,0.013056489911386384,0.1115570068359375,0.013451447715885223,-0.1376035648533508,2.0130603629377877,1
507.0581113801453,36.86912186515462,11.79731733571465,0.0,454.2857142857143,601.4285714285714,147.14285714285717,118.32963254781176,0.07271182737773729,0.5710478513298853,-0.5449173541026529,119,4.5399681636265345,0.22141787954750372,3.951263427734375,5.040740966796875,1.0894775390625,-0.5174569635971447,-0.09109951265273697,1.5449880094547177e-05,-0.2735289800734747,8.89650089826655,-18.04351806640625,33.81195068359375,51.85546875,1.1171893715281613,1.6664290698475561,-7.179168108137213e-06,0.009799047197614397,0.01263051441022885,0.1115570068359375,0.013050434773094343,-0.21510422364086162,1.9749275383665736,1
530.2168367346939,43.69345985070914,16.910697382771836,4.464285714285714,480.0,688.5714285714287,208.57142857142867,113.16124996992951,0.08240677553695294,1.197570719415047,1.5323303208646601,113,4.922620182945614,0.2653469729305601,4.4330596923828125,5.5850982666015625,1.15203857421875,0.15770733775894027,-1.2111477536723112,1.9479426960083422e-05,0.12717223394484747,9.662037653729277,-27.5390625,33.81195068359375,61.35101318359375,0.9420354532848203,1.553830048207435,-2.2436410421369314e-05,0.009217203412737166,0.011815842323151367,0.148406982421875,0.012281692837123128,-0.215161470047803,3.305261378638834,1
549.1402116402116,46.00516740127795,20.1605230791729,6.481481481481481,484.2857142857143,688.5714285714287,204.2857142857144,109.26171263398771,0.08377672300461551,1.2614882165998313,1.3557382451622368,109,5.326795314607166,0.21021551486205237,4.827880859375,5.7708740234375,0.9429931640625,0.08906817410752041,-1.1599483337974072,1.5162227793584491e-05,0.44625887189592633,7.452561707667994,-27.5390625,30.96466064453125,58.50372314453125,0.6254560890873611,2.570391222519312,8.186931511070879e-06,0.009555724007742745,0.012289783501983037,0.1837005615234375,0.012789455984404579,0.01446665185623793,5.087535098443629,1
556.0747663551402,42.20378409423427,19.98844487144757,2.803738317757009,482.8571428571429,685.7142857142857,202.85714285714278,107.89915966386553,0.07589588064005154,1.0065815716168727,0.7119064068824454,108,5.763885034833636,0.3508463865831957,5.1853179931640625,6.635284423828125,1.4499664306640625,0.6498646390569813,-0.6947145244198518,2.4132450952268507e-05,0.16628501528785342,8.039567716725488,-17.1356201171875,35.34698486328125,52.48260498046875,0.970457276182176,2.3654442927785526,8.22330118453339e-06,0.009771761213030134,0.012870000004579727,0.1837005615234375,0.013403561945039258,-0.19005801999681346,5.434137119675572,1
574.2857142857143,47.26258522683023,22.261660620544628,1.9230769230769231,422.8571428571429,681.4285714285713,258.57142857142844,104.4776119402985,0.08229803397706756,-0.007231552662635839,-0.22068597467937945,105,5.911501112438383,0.24481247428350536,5.4656982421875,6.635284423828125,1.169586181640625,1.054192234888719,0.036541059096129924,-6.1395061153912535e-06,-0.07753106980096726,8.91843199795693,-17.1356201171875,35.34698486328125,52.48260498046875,0.9793946235001287,1.7886893933323442,4.214336212540459e-05,0.008841554914202009,0.01168984204793666,0.1230926513671875,0.012284234875197019,-0.46284316494979916,5.362801322209068,1
601.4574314574314,37.46391367419121,16.82714631118198,1.0101010101010102,517.1428571428571,687.1428571428571,170.0,99.75768335692523,0.06228855396035247,-0.23227439423771296,-0.022039925152549156,100,5.8763977595738,0.11109295048426286,5.5408477783203125,6.160736083984375,0.6198883056640625,-0.2816488054826397,-1.240691219997187,5.660991972810723e-06,-0.05676992507207961,5.884524938453782,-16.76025390625,28.75213623046875,45.51239013671875,1.3464751803881656,5.4325943977445466,9.396877970954423e-06,0.007506278991699219,0.009578668418004114,0.083404541015625,0.010295478837274484,-0.6217839983420119,2.961728704996399,1
575.1236263736264,44.83469138607491,13.070354199725449,0.0,495.7142857142857,687.1428571428571,191.4285714285714,104.32539587761828,0.07795661546505178,0.041107073210234775,-0.6119570191444459,105,5.776424716767811,0.21051542527641365,5.3516387939453125,6.160736083984375,0.8090972900390625,-0.33354752446721875,-1.444946340462981,-1.6601393738714365e-05,0.011309305826822916,2.515047570004274,-9.02252197265625,6.80389404296875,15.826416015625,0.30843016225923686,0.5320691288450461,1.6442169092501343e-05,0.007176964896065848,0.009192318507748166,0.05291748046875,0.00995333534240839,-0.8045117625262136,3.028832756533885,1
506.96125907990324,42.29761734920664,14.418189182860326,0.847457627118644,408.5714285714286,605.7142857142858,197.14285714285717,118.35223880597013,0.08343362849061416,0.32638849118852,-0.6757893173501288,119,5.362531625656855,0.25646549819668807,4.9160003662109375,5.9131622314453125,0.997161865234375,0.097951095493333,-1.2611133433175412,-2.0940827406090202e-05,0.06618539719354538,5.976038863179554,-18.58978271484375,30.09185791015625,48.681640625,0.9114455669989884,5.850710604213836,-4.366774114718455e-06,0.008159500122070312,0.010412342346306261,0.1348114013671875,0.011045383581584255,-0.5011659483696962,3.3191749186609787,1
490.271546635183,26.018347931094254,8.259194011178431,0.0,441.42857142857144,560.0,118.57142857142856,122.38115879208208,0.05306925949438143,0.37977227287907794,-0.32305073992544653,122,4.976338077726818,0.19091665894723023,4.5810699462890625,5.6278228759765625,1.0467529296875,0.30876670152779334,-0.5897862463384644,-1.543910055516729e-05,0.017809041341145835,8.456056653440791,-18.58978271484375,35.44464111328125,54.034423828125,1.406044397233476,3.509411099810009,1.0292760516120412e-05,0.00890072740827288,0.011247619827266235,0.1348114013671875,0.011778542119845362,-0.2728274587987508,2.6692544041301955,1
520.1987577639751,40.700122612967895,15.858305631463134,0.8695652173913043,465.71428571428567,650.0,184.28571428571433,115.3405291813927,0.0782395613321214,1.2550860304926512,1.1063059680585523,116,4.698152106148856,0.13885069136948375,4.2072296142578125,5.0537109375,0.8464813232421875,0.3114133011115348,-1.2628143985635505,-1.111736814939429e-05,-0.05076094127836681,8.697134863552803,-18.08624267578125,35.44464111328125,53.5308837890625,1.3756672320696515,2.2513125476109215,-1.588628950472797e-05,0.00871847643171038,0.010977222227437682,0.0896759033203125,0.011497612882725187,-0.1824446107777415,1.7059614520665205,1
572.7472527472528,67.9980296567009,25.775470435358837,5.769230769230769,474.28571428571433,802.8571428571428,328.57142857142844,104.75825019186492,0.11872257672217539,0.9499078037883795,0.9030757260663802,105,4.499488739740281,0.0960554133003392,4.1545867919921875,4.81414794921875,0.6595611572265625,0.1243640079725003,-0.7130394692581352,-7.74471977457881e-06,-0.002972412109375,6.9972627337254165,-18.08624267578125,21.61712646484375,39.703369140625,1.0275822111900057,1.1511446821482592,-4.064081300469678e-06,0.008498794555664062,0.010719502514864195,0.0782318115234375,0.011234360158409961,-0.277787010506688,1.543059987682863,1
597.6142857142856,56.21607548430558,27.117782904578753,7.000000000000001,494.2857142857143,802.8571428571428,308.5714285714285,100.39920636817824,0.0940674893959647,1.1679573919509083,2.076219729383496,101,4.355684625534784,0.07560723427364674,4.0714263916015625,4.5925140380859375,0.521087646484375,0.296446231204777,-1.186157058957036,-6.111726551103576e-06,0.08261206490652902,4.903731748762077,-8.85467529296875,20.22552490234375,29.0802001953125,1.3756340770094937,2.0891739870869905,-2.491710843002618e-05,0.008760757446289062,0.011080044125776763,0.0782318115234375,0.01154597878283832,-0.2721843915290237,1.3114295156853464,1
595.4428571428572,47.81840436399324,25.015764973653482,7.000000000000001,465.71428571428567,777.1428571428571,311.42857142857144,100.76533672416689,0.0803072936225025,1.0701376000495673,2.2497779698022615,101,4.24663264864967,0.053807325676116693,4.0447235107421875,4.44183349609375,0.3971099853515625,0.14230007266833067,-1.0082783013281178,-4.328508635849959e-06,0.0813006083170573,6.435044207839051,-23.22540283203125,28.912353515625,52.13775634765625,0.6139701760694473,4.931658435518522,-5.666092951396609e-06,0.009305458068847656,0.011834225109065368,0.08441162109375,0.01226050820178649,-0.2987668390187982,1.4804660522296764,1
596.2571428571429,55.62512279280187,27.886449970188135,6.0,465.71428571428567,777.1428571428571,311.42857142857144,100.6277253342278,0.09329049296794602,0.5852184191623376,0.3440913246900905,101,4.178816268557594,0.03819137636887557,4.01153564453125,4.3399810791015625,0.3284454345703125,-0.21199187149133364,-0.9961603386478322,-1.6452895658220373e-06,0.1669265383765811,7.619058955283021,-23.22540283203125,32.16705322265625,55.3924560546875,0.9423984661331561,3.978273250362843,-5.146827543116074e-06,0.00977427237374442,0.01264395849445735,0.1406707763671875,0.013046787368130952,-0.14501974301161535,2.6121968558491346,1
616.9955817378498,66.9809675358454,35.53616295481295,7.216494845360824,448.57142857142856,830.0,381.42857142857144,97.24542893970498,0.10855988198032898,0.5963237859829112,0.7886648384767794,98,4.1607848576137,0.030428925437137166,4.01153564453125,4.3399810791015625,0.3284454345703125,0.3107810207237988,-0.37763791382672096,3.2840872042717346e-07,-0.0828903561546689,5.87607773825387,-15.91339111328125,32.16705322265625,48.0804443359375,1.7263313300798468,6.635151074216658,-1.9458141895619755e-05,0.010014131818498884,0.013647171033151901,0.1742706298828125,0.01402755653282788,0.3151449258603928,8.475086182945555,1
639.2165898617511,64.79064921717809,44.7292952007636,13.978494623655912,560.0,861.4285714285714,301.42857142857144,93.86489798860933,0.10135946132310321,1.2470198279737397,1.2448402215452656,94,4.158702932085309,0.02097877133761349,3.9642333984375,4.30450439453125,0.34027099609375,0.5487165624406121,0.6715331632790584,-7.756130938697529e-07,0.08736844744001115,7.342730991605726,-24.2462158203125,22.81036376953125,47.05657958984375,0.14989257361557812,1.9470516210175361,2.0226672308388935e-05,0.009704746791294643,0.01311242557031291,0.1742706298828125,0.01351184846497699,0.24799428230853174,8.866110090811665,1
623.3035714285714,57.21955882751076,37.63782406323222,11.458333333333332,548.5714285714286,861.4285714285714,312.8571428571429,96.26128061882251,0.0918004668196706,1.354232797733016,2.3305199447372322,97,4.128194563729423,0.040712865960366794,3.92913818359375,4.282379150390625,0.353240966796875,-1.1658852023447444,1.0792629207708693,-2.4889468178122007e-06,-0.020445324125744048,8.412762302483559,-27.88238525390625,22.81036376953125,50.6927490234375,0.03651765459903691,1.1993772037614274,-5.2661792323559196e-05,0.009423500061035156,0.011962295877789771,0.0734710693359375,0.012392077230938681,-0.24702964132163918,1.2549057468943783,1
845.8775510204083,56.624970981086705,41.73443173296302,27.142857142857142,697.1428571428572,965.7142857142858,268.57142857142856,70.93225246091487,0.06694227895370701,-0.23873986775774175,-0.3064936739187707,71,2.809211758204869,0.01739586793012401,2.4822235107421875,2.9399871826171875,0.457763671875,0.13833138045461776,8.164888981974409,-1.0961757382833906e-06,0.40532858712332587,4.053541637425184,-5.68084716796875,26.89056396484375,32.5714111328125,2.9891841929908267,14.867804623977765,-5.2128849299812586e-05,0.0066004409790039065,0.008741971483991865,0.2827606201171875,0.009181026844573408,1.196807948563113,66.95541747798664,0
872.0378151260503,42.34662046839479,39.28115887525472,25.0,768.5714285714286,965.7142857142858,197.14285714285722,68.80435568190032,0.048560532277231255,-0.49983675363780083,0.31920535460826027,69,2.7898404802594867,0.014784139794871724,2.5318145751953125,2.9209136962890625,0.38909912109375,0.4264844313753424,8.575070327541876,-8.487101796631248e-07,0.04398494902111235,2.4904369691358337,-5.303955078125,5.73883056640625,11.04278564453125,0.23026815862509062,-1.080483253236963,-7.3990196570254096e-06,0.0059944240025111605,0.007359767657587116,0.0542449951171875,0.007877868271100744,-0.502791520720856,1.0281877893008362,0
847.0204081632654,61.89935537428293,35.511223965200834,17.142857142857142,682.8571428571428,941.4285714285714,258.57142857142867,70.83654587509636,0.07307894211015477,-1.2142338037247762,0.7489513642412762,71,2.780573254539853,0.01143498808113141,2.588653564453125,2.9239654541015625,0.3353118896484375,0.5974708215610933,17.61217184275463,-3.717368906207395e-08,-0.1864751906622024,4.088275886893594,-13.54217529296875,14.16778564453125,27.7099609375,-0.04400574289818528,1.7884809869012237,-3.629001201491006e-05,0.007508221217564174,0.01043535970470493,0.1497802734375,0.010814788753083712,-0.2341169913797838,10.026032055783958,0
852.7959183673471,72.29452060348554,34.025061661352765,11.428571428571429,682.8571428571428,1005.7142857142858,322.857142857143,70.3568095340656,0.08477353027426689,-0.6218099372639391,0.04509406872550814,71,2.7839055106753396,0.011853558597610577,2.614593505859375,2.93731689453125,0.322723388671875,0.7593601019954653,11.456118307185262,4.2422289812145637e-07,0.064564695812407,4.178237285577705,-13.54217529296875,14.16778564453125,27.7099609375,-0.11245160844110508,1.578795683349167,-6.516087249974893e-06,0.007671016148158482,0.01060571664087359,0.1497802734375,0.010977840273758869,-0.1998814966869192,9.464966125886473,0
843.3469387755102,75.99941909947005,34.87544915214761,10.0,694.2857142857143,1005.7142857142858,311.42857142857144,71.14509728003097,0.09011643441762733,-0.1694435952817125,-0.8360928764695776,71,2.789061419169108,0.010279621647215643,2.6397705078125,2.96478271484375,0.32501220703125,1.3617263528726749,19.018622129486946,1.02373625458466e-07,0.3066097441173735,3.2175964309781455,-8.89129638671875,9.49249267578125,18.3837890625,0.03215161513184162,0.10437922346164497,-2.9424027907008296e-05,0.006782646179199219,0.00864027734130486,0.0855560302734375,0.009089408273083532,-0.20362103927589062,3.199077917579256,0
820.5753968253969,66.01366403350326,40.20999777004294,11.11111111111111,621.4285714285714,937.1428571428571,315.71428571428567,73.1194235558672,0.0804480176823407,-0.40788441447546253,-0.08564379638615582,73,2.79304868607294,0.010651282235276083,2.6004791259765625,2.96478271484375,0.3643035888671875,0.9273856252682213,16.9210250883354,2.4675513026028744e-07,0.03576496669224331,3.338007112194448,-8.89129638671875,9.49249267578125,18.3837890625,0.04132598695499766,-0.20441331506042415,-5.998585828889082e-06,0.006748087201799665,0.008564593252188333,0.0855560302734375,0.009027354864945873,-0.19652934824499663,2.9663190545008105,0
846.4489795918367,37.29305804381103,29.0263982492976,8.571428571428571,777.1428571428571,937.1428571428571,160.0,70.88436686276401,0.04405824679686422,0.33599352001728533,-0.40806473817323097,71,2.7945717675345283,0.010042162216049153,2.6004791259765625,2.9102325439453125,0.30975341796875,1.0274615759480148,19.351528783896136,-1.3301279828073307e-07,-8.722941080729167e-05,2.8463314492705836,-7.31964111328125,6.10198974609375,13.421630859375,0.05969694620414383,-0.5866214801462544,-2.020399485758135e-06,0.006033159528459822,0.007365515789243069,0.0480194091796875,0.007905425645249386,-0.3675828238838036,0.9174764392750894,0
832.5955734406439,30.561770846287537,27.90759429334573,5.633802816901409,770.0,922.8571428571428,152.85714285714278,72.06379893668439,0.03670662182359813,0.34626675543658825,-0.060592987028107004,72,2.7915843600318544,0.00973414139354599,2.6912689208984375,2.9598236083984375,0.2685546875,1.4942831871433102,18.804743859045065,-1.0059238448173279e-07,0.08198187691824776,2.5511240654291427,-6.8878173828125,6.10198974609375,12.98980712890625,0.04052224462224731,-0.6859112792898414,-3.60091425571858e-06,0.005748074122837611,0.006976670833311411,0.0436248779296875,0.007546466622324279,-0.45213091192126637,0.6564798485469749,0
827.0436507936507,32.5558358570274,30.99434806472721,9.722222222222223,741.4285714285714,922.8571428571428,181.42857142857133,72.54756135594847,0.03936410832219804,0.21279160144981246,0.5299822581152451,73,2.79152155376616,0.010226526191225783,2.5897979736328125,2.9598236083984375,0.370025634765625,1.4581036330078154,23.041450694039145,1.5404966864821342e-07,0.07609456380208333,2.451306356994971,-4.59747314453125,6.88018798828125,11.4776611328125,0.25867249458745734,-0.9781943452053241,-5.5801417121354624e-06,0.005929926191057477,0.007298639621264864,0.050811767578125,0.007836827044010253,-0.38193472647558363,1.073488189678578,0
840.824949698189,39.536450246126584,33.754386390261786,15.492957746478872,741.4285714285714,940.0,198.57142857142856,71.35849146904688,0.04702102412674368,-0.07351779455331534,0.21082021195219802,72,2.8002352941603887,0.013131978151624063,2.5897979736328125,2.92205810546875,0.3322601318359375,0.6389830517160381,7.138326527753991,7.179381229107919e-07,0.07196408226376488,2.5271199791350742,-5.6976318359375,6.88018798828125,12.57781982421875,0.30248872799421883,-0.6451876125184417,4.2028785336430225e-06,0.006264145987374442,0.007706611695725614,0.06097412109375,0.008218713556154934,-0.3391168241917351,0.9790431388645295,0
817.8473581213307,70.187704439571,47.79432029178983,13.698630136986301,604.2857142857143,940.0,335.71428571428567,73.36332312404288,0.0858200540022511,-0.7409629902306444,0.065720403921663,74,2.8056968053181968,0.01117643400289411,2.701568603515625,2.918243408203125,0.2166748046875,0.9328525339096458,8.619688173280512,-1.2832204812390704e-07,0.04639304024832589,3.720874381957973,-10.6964111328125,10.53619384765625,21.23260498046875,-0.3940338251577957,0.9384888035798098,-1.2326926047761114e-06,0.006414631434849331,0.007904523637052192,0.06097412109375,0.008412705387854632,-0.3343926640684288,0.9897972418271079,0
803.0115830115832,65.98465764929554,39.02322914158038,8.108108108108109,525.7142857142857,908.5714285714286,382.8571428571429,74.71872295413019,0.08217148923534735,-1.200242998181274,2.7071294369453316,75,2.80207272484189,0.010685137582400712,2.5905609130859375,2.9285430908203125,0.337982177734375,0.9211902321181388,15.89076077346538,-2.2088441339167192e-07,0.03711900256928943,3.7020141960094324,-10.6964111328125,10.53619384765625,21.23260498046875,-0.44060053477592115,0.96036566907974,5.764479084644433e-06,0.006216335841587612,0.007665402737202712,0.0486602783203125,0.008179607780387585,-0.3611299391463774,0.9946125321305912,0
825.1190476190476,33.625210213540115,26.525869078736967,2.7777777777777777,725.7142857142858,894.2857142857142,168.57142857142844,72.71677968547107,0.040751950049594136,-0.554342484051113,0.17815297468993085,73,2.798014531816755,0.010158515164328722,2.5905609130859375,2.9285430908203125,0.337982177734375,0.7017159865248584,24.073421506681875,-1.553518339727135e-07,0.034634217761811754,2.1804697446909067,-5.47943115234375,5.48553466796875,10.9649658203125,0.08841038758089358,-0.8348442392447524,-4.747931220197804e-06,0.005875138419015067,0.007178313312172526,0.0415191650390625,0.007709846232784552,-0.44822402666258965,0.5796941866144869,0
831.3480885311868,27.121019833552328,28.212025225902156,5.633802816901409,777.1428571428571,897.1428571428571,120.0,72.17193474998793,0.03262294122967112,0.10942662179868337,-0.42188603278834513,72,2.7978461946759907,0.0098422814481957,2.5989532470703125,2.91900634765625,0.3200531005859375,0.8076197476781242,23.102405398661325,1.8664641651953472e-07,0.06454293387276785,1.9384191769945807,-3.47442626953125,3.631591796875,7.10601806640625,0.1616912463058208,-1.388298011090335,5.952295382469274e-06,0.005879791259765625,0.007142914753281017,0.05401611328125,0.007715544666626689,-0.4375920310228074,0.677384247290238,0
803.5521235521236,60.739260474613424,27.62270259460753,5.405405405405405,680.0,914.2857142857142,234.28571428571422,74.66846050355564,0.07558845119606418,-0.4379048598078689,-0.661202094541363,75,2.8072734015328544,0.013280618823006756,2.616119384765625,2.95562744140625,0.339508056640625,0.8179049007555658,7.2963413451096795,5.56701149034427e-07,0.18673836844308037,3.5981240792059346,-11.59210205078125,11.81640625,23.40850830078125,-0.019000030368593386,1.4769980645822764,1.4007447294484154e-05,0.006924627031598772,0.009088858115570787,0.1025848388671875,0.009545478835098249,-0.4007972096490144,6.805041849652037,0
794.6666666666666,66.96626557919727,33.85182337697552,9.333333333333334,614.2857142857143,940.0,325.71428571428567,75.503355704698,0.08426962950402342,-0.003939856806997719,-0.1477266388717,76,2.8177367255801244,0.01174390844457014,2.6519775390625,2.95562744140625,0.30364990234375,0.6483092224843143,12.063315710310219,2.732924072733859e-07,-0.01831966581798735,3.8838746973997043,-11.59210205078125,11.81640625,23.40850830078125,0.1207337130887272,0.5284455166913156,-1.470569000361063e-06,0.007587746756417411,0.009831971036985318,0.1025848388671875,0.010247513140459772,-0.3074723059897677,5.100435430291396,0
803.011583011583,49.744835711399084,29.505760112010872,13.513513513513514,687.1428571428571,940.0,252.8571428571429,74.71872295413021,0.06194784329864585,0.43245270032112665,0.8908617230605445,75,2.8180609748477026,0.010505856539971591,2.6287078857421875,2.953338623046875,0.3246307373046875,0.7691430528072305,20.263296948074082,-2.6106706960903035e-07,-0.08282525198800224,2.7624985363681582,-5.77239990234375,6.719970703125,12.49237060546875,0.3173683995544895,-0.8565069877258362,1.3331231705042761e-05,0.0071483067103794646,0.008787476632996791,0.0748443603515625,0.0092782200671897,-0.22789539701031153,1.1706798748772007,0
805.2895752895753,43.400500052867216,29.46261781438265,13.513513513513514,687.1428571428571,881.4285714285714,194.28571428571433,74.50735963944959,0.05389427776618214,-0.5967774968000135,0.21900356491999373,75,2.812267285301572,0.010562219752042593,2.6287078857421875,2.9529571533203125,0.324249267578125,0.8457235185448896,17.527567109790024,-2.3743195987427333e-07,0.2946532113211496,2.8573797762894633,-5.66864013671875,10.14556884765625,15.814208984375,0.5120094586683143,0.01707087214234182,2.3207342194595102e-05,0.006820539202008928,0.008431236990976015,0.0677947998046875,0.00892056049303675,-0.29546137458386956,1.4183796423394623,0
827.063492063492,43.58761661870686,46.88301047775534,18.055555555555554,577.1428571428572,885.7142857142857,308.57142857142844,72.54582093848958,0.05270165717260401,-2.6653448160007907,12.707829300733714,73,2.8099534443446568,0.009810164380515362,2.642059326171875,2.9529571533203125,0.3108978271484375,1.2417493500458379,19.290953276277143,5.2827598748910744e-08,0.07496178036644345,3.255612713319783,-11.40594482421875,10.14556884765625,21.551513671875,-0.2899017665368672,1.7463458454169158,-1.942266287265802e-06,0.006506716047014509,0.00811877139986951,0.1035919189453125,0.008613442756799454,-0.18664947152495331,3.588080668365092,0
830.4225352112676,33.284677461764154,31.361709955165946,14.084507042253522,761.4285714285714,902.8571428571428,141.42857142857133,72.25237449118046,0.040081616346425625,-0.12848812321203254,-0.7656296784910763,72,2.8090247744605654,0.010063194199891401,2.4799346923828125,2.9376983642578125,0.457763671875,0.12315013755820138,46.6372088697751,-1.6236226647422666e-07,-0.15550613403320312,2.873582030129791,-11.40594482421875,7.958984375,19.36492919921875,-0.73181837405601,2.611105998620846,3.0893886223954773e-05,0.006172243390764509,0.007649927498201235,0.1035919189453125,0.008186377226485212,-0.22519435056470255,3.609585339773031,0
846.9591836734695,40.33238100997998,33.829347117736454,12.857142857142856,761.4285714285714,928.5714285714286,167.1428571428571,70.84166646586829,0.047620218054722024,-0.16887287160432002,-0.8290706832485513,71,2.8050157456170943,0.010449206830137931,2.4799346923828125,2.9697418212890625,0.48980712890625,0.62448382326052,39.54792514818559,-2.6193848622593777e-07,0.007624162946428571,2.138849055738702,-4.34722900390625,5.04302978515625,9.3902587890625,0.32334198532349573,-1.0662970776722969,-3.288055414618619e-06,0.005921492440359933,0.007214328836341545,0.0428924560546875,0.007783497315103465,-0.4506545103295205,0.7441989722721294,0
863.5817805383022,37.51811014015705,35.902445518901565,15.942028985507244,775.7142857142857,947.1428571428572,171.42857142857156,69.47807532785117,0.04344476804127414,-0.3907927107476112,-0.3960315402863759,70,2.798949141729446,0.010628491264905542,2.503204345703125,2.9697418212890625,0.4665374755859375,0.9810373261670016,31.842562910078122,-3.0746600505523163e-07,0.050885373070126486,2.0442956924952176,-3.96575927734375,4.14581298828125,8.111572265625,0.2513690372784189,-1.2051902623077246,3.4324543252278853e-07,0.005920036315917969,0.0071794035453488225,0.0428924560546875,0.007744181751558808,-0.41586692624510246,0.5578829189267869,0
850.1428571428571,46.92165171236951,47.728652329387344,17.142857142857142,624.2857142857143,947.1428571428572,322.8571428571429,70.57637371870274,0.05519266711251665,-1.4940528250967493,5.814018596055069,71,2.794199752807617,0.010072489348851937,2.4669647216796875,2.9178619384765625,0.450897216796875,0.08347694553708213,62.62057393735277,-1.5077489553122716e-07,0.08191462925502233,2.0826287481682826,-3.80401611328125,4.58984375,8.39385986328125,0.22594632277636936,-1.2588674443223822,-5.1871451552781405e-06,0.005924827575683593,0.007161945067655935,0.0429840087890625,0.00773468671762468,-0.39627865913647486,0.39999552662626536,0
827.1230158730159,50.41241088214152,40.14596821615648,9.722222222222223,564.2857142857143,924.2857142857142,359.9999999999999,72.5406001871087,0.06094910903782792,-1.9189448693622193,8.32544788803085,73,2.7916830516996836,0.00984332164322659,2.4669647216796875,2.9178619384765625,0.450897216796875,0.630202052265948,47.94729999933613,-1.131181695315716e-07,0.007786160423642113,2.367556191967895,-4.290771484375,5.40618896484375,9.69696044921875,0.3312595953803729,-1.1799546997238768,-5.149479464060227e-06,0.0058996091570172994,0.007146940705310501,0.0449981689453125,0.007725734814938531,-0.4210807533498736,0.542133766940093,0
789.1809523809524,61.887839445256255,31.076032588380514,8.0,638.5714285714286,897.1428571428571,258.57142857142856,76.028190770419,0.0784203410618834,-0.9002120533721316,0.15011609765516276,76,2.8007637659708657,0.021051380734211773,2.6706695556640625,2.98919677734375,0.3185272216796875,1.5797830206586092,3.052932657482443,9.92120763780809e-07,0.06582390921456473,5.563870717282536,-18.76068115234375,25.81939697265625,44.580078125,0.20656266162640366,5.975660501482391,1.9816625962834713e-06,0.006967250279017857,0.009592470044950896,0.1769256591796875,0.010016562900341884,0.5493514523041673,18.48854071203554,0
797.1621621621622,70.04391233287038,34.340302271213034,13.513513513513514,638.5714285714286,921.4285714285713,282.8571428571428,75.2669944058315,0.08786657929534511,-0.7121893440883575,-0.17005188817725525,75,2.8072791326613653,0.018786624304835037,2.66265869140625,2.98919677734375,0.3265380859375,1.5302854335489706,4.113867066480892,-4.7010352454976775e-08,0.11504425775437128,5.577915481116131,-18.76068115234375,25.81939697265625,44.580078125,0.17104285020769242,5.894144250629408,-1.6637113951935275e-06,0.007222740173339843,0.009849576474480714,0.1769256591796875,0.010254056323665953,0.4968574387611113,16.52879505560339,0
836.2575452716297,39.12036995769701,36.560186409818805,14.084507042253522,722.8571428571429,932.8571428571428,209.9999999999999,71.74823155767288,0.04678028937244457,-0.004455800041212716,0.3668256752545762,72,2.803721273513067,0.009829582835928307,2.66265869140625,2.9632568359375,0.30059814453125,1.6512925484022738,29.65425619419151,8.282035360401655e-09,-0.008036295572916666,2.578526434534301,-5.64117431640625,6.5948486328125,12.23602294921875,0.2461126548884328,-0.726519467652265,-4.223870428395748e-06,0.00650209481375558,0.007959814981562802,0.0472869873046875,0.008457398440464229,-0.3180359087307733,0.6207092781515895,0
805.8301158301158,58.36329757611286,36.685045503594274,9.45945945945946,521.4285714285714,932.8571428571428,411.42857142857133,74.45738105505247,0.07242630478756759,-1.6105080646388394,6.079227057241281,75,2.80163094656808,0.011106791347943875,2.606964111328125,2.9632568359375,0.356292724609375,1.0111674485501747,20.797694811227835,-1.26866787981256e-07,-0.07742756434849331,2.9340873249448203,-8.5784912109375,6.85882568359375,15.43731689453125,0.035727249383112544,-0.1740844208371497,-9.642913211274731e-06,0.006936266217912946,0.008592012707553654,0.0537872314453125,0.00905543218351851,-0.2291554882703164,0.9631200731533989,0
753.6889692585895,59.25596002511824,30.06708007155508,5.063291139240507,648.5714285714286,840.0,191.42857142857144,79.60843590297272,0.07862123825881233,-0.31926032085597833,-1.2821678562487315,80,2.8152172906058177,0.021008425927218178,2.606964111328125,2.96173095703125,0.354766845703125,0.4772404155469807,0.864088255849417,1.3155536611185788e-06,-0.015925743466331844,4.59678630110449,-13.86566162109375,13.05999755859375,26.9256591796875,-0.2871461110502493,0.7387720488159082,-1.8231616245740335e-05,0.007590050833565848,0.009880164589278708,0.0845489501953125,0.010289012873126785,-0.30751077236618685,3.057037641139744,0
767.3260073260072,64.7004768092053,29.86496688460056,11.538461538461538,648.5714285714286,905.7142857142857,257.1428571428571,78.19362230284514,0.08431941077388318,-0.2211483893871207,-0.7739857410040933,79,2.830127543494815,0.01990827302774822,2.7057647705078125,3.0094146728515625,0.30364990234375,1.6393623426891102,3.5781279865684867,3.04000506899477e-07,0.0837189447312128,4.4758779942825235,-13.86566162109375,13.05999755859375,26.9256591796875,-0.3121231616052756,0.9968888170127221,-2.2137049791770935e-05,0.008191991533551898,0.012176591259525957,0.188232421875,0.012519561419850226,0.825214381874225,21.52272642092229,0
786.8984962406015,47.80486885726717,31.578430596081954,17.105263157894736,690.0,905.7142857142857,215.71428571428567,76.24871604997253,0.06075099785506565,0.24435428824268507,-0.28955065083478226,77,2.8333942867460706,0.02189760135408063,2.7057647705078125,3.0094146728515625,0.30364990234375,1.3389346530733481,1.8339601158267476,2.6750971302962043e-07,0.12212139311290923,3.353541705321385,-9.59014892578125,10.24017333984375,19.830322265625,0.15859755823887128,0.401323458973021,-2.232026720092037e-05,0.00803621346609933,0.012170403643869829,0.188232421875,0.012517578291966874,1.0918442297664122,23.51193676607262,0
777.6623376623377,55.24151684848687,41.38576995643816,16.883116883116884,542.8571428571428,892.8571428571429,350.0000000000001,77.15430861723446,0.07103535065687189,-0.8369693253520665,2.503357330643796,78,2.828867331005278,0.017521653825694764,2.724456787109375,3.000640869140625,0.27618408203125,1.397837129951422,3.593047704783884,-8.95028334878661e-07,0.14034169514973957,3.3746618579502083,-9.59014892578125,10.24017333984375,19.830322265625,0.22256207707652448,0.27856120876041146,-7.120816248218348e-06,0.006750141688755581,0.009073095516580055,0.1331634521484375,0.009530062249006327,0.22250085520418486,10.44147487160161,0
808.3783783783783,55.13225552974649,47.019051094012774,17.56756756756757,554.2857142857142,892.8571428571429,338.57142857142867,74.22266800401204,0.06820105164161218,-1.7297689866617914,4.457159622513698,75,2.82009402683803,0.009820738132184427,2.5569915771484375,2.977752685546875,0.4207611083984375,1.2336608270183163,36.722783829532794,2.6185104736071723e-08,0.05927846999395461,2.7834273715656748,-5.48248291015625,6.82220458984375,12.3046875,0.3233521307618816,-0.9889758036058081,-8.678709531093119e-06,0.0059079851422991075,0.007192964071994621,0.0414276123046875,0.007761685439875576,-0.4500580315972792,0.5960347502594208,0
817.1037181996086,40.33267627004515,42.90836885636455,16.43835616438356,617.1428571428571,870.0,252.8571428571429,73.4300905302486,0.04936053449727708,-1.8120246354442384,6.208386884541996,74,2.8164291291009813,0.010822022956423524,2.5569915771484375,2.977752685546875,0.4207611083984375,0.9005209654793354,24.98134137107284,-3.549645391917279e-07,-0.007942599341982886,2.578348786112365,-5.1239013671875,5.50079345703125,10.62469482421875,0.3952427570806306,-1.2344311975778033,-7.716536569227692e-07,0.0059390356881277905,0.007233918544944439,0.0471038818359375,0.00781172698211371,-0.44545533655616765,0.6556554691204513,0
796.6285714285714,42.397304496529365,35.82761940444468,14.666666666666666,610.0,897.1428571428571,287.1428571428571,75.31740908112761,0.053220918778370555,-0.7861157126587166,3.5371128569410324,76,2.8146165938604444,0.012109238204461182,2.623748779296875,2.9449462890625,0.321197509765625,0.8479904585655059,11.323786502496475,2.384591568896388e-07,-0.0022404261997767856,2.7336723161676844,-7.098388671875,8.33892822265625,15.43731689453125,0.36944305367191954,-0.6993336276787745,-1.4162154242731413e-05,0.006034072875976563,0.007387154502919156,0.0471038818359375,0.007961631726616703,-0.42045800893827484,0.8773823287746909,0
804.4787644787644,52.07462310951499,44.93962028794043,13.513513513513514,547.1428571428571,897.1428571428571,350.0,74.58245344595892,0.0647308858963543,-1.455796229202068,6.063104027989876,75,2.8224776949201313,0.013191854371497006,2.623748779296875,2.962493896484375,0.3387451171875,0.18171703304697215,8.125438950008709,5.54310177171154e-07,0.06645446050734748,2.9886353885747625,-7.098388671875,8.33892822265625,15.43731689453125,0.4353595016379787,-0.6606196608370052,-5.9595276084456745e-06,0.006124012538364956,0.007513380270038543,0.0501251220703125,0.008082355920115246,-0.405046587563333,0.9940449701669523,0
798.9333333333334,56.25069896265156,37.130232484707804,16.0,654.2857142857142,911.4285714285714,257.1428571428572,75.10013351134846,0.0704072500366967,-0.5358289101870789,-0.33421512888170124,76,2.8305658067975727,0.012076186066249333,2.6447296142578125,3.008270263671875,0.3635406494140625,1.2237665072935002,15.773798398754092,2.659198984308419e-07,0.12636013939267113,4.1644667709952214,-14.190673828125,13.69476318359375,27.88543701171875,-0.11304679167209941,1.585309646399618,-9.335080461570015e-06,0.006517796107700893,0.008068219265353243,0.0832672119140625,0.008605801137422408,-0.22750418122067936,1.7141008098965855,0
814.3835616438356,64.66417354785821,39.82387528962872,19.17808219178082,654.2857142857142,950.0,295.7142857142858,73.6753574432296,0.07940260166515811,-0.4691997120941516,-0.2691794457006642,74,2.842711911882673,0.01581964397065745,2.6447296142578125,3.008270263671875,0.3635406494140625,0.2693181674277904,5.391858941014853,7.805104764589231e-07,0.033826228550502234,4.090432805938036,-14.190673828125,13.69476318359375,27.88543701171875,-0.127841097257453,1.7974268402520286,-5.816394932654869e-06,0.006597211565290179,0.0081271249363194,0.0832672119140625,0.008662990262091915,-0.2049570225821291,1.501686139260599,0
478.32949308755764,95.62099480210999,36.5286934545334,0.8064516129032258,400.0,797.1428571428571,397.1428571428571,125.43654712300392,0.19990612367405639,2.727483335645543,6.1331924065533965,125,3.021485710144043,0.018260731668195345,2.8705596923828125,3.1703948974609375,0.299835205078125,-0.09416406868891346,2.1704498440387416,-1.0889931223398907e-06,0.1336314973377046,6.825890468653642,-21.61407470703125,25.4058837890625,47.01995849609375,0.6128623550974304,1.7120310338665643,1.6103502505367e-05,0.01267356436593192,0.0172632808716471,0.1946868896484375,0.01754981662277963,0.5315792428161995,5.5800738293825365,1
472.3172103487064,29.05215883465161,10.862541920490294,0.7874015748031495,427.14285714285717,578.5714285714287,151.4285714285715,127.03327061849532,0.061509845921563465,1.1955484149103766,2.0407287328482067,128,2.999106625148228,0.017755331409450004,2.8705596923828125,3.1585693359375,0.2880096435546875,0.676429033743101,2.395102049977492,-1.1534606604939285e-06,-0.057462456112816224,6.412089952199278,-8.22296142578125,24.09820556640625,32.3211669921875,1.259807386148724,1.1117558055915921,3.144297187729124e-05,0.011526484898158482,0.015742544179116937,0.164794921875,0.01605414653553846,0.49986388847820973,6.821776658779745,1
471.14735658042736,28.10418815649515,9.948034724595724,0.7874015748031495,427.14285714285717,578.5714285714287,151.4285714285715,127.3486928494688,0.059650527088753,1.366359816047511,2.6847126227979423,128,2.986169569832938,0.011341165426054588,2.7858734130859375,3.11431884765625,0.3284454345703125,0.4593797184570988,19.12558698842323,-3.269297837050988e-07,-0.05291221255347842,7.36336177836679,-12.85858154296875,27.19268798828125,40.05126953125,1.1289808862411583,1.25482381560185,5.142764590490666e-06,0.01334666769845145,0.019264942051861085,0.20343017578125,0.019517235682475584,0.41267922623628156,8.832105419218555,1
447.21861471861473,23.111620730697577,5.39165545914453,0.0,414.28571428571433,514.2857142857142,99.99999999999989,134.16257290128985,0.05167857501915292,1.0893743985457314,0.5959371356252436,133,2.9810766038440524,0.011605755820286511,2.7667999267578125,3.125,0.3582000732421875,0.05775528031908234,23.74524415936221,-3.281880291609485e-07,-0.08519505092075892,6.663508702237733,-12.85858154296875,27.19268798828125,40.05126953125,1.0157351832669683,1.4802071930029266,-2.6077684961587877e-06,0.01634753962925502,0.022937909830580753,0.20343017578125,0.023141266404348715,0.4260996503408459,5.362726390623189,1
445.295381310419,19.15971647644193,5.442679321270612,0.0,414.28571428571433,505.71428571428567,91.42857142857133,134.74202185396916,0.043026982269743184,1.0449600739091607,1.1479801310788993,134,2.964122908455985,0.018094347994199095,2.7667999267578125,3.125,0.3582000732421875,0.13986570607300813,2.0840359155986246,-1.1700762948123313e-06,0.25340358189174106,5.772842785870806,-7.89794921875,15.04669189453125,22.94464111328125,0.789972039184616,-0.4524829097022942,2.4005035803747995e-05,0.015948650905064175,0.022301608717174654,0.2032012939453125,0.022507904888348654,0.5479341586902164,4.918483265228739,1
442.1164021164021,17.981137216439556,4.622515715303432,0.0,411.42857142857144,505.71428571428567,94.28571428571422,135.71086644327428,0.04067059518797363,0.8256477773274301,1.097856680367161,136,2.9548978533063615,0.013215448712151278,2.835845947265625,3.131103515625,0.295257568359375,0.963686664636953,9.820287211813223,2.568020884170606e-07,0.14334633236839658,6.41464788332536,-15.67230224609375,22.52960205078125,38.201904296875,0.9439837319800027,0.5249047692724695,-9.028076521637966e-06,0.012671039036342075,0.01805074721688502,0.2032012939453125,0.01831911008461876,0.6880868640375549,7.960746955498992,1
442.5079365079365,18.986781149068424,4.597738786559809,0.0,411.42857142857144,490.0,78.57142857142856,135.59078843532535,0.04290721043085267,0.6414035592234764,-0.34380204115691226,136,2.9553984142485117,0.0133112228759585,2.61077880859375,3.131103515625,0.52032470703125,0.4792782393732111,24.290868139788177,-2.6219132521353847e-07,0.009455980573381697,6.302017850355613,-15.67230224609375,22.52960205078125,38.201904296875,1.1626332377411503,1.364340536503942,4.4034787373471495e-05,0.010010396684919085,0.013704448652445491,0.19647216796875,0.014069309929110463,0.5077596426981503,7.4736135422613135,1
465.1116071428571,18.94508155892275,6.078124409402317,0.0,427.14285714285717,520.0,92.85714285714283,129.00129577194414,0.04073233449343664,0.15268746835141989,-0.41095452072672956,129,2.960498210362026,0.014771303098643003,2.61077880859375,3.1223297119140625,0.5115509033203125,0.006744541807103859,15.621168513529756,6.657324591143828e-07,0.0022796267554873514,7.03875549280946,-15.33203125,23.99444580078125,39.32647705078125,0.9693143379910678,0.8873995013238174,-3.393543816856903e-06,0.011965827941894531,0.016906627113749937,0.1705169677734375,0.017198627356912036,0.44156414062447896,5.709717935906934,1
487.34192037470723,30.468800343494205,16.977259998554707,3.278688524590164,422.8571428571429,620.0,197.1428571428571,123.11684567144815,0.0625203764947357,1.392286343721163,3.757363994658653,123,2.9700885409400577,0.011163472883419491,2.77099609375,3.1398773193359375,0.3688812255859375,1.0487464805435032,23.224667319215826,7.848943511511503e-08,-0.27461558750697546,7.6690674174378906,-17.05780029296875,23.99444580078125,41.05224609375,0.6801256299777071,0.4468983130467321,-7.382759601983313e-06,0.01441570063999721,0.020001453984366563,0.1718902587890625,0.020245029006514845,0.3691188502082851,4.376096371074158,1
495.1904761904762,28.236087618346307,16.889382562855413,3.3333333333333335,422.8571428571429,620.0,197.1428571428571,121.1654966823733,0.05702065967739902,1.2024135626263284,4.361269988541697,121,2.9708143960861935,0.02078112301011903,2.77099609375,3.1398773193359375,0.3688812255859375,1.6190955290641809,7.149899668969411,2.2774857282823818e-07,-0.17801288423084077,6.244838926849229,-21.63238525390625,19.26116943359375,40.8935546875,0.13191690365017983,1.2530461141075326,-3.9210228775696404e-05,0.011713172912597656,0.01671503934419106,0.1986236572265625,0.017010953022484492,0.05672305718834232,6.930016693683418,1
454.7873500545257,34.655369881191355,4.723101979387305,0.0,404.2857142857143,522.8571428571429,118.57142857142861,131.929790907347,0.07620126170403911,0.32999718271722167,-1.3781427371907597,132,2.9816379456293016,0.030387665816136042,2.8350830078125,3.1543731689453125,0.3192901611328125,1.5071672176141437,3.7249450456962103,5.697801597213662e-07,0.2650321960449219,7.7075283130472965,-23.75640869140625,35.91461181640625,59.6710205078125,1.0940132274598864,6.458510172211119,-1.9175378441320008e-05,0.009896965026855468,0.01448973145709388,0.1986236572265625,0.014840312852576401,-0.14675402960030764,9.658881064863857,1
428.12244897959187,12.8855533207351,4.54992372487902,0.0,404.2857142857143,467.1428571428571,62.85714285714283,140.14682047859662,0.03009782213347411,0.7956121452053988,0.5228885603226723,141,2.976409085591634,0.02886652882799296,2.78472900390625,3.1543731689453125,0.3696441650390625,1.7644402927645229,5.348761417056663,-1.5891812170414846e-06,0.3514544169108073,8.585854067417404,-30.39398193359375,35.91461181640625,66.30859375,0.5876239265926159,4.523466159725779,-3.4794428212224264e-05,0.009037705557686942,0.012870758905077233,0.1351776123046875,0.01328068583819424,0.08688164596578411,10.152743618259317,1
458.49450549450546,54.881722840965125,20.672141800175176,1.5384615384615385,405.71428571428567,714.2857142857143,308.57142857142867,130.86307312513483,0.11969984848951003,2.8219366407573316,9.246131930540697,131,2.959115827651251,0.01578883412035416,2.78472900390625,3.12652587890625,0.341796875,0.7327451718356037,5.750432022330898,-5.503162868777262e-07,-0.06009623209635417,6.612666845508515,-30.39398193359375,22.49298095703125,52.886962890625,-0.04319017786232807,3.3887211986527683,-7.4448889853342975e-06,0.007213773454938616,0.008933444698684033,0.0941619873046875,0.009521065084426787,-0.17709187144899502,2.193525243565948,1
481.1962833914053,48.875991902921385,21.499492318575978,1.6260162601626018,431.42857142857144,714.2857142857143,282.8571428571429,124.68924235475852,0.10157183999520966,2.9970754033343368,10.608308499240424,124,2.9444429760887507,0.01809853245360026,2.785491943359375,3.1124114990234375,0.3269195556640625,0.662140163959979,2.769865910059477,-1.183617906682077e-06,-0.09107876732235863,4.725863638222,-8.28704833984375,22.49298095703125,30.780029296875,1.284325997513453,3.3202772104225824,-1.0921998046304702e-05,0.006483288356236049,0.007834257174175302,0.0941619873046875,0.008467335208333931,-0.33590124429428636,1.4714225146818452,1
480.99078341013825,20.86365769990148,9.084526471125466,0.8064516129032258,450.0,554.2857142857142,104.28571428571422,124.74251497005989,0.043376418882669424,0.727670979012125,0.4321603071427793,125,2.92896059127081,0.010631047417732783,2.785491943359375,3.1017303466796875,0.3162384033203125,1.341430397311675,22.974898110497588,-2.7244750709629567e-07,0.10629134405226935,3.41255702418365,-7.88421630859375,7.794189453125,15.67840576171875,0.05571556597788526,-0.7700056993398041,-1.6301265176141284e-05,0.006269466945103237,0.007529249587606917,0.0428009033203125,0.008169669402890245,-0.3697663327004142,0.3793644908433911,1
485.1219512195122,29.25881988178959,11.866605518454392,1.6260162601626018,442.85714285714283,612.8571428571429,170.00000000000006,123.68024132730015,0.06031229839886241,1.9998113750916202,5.099446523427032,124,2.9317053022838775,0.017041991652934293,2.782440185546875,3.1345367431640625,0.3520965576171875,1.1269989927814108,3.873801527013822,5.479401186846609e-07,0.09880429222470238,6.316896019783278,-14.71405029296875,32.073974609375,46.78802490234375,1.596555780120751,6.776515118410931,-2.1679440311998458e-05,0.0064661963326590405,0.008109303708924334,0.1387481689453125,0.008724920549706607,-0.11882029733169062,11.301931046318442,1
493.0714285714285,29.855462472649496,10.591331318161329,0.8333333333333334,442.85714285714283,612.8571428571429,170.00000000000006,121.68622338113866,0.06054997459323381,1.237458041353797,2.809598549078089,121,2.940049743652344,0.016748285119765078,2.782440185546875,3.1352996826171875,0.3528594970703125,0.3745535235822484,3.293641910579848,3.302689674973831e-07,0.0031344095865885415,6.223642366172964,-14.71405029296875,32.073974609375,46.78802490234375,1.6762145513575104,7.474453011287432,-1.2922146756744746e-05,0.0064005922589983255,0.008077822986010631,0.1387481689453125,0.008693143620634136,-0.15723765931392025,11.622069844920563,1
512.5123152709359,26.41600066476513,12.67363870450876,0.8620689655172413,475.7142857142857,615.7142857142858,140.00000000000006,117.07035755478663,0.05154217738319225,1.9365485726584262,4.565103289308831,117,2.937992359343029,0.011515825566645162,2.732086181640625,3.1352996826171875,0.4032135009765625,1.0247119720923183,14.628241252770703,-4.947659972286853e-07,0.22407317388625372,3.383809108099205,-8.880615234375,9.98687744140625,18.86749267578125,0.1405672191342888,-0.06379085801457585,7.831933111435984e-06,0.006055435180664062,0.007331695627602,0.0425262451171875,0.008000516812021586,-0.4754212293411433,0.718580134161702,1
533.1505102040817,33.73880247937985,16.268454806940923,0.8928571428571428,475.7142857142857,622.8571428571429,147.14285714285717,112.53857747793009,0.06328194728063781,0.7094338573264692,-0.10380038439208716,113,2.933577873593285,0.011550595606705304,2.732086181640625,3.0788421630859375,0.3467559814453125,1.758796001255403,21.48584313172388,5.589076169862226e-08,0.04078122093563988,4.394758735208079,-20.65887451171875,13.54217529296875,34.2010498046875,-0.3856906155638703,3.5341124002276825,-2.4581830511259262e-05,0.006141738891601562,0.0075560388276084585,0.0708160400390625,0.008206078048912496,-0.4661196610321003,2.033329576371771,1
552.6322751322751,35.08501823857439,16.326816705484976,0.9259259259259258,502.8571428571429,668.5714285714286,165.71428571428567,108.57129179731444,0.06348709588157266,1.0885908786810552,1.1978578591722107,109,2.9439986637660436,0.017348769519637687,2.742767333984375,3.092193603515625,0.34942626953125,1.1083843661360318,5.003973544482472,5.941135052738235e-07,-0.06649188087100075,4.324986769421309,-20.65887451171875,13.54217529296875,34.2010498046875,-0.7223913649469622,4.450678560155029,1.8599986836801656e-05,0.0061764330182756694,0.007752145384369851,0.0729217529296875,0.008371005716071382,-0.5400484753693439,3.145667105894306,1
546.8152031454782,43.02180383073377,15.266590420548496,0.9174311926605505,482.8571428571429,668.5714285714286,185.71428571428567,109.72628349551799,0.07867704406032758,0.9377725709410676,0.292858684388694,110,2.9553028288341703,0.013118877370052955,2.742767333984375,3.1055450439453125,0.3627777099609375,1.424110487620708,12.674063978585982,-5.619220223985483e-08,0.17039878481910342,3.218731322948412,-16.71905517578125,7.879638671875,24.59869384765625,-0.535873789252942,1.7676812295571285,-1.4388560475954885e-06,0.005975304739815848,0.007392106182856768,0.0729217529296875,0.008039322303685254,-0.5953814321842735,2.256678965304924,1
703.826530612245,38.0183071306311,20.178085915594508,3.571428571428571,632.8571428571429,788.5714285714286,155.71428571428567,85.24827836172524,0.0540165871518934,0.21541615723556332,-0.5812027022001076,85,2.9356120064145044,0.015511783501791698,2.68707275390625,3.0651092529296875,0.3780364990234375,0.399936213694635,2.93599468385864,9.003244871926623e-07,0.04673509143647694,4.637019630111914,-12.21160888671875,16.88995361328125,29.1015625,0.5398429530551108,0.6325691449712307,-1.3654021883599442e-05,0.007150717599051339,0.008591594150709326,0.0449066162109375,0.00919496917974976,-0.23077819450809575,0.42508793251046395,2
698.6386554621849,49.972816563718595,30.089355103979432,3.5294117647058822,484.2857142857143,821.4285714285714,337.14285714285717,85.88130578075007,0.07152884566723415,-0.2919310784167217,3.3065335162791865,86,2.961204047430129,0.022676793397619695,2.68707275390625,3.0773162841796875,0.3902435302734375,0.1986405595859198,0.058614934688592246,1.5216820682235533e-06,0.3984901064918155,7.061408281587505,-20.76873779296875,32.3638916015625,53.13262939453125,1.1335786345630072,4.303815080220618,3.998584883188315e-05,0.007498082842145647,0.009097671688675157,0.0512237548828125,0.009656487488955241,-0.19837938553921491,0.5454350236918013,2
737.2486772486773,61.424993857422315,27.598617238357953,8.641975308641975,625.7142857142857,848.5714285714286,222.8571428571429,81.38366585330846,0.08331651958556636,0.010059703126447004,-0.910161853566954,82,2.983601833525158,0.01315517682353563,2.8270721435546875,3.0979156494140625,0.270843505859375,0.17492104966751054,3.6096731700664906,5.102671804378332e-07,0.0943875267392113,7.588200084905144,-20.76873779296875,32.3638916015625,53.13262939453125,0.5245046614512402,3.4754711414425907,-8.614019093702482e-06,0.007777279445103236,0.009435630301039064,0.0512237548828125,0.009964118940819286,-0.1630258053866363,0.3897736267483425,2
740.9285714285714,62.0430643725364,26.65546996489355,6.25,625.7142857142857,848.5714285714286,222.8571428571429,80.97946592114143,0.08373690361664991,-0.2332864913671229,-0.9246834341687507,81,2.9933299110049294,0.011763188644897424,2.901458740234375,3.1036376953125,0.202178955078125,0.7415702131847625,3.8136027332480094,5.655505251222686e-07,-0.3414549328031994,5.419207922678471,-19.63653564453125,11.810302734375,31.44683837890625,-0.8058583280093409,1.724658627383385,4.3731092768560966e-05,0.007874782017299107,0.009559676669041705,0.06463623046875,0.010096518734961289,-0.1664631426675551,0.5246226647650176,2
732.2927689594356,53.84050192827347,30.732552707485393,4.938271604938271,548.5714285714286,830.0,281.42857142857144,81.934442812071,0.07352319210358868,-0.6827828537943953,0.3694889742965457,82,3.00503724416097,0.012550395427567767,2.9083251953125,3.1036376953125,0.1953125,0.022225096940196018,1.8014885054127587,6.828013420888082e-07,0.01447964622860863,4.440317016709369,-11.35711669921875,11.810302734375,23.16741943359375,0.3322375006387158,-0.6564887659472385,-7.2328222604325495e-06,0.007563940865652902,0.009177573740870271,0.06463623046875,0.00974637078770063,-0.2109885065037836,0.6599075208597358,2
742.9464285714287,31.425603553049996,18.593671476110043,2.5,674.2857142857142,830.0,155.71428571428578,80.75952409566158,0.04229861312272082,0.2855926763139124,0.1466085312406551,81,3.0144856498354957,0.009270781200748616,2.8392791748046875,3.10211181640625,0.2628326416015625,0.723262209236492,9.422628299831358,2.1396757189899302e-07,0.15555932181222099,3.835011634481837,-6.97174072265625,9.70611572265625,16.6778564453125,0.3552618836399151,-1.0012226688766233,-2.7288988634904474e-06,0.007172837393624442,0.00859215298375653,0.0444488525390625,0.00919606419545182,-0.2550336158552485,0.2897715671698964,2
728.0487804878048,35.391933536310546,17.54022120842015,1.2195121951219512,625.7142857142857,788.5714285714286,162.8571428571429,82.41206030150754,0.048612036013022865,-0.5995519876183858,0.4363840363053959,83,3.0211424509684246,0.009949089433612432,2.7950286865234375,3.1314849853515625,0.336456298828125,0.42350540517005697,14.325051606028168,3.4571911572249514e-07,0.09380823771158854,3.6525582208249117,-5.670166015625,7.68890380859375,13.35906982421875,0.29485666424009227,-1.2641304264960609,-6.274818937907242e-06,0.007255906241280692,0.008692902600598726,0.0466461181640625,0.00929849490435207,-0.2384092478123141,0.31853708166610595,2
714.5438898450947,45.12264770096363,20.85050727342106,3.614457831325301,615.7142857142858,791.4285714285714,175.71428571428567,83.96964952426833,0.06314888188428247,-0.2703377901078129,-0.64669878193095,84,3.0291774477277484,0.010404855043418136,2.7950286865234375,3.1314849853515625,0.336456298828125,0.33985854209102345,14.70128447576474,3.874913665787601e-07,-0.00033002580915178573,3.8409137598133842,-6.37664794921875,9.04083251953125,15.41748046875,0.3222642347223308,-1.2165094602441762,5.536586114866629e-06,0.007253714425223214,0.008682670887423923,0.0470123291015625,0.009283912133266651,-0.23179661754374806,0.2641563824991513,2
708.3333333333333,41.95642687062279,28.350262760226528,3.571428571428571,562.8571428571429,794.2857142857142,231.42857142857133,84.70588235294119,0.05923260264087924,-0.41262185166749243,0.8452623101833363,85,3.034510240100679,0.009749335793880532,2.8228759765625,3.15093994140625,0.32806396484375,0.6487660771011577,12.412790882045329,1.693848590805436e-07,0.017307245163690477,3.8138733333324644,-6.37664794921875,9.04083251953125,15.41748046875,0.35746550430435997,-1.186922877237439,-4.140927797866356e-06,0.0072107783726283485,0.008607423218255842,0.0470123291015625,0.009220497309096456,-0.2176982356498964,0.2597716987449634,2
715.6110154905336,42.930392441225315,16.213944185876482,0.0,601.4285714285714,794.2857142857142,192.85714285714278,83.84443322029006,0.05999124036931935,-0.5354686004268727,0.18162208548605285,84,3.043131719316755,0.013488762921447928,2.8656005859375,3.1551361083984375,0.2895355224609375,0.7917291945942266,4.077387720532245,7.109542775641401e-07,0.2438169206891741,6.060864704186118,-17.67425537109375,20.64971923828125,38.323974609375,0.13712955255147194,1.6192720256188622,2.16160448214799e-05,0.007541500636509486,0.009118633738650536,0.0561676025390625,0.009691111870636617,-0.16065585836672286,0.5864093952696248,2
709.7278911564625,64.07693845914605,21.27425791110139,3.571428571428571,568.5714285714287,832.8571428571429,264.2857142857142,84.53944215470143,0.09028381053862235,-0.3515176370770108,-0.5652535140927313,85,3.0592796144031342,0.014189202083388969,2.8656005859375,3.179168701171875,0.313568115234375,-0.03070752349585067,2.9418593153414774,7.482527924614194e-07,0.04369990030924479,6.77132700396343,-17.74749755859375,20.64971923828125,38.397216796875,-0.15384154492112134,1.066220766048703,-9.992898249753484e-06,0.007887967790876116,0.009663461229280192,0.06129455566406251,0.010193638673960939,-0.1252775628936678,0.8886720298905693,2
674.4967532467533,121.97423991489623,91.39957463003968,9.090909090909092,401.4285714285714,801.4285714285713,399.99999999999994,88.95520951166093,0.1808374011109198,-1.41887191238612,0.6120463992375691,89,1.4507405598958334,0.0146964898923368,1.3698577880859375,1.570892333984375,0.2010345458984375,0.4676091428630029,1.9940914330730015,8.881917948023341e-07,0.048197791689918154,4.931456649186725,-17.58270263671875,19.873046875,37.45574951171875,-0.4233069061210877,3.19586056059138,6.252035073480989e-06,0.013890050615583148,0.01870998426056844,0.1966552734375,0.018862767286963154,-0.015732438769383413,3.6273392025154383,0
650.0465838509316,134.75987568398705,110.74124855252028,15.217391304347828,400.0,828.5714285714287,428.57142857142867,92.30107732365097,0.20730802842722135,-0.9187518064298194,-0.7355435914238049,93,1.4694630486624582,0.014892628939393507,1.3805389404296875,1.59759521484375,0.2170562744140625,0.4617677127763778,1.800176114807047,9.072286737949756e-07,0.034682573590959824,4.736648561514704,-17.58270263671875,19.873046875,37.45574951171875,-0.42115803421609876,3.8975512104266397,-7.905095506805247e-06,0.01436871119907924,0.019080251138807767,0.1966552734375,0.019234729225239944,0.029224469807316085,3.1570718519249334,0
643.978494623656,142.11417389813832,144.19651630672487,24.731182795698924,400.0,891.4285714285714,491.42857142857144,93.17081315745531,0.2206815523881593,-0.6600551779843624,-0.9711832331383405,94,1.486835661388579,0.013862679568592684,1.314544677734375,1.604461669921875,0.2899169921875,0.5680589432852271,3.990065343683689,7.745476517961718e-07,0.02277134486607143,5.178718013530641,-15.76080322265625,15.80352783203125,31.5643310546875,-0.13531661522620203,1.5028138379074942,3.812849620216243e-06,0.01322064208984375,0.01705934618749597,0.137786865234375,0.017234707641920886,0.027286041905927882,1.3119264024198714,0
652.3861852433282,129.17737117899762,126.99866980216476,18.681318681318682,400.0,891.4285714285714,491.42857142857144,91.970065211637,0.1980075208533375,-0.8456565832851624,-0.4182168620810618,92,1.5046897615705217,0.015484016936375048,1.314544677734375,1.6048431396484375,0.2902984619140625,0.26614028440917803,2.4956981672356147,9.694695597461943e-07,0.12728841872442337,5.37106699941751,-15.76080322265625,15.80352783203125,31.5643310546875,-0.12213818232232485,1.26027763878231,2.185089369227877e-06,0.013383814130510603,0.017577368085404218,0.137786865234375,0.017749876821975645,0.051231247123658404,2.3622574001939185,0
678.0844155844156,98.90937887897346,64.88518161597473,4.545454545454546,402.85714285714283,805.7142857142857,402.85714285714283,88.48455829542733,0.1458658783563506,-1.795139173477032,2.2500364625370954,89,1.5243276686895462,0.014561313912159033,1.4362335205078125,1.627349853515625,0.1911163330078125,0.3599691269659957,1.585238637265391,8.830546273807289e-07,0.06794967651367187,3.270357711960271,-9.02557373046875,12.47406005859375,21.4996337890625,0.34125546715431593,1.1984515633439168,-5.7703069351971595e-06,0.015633753095354353,0.02150159233958533,0.2216033935546875,0.02164261044161885,0.12709048054413874,4.491950798264452,0
661.8888888888888,114.2539296629951,87.71749592841434,8.88888888888889,400.0,827.1428571428572,427.1428571428572,90.64965586704719,0.17261799009013867,-1.2343518636747395,0.4683383485422037,91,1.544198817298526,0.015230306391869534,1.450347900390625,1.6597747802734375,0.2094268798828125,0.45081589771479225,1.323142063902636,9.544895498511887e-07,-0.02134955269949777,4.963924079784607,-17.2821044921875,12.91046142578125,30.19256591796875,-1.1225334803852034,2.963181515422474,-4.400484578780073e-07,0.016376847403390068,0.02218285602394035,0.2216033935546875,0.02232434300779462,0.13384174478076985,3.787181293372047,0
662.5238095238095,130.90441545797665,99.8190290933323,11.11111111111111,400.0,827.1428571428572,427.1428571428572,90.5627830086969,0.1975844695333508,-0.9918397524883308,-0.3344182333380128,91,1.5637354260399228,0.01429347118897964,1.4598846435546875,1.676177978515625,0.2162933349609375,0.33597199056763316,1.806632066540307,8.498196988526339e-07,0.029249681745256696,5.184373090159446,-17.2821044921875,12.91046142578125,30.19256591796875,-0.9783192078317097,2.1714814984599133,-4.598847490130577e-06,0.01500898197719029,0.019482445482156333,0.1314239501953125,0.019648668993275106,0.08967893021508795,1.5787279407332653,0
709.6258503401363,77.23102767001689,58.42031638152546,3.571428571428571,402.85714285714283,818.5714285714287,415.71428571428584,84.55159852370222,0.10883344741880342,-2.7451671022301958,8.465284540626614,85,1.5802647726876395,0.013004540389628583,1.5010833740234375,1.6788482666015625,0.177764892578125,0.676027650179157,2.7463385870042867,7.150561870900865e-07,0.13648278372628347,3.172346621048106,-5.68695068359375,7.366943359375,13.05389404296875,0.3226253308324006,-0.908852042312335,5.528562339454363e-07,0.014739219665527343,0.019004251408980703,0.1295928955078125,0.019177032152369905,0.07048229968567156,1.2310161865623535,0
676.9967532467532,89.02300045002215,67.98410902894712,5.681818181818182,400.0,858.5714285714286,458.57142857142856,88.62671750233797,0.13149693853491032,-1.8558813465611472,3.2038314354191684,89,1.5972770145961217,0.015163573993963068,1.5110015869140625,1.7131805419921875,0.202178955078125,0.5622578391176793,1.2244278094546068,9.568198680587012e-07,0.09976425170898437,2.8128574129831487,-5.36346435546875,5.987548828125,11.35101318359375,0.3185846428213814,-1.0345277449602,-1.8449199212451943e-06,0.014533949715750559,0.01864510822167117,0.1200714111328125,0.01881846114467362,0.05764971336457527,0.9679480248540262,0
671.4927768860352,119.06093432247566,108.06582976201187,15.730337078651685,400.0,888.5714285714286,488.57142857142856,89.3531577186021,0.17730784071067157,-0.9271572923452284,0.30297429643871654,90,1.6128084455217635,0.01416947878129906,1.3530731201171875,1.732635498046875,0.3795623779296875,0.2389256379522099,5.094269246734035,5.304611771319762e-07,-0.03773400442940848,3.081295382269784,-9.46502685546875,9.60540771484375,19.0704345703125,0.020426630942871647,0.5596561893567604,-7.551789156119443e-07,0.014218521118164063,0.018605246086473713,0.1695556640625,0.01877755538856362,0.09588035570443493,2.125202639505134,0
700.9747899159665,94.29289806213332,86.26608102083851,14.117647058823529,414.28571428571433,888.5714285714286,474.2857142857142,85.59508967104631,0.13451681774951882,-1.0770270391974677,1.83334821648348,86,1.6352487473260788,0.030673547715030766,1.3530731201171875,1.7726898193359375,0.41961669921875,1.3148805799330734,1.1354640086641048,1.70505491346586e-06,0.11641184488932292,6.064739917446361,-15.78216552734375,24.88861083984375,40.6707763671875,0.1743415726629445,2.4014844882311808,1.726430399062763e-05,0.014892496381487165,0.019742815123222443,0.1695556640625,0.01990359997429688,0.13963641468988156,2.4578645595781925,0
678.4253246753246,114.90478428431601,105.82162925376667,12.5,400.0,875.7142857142857,475.71428571428567,88.44009475724438,0.16936983350276055,-1.1294063877375624,0.3173178741741203,89,1.6642576399303617,0.030775848811218975,1.54876708984375,1.7917633056640625,0.2429962158203125,-0.09662831526464341,-1.2887615486203843,1.2225923937174917e-06,-0.26304978870210194,6.357169553450903,-15.78216552734375,24.88861083984375,40.6707763671875,0.2154613306205136,1.6759419527927424,-5.784664829952e-05,0.015892926897321427,0.02126296186179541,0.2076873779296875,0.021412308397035618,0.19841147928313085,3.3332164117418115,0
690.0830564784054,109.87531325892837,102.77622867799978,8.13953488372093,400.0,875.7142857142857,475.71428571428567,86.94605589389306,0.1592204187994966,-1.624952477491343,1.523548284360988,87,1.6827377319335937,0.018057778520210014,1.4308929443359375,1.7917633056640625,0.360870361328125,-0.9047107410711096,2.8412758701676912,3.4506215052379005e-07,-0.057732682001023064,4.012708934433247,-12.200927734375,11.49444580078125,23.69537353515625,-0.0315882468478021,0.13536576619620755,4.958950032560652e-06,0.018231448582240514,0.024867710151854436,0.2869720458984375,0.024995552388406547,0.22998814245293184,4.861482328772102,0
699.3613445378151,29.909431823385432,16.484672033453823,0.0,630.0,782.8571428571428,152.85714285714278,85.79255983850813,0.0427667786573929,0.1813775878398395,-0.22400198206797883,86,1.6977637699672155,0.014767971124897214,1.4308929443359375,1.807403564453125,0.3765106201171875,0.10880107581678856,4.260825205375483,9.027478227213039e-07,0.40462882632300967,3.210294104865741,-4.73785400390625,11.49444580078125,16.2322998046875,0.6615500564059837,-0.10614552022344359,-5.235773345151352e-05,0.019045103890555245,0.025571615338035696,0.2869720458984375,0.025692246568593053,0.17633949560628573,3.7693646798395735,0
685.4844006568144,74.09754922394848,65.42711339030299,5.747126436781609,402.85714285714283,807.1428571428571,404.2857142857143,87.52934412877882,0.10809516475203523,-2.3496756055697974,6.784507191836438,88,1.7175431206112817,0.01531082060961939,1.593017578125,1.81884765625,0.225830078125,0.3524926405699641,1.1080581413046175,9.757853925335126e-07,0.0796310788109189,2.548233736768963,-4.73785400390625,7.53631591796875,12.274169921875,0.49290070107800316,-0.5952007798045251,-4.735829576409596e-06,0.01647030312674386,0.021652582752379065,0.1818695068359375,0.0217972034889309,0.09764511788055948,1.8183377150104825,0
691.611295681063,99.93633391246019,105.97956721683187,12.790697674418606,402.85714285714283,807.1428571428571,404.2857142857143,86.75393298907171,0.1444978335902511,-2.036524016457138,3.203562573142765,87,1.7367369697207495,0.013598962234318753,1.6475677490234375,1.83563232421875,0.1880645751953125,0.42626949385234214,2.2930395155065826,8.019901148577063e-07,0.03596834455217634,2.9182303618758243,-6.86187744140625,8.8897705078125,15.75164794921875,0.35578133699909054,-0.25382788309978777,-5.008789264168343e-06,0.01508365958077567,0.019400496548117634,0.1397552490234375,0.01956613601119017,0.035401120878920306,0.9296581986466013,0
708.8095238095239,81.3326900992583,93.61572836860145,9.523809523809524,400.0,817.1428571428572,417.1428571428572,84.6489754786698,0.11474548149710609,-2.699233626065068,7.568354382559555,85,1.7529649189540317,0.013375252379268187,1.5560150146484375,1.8802642822265625,0.324249267578125,0.5740002420048386,3.9020868751628264,7.6155908301544e-07,0.13882130214146204,3.350205689292867,-6.86187744140625,10.87188720703125,17.7337646484375,0.434244701108777,-0.345703984954131,1.1352165319182413e-05,0.015604098728724888,0.020298387956003885,0.1669921875,0.020455696963701257,0.024958067898219034,1.336520292778152,0
699.9663865546219,97.65607791842757,81.54931971015763,7.0588235294117645,400.0,817.1428571428572,417.1428571428572,85.71840184402612,0.13951538215872167,-2.1747775072871782,3.8592316859267077,86,1.7748719351632254,0.018133607160723257,1.5560150146484375,1.9039154052734375,0.347900390625,0.1696519832660341,0.6849846497314513,1.252176298660505e-06,0.12677699497767858,4.004773417836818,-14.813232421875,15.30303955078125,30.11627197265625,-0.38296589757897215,3.626278846032598,1.8420406921666507e-06,0.01816626739501953,0.023500857969756355,0.1669921875,0.023643636949685506,0.0687378708786351,0.9667672690077884,0
693.1727574750829,91.88331707371296,66.69185198544497,9.30232558139535,400.0,840.0,440.0,86.55850847132692,0.13255471465497667,-2.0300017424891417,3.9887666968406723,87,1.8007195063999721,0.0172022003676172,1.6567230224609375,1.937103271484375,0.2803802490234375,0.44354468414111686,1.1703870264578597,1.1313478698076605e-06,-0.024020858038039435,4.078876033028297,-14.813232421875,15.30303955078125,30.11627197265625,-0.4164327761468256,3.179811629131633,1.2711414511805547e-05,0.016768599373953683,0.022575112193840542,0.1574249267578125,0.022719047040941385,0.05382183351111657,1.5558059085825988,0
661.3968253968253,122.43615167542399,90.50597915741466,14.444444444444443,405.71428571428567,840.0,434.28571428571433,90.71709705289432,0.18511753757203878,-1.000183438688532,-0.20683285777513882,91,1.820892079671224,0.01510042147661155,1.6338348388671875,1.937103271484375,0.3032684326171875,0.1650464033893891,2.9635368354915217,8.084742905628975e-07,0.004798235212053571,4.358998665796028,-13.02947998046875,18.17474365234375,31.2042236328125,0.10849235422850208,2.193219228492765,6.313984389157207e-06,0.010859639848981585,0.015864293709938086,0.1574249267578125,0.016042002287471716,-0.1242598801051118,5.336492418722186,0
656.2480376766091,146.15389842625362,99.86430703006006,16.483516483516482,405.71428571428567,830.0,424.28571428571433,91.42884481974978,0.22271136831692356,-0.7038085509326867,-1.1801668786448796,92,1.836607215518043,0.01311852757506419,1.6338348388671875,1.98822021484375,0.3543853759765625,0.38309371927519886,6.572970005274971,6.232275614489557e-07,0.06595597040085566,4.327842198234526,-13.02947998046875,18.17474365234375,31.2042236328125,0.13445227998118006,2.1805204183545914,1.3692605560522334e-06,0.00791046905517578,0.010742842595781062,0.0981903076171875,0.01099128033650045,-0.6433310621419324,4.301345101554411,0
727.4041811846689,107.83888394467033,88.67988466994262,9.75609756097561,407.14285714285717,828.5714285714287,421.4285714285715,82.48509089167246,0.14825166906387752,-2.0879560773017047,3.1241200330591585,83,1.8497431528000605,0.01382956793015275,1.66473388671875,1.98822021484375,0.323486328125,0.6670629823869353,4.845645091946464,6.874793775148475e-07,0.13538124447777158,2.951372378582992,-5.94940185546875,8.6944580078125,14.64385986328125,0.4016435037094011,-0.40738236365460834,9.466635889638284e-06,0.007616532461983817,0.010225725661272235,0.087432861328125,0.010488451881059634,-0.6860833719553816,3.573982761674265,0
687.7339901477833,119.13492071004687,85.41309207641476,5.747126436781609,402.85714285714283,828.5714285714287,425.71428571428584,87.24303416660698,0.17322819929904387,-1.4147920475645972,0.9292629161294128,88,1.866242299761091,0.017032178405425112,1.75933837890625,1.984405517578125,0.225067138671875,0.016723054335780863,1.2564435353125223,1.051590248193783e-06,0.09903913225446428,4.352845155446726,-14.48822021484375,15.46783447265625,29.9560546875,-0.532108975481024,2.9905992393080707,9.881011475930309e-06,0.008072409493582589,0.011024384558981895,0.1388397216796875,0.011269425644654841,-0.5004151074926827,5.871431209920404,0
656.8131868131868,105.93914668274844,88.37317802424167,6.593406593406594,400.0,852.8571428571429,452.8571428571429,91.35017567341475,0.16129266100267875,-1.3462746338839542,1.0997012451552663,92,1.8853412537347702,0.015569857343859107,1.7604827880859375,2.014923095703125,0.2544403076171875,0.40638565382860947,1.5299039241902683,8.88465534889455e-07,-0.036644817533947174,5.073024676803274,-14.48822021484375,15.46783447265625,29.9560546875,-0.39949454269785295,1.0564121113466571,6.080692518744649e-06,0.010352924891880581,0.0143588844513375,0.1388397216796875,0.014553920913676265,0.034440189447211354,5.0302639120337105,0
696.8936877076413,68.50328558368636,71.5031543390372,6.976744186046512,400.0,852.8571428571429,452.8571428571429,86.09634591090028,0.09829804286077082,-1.8211695669172447,6.7657541992032915,87,1.9066790989467075,0.017817532501352183,1.6979217529296875,2.0420074462890625,0.344085693359375,-0.09487087192239456,0.8808087598454657,1.2172282602423168e-06,0.0179871332077753,3.949103072678114,-11.407470703125,11.309814453125,22.71728515625,-0.06261628865496406,0.08105459721132524,9.349447786659372e-06,0.013168706621442523,0.017969651551299044,0.2363433837890625,0.01813312777799588,0.25462816588002163,6.035839180257339,0
709.0986394557824,61.27166313793253,62.05976005866816,5.952380952380952,401.4285714285714,810.0,408.5714285714286,84.61446216572729,0.08640781370692965,-2.8587787437401264,12.416240714437931,85,1.9279527391706195,0.013576058318971268,1.6971588134765625,2.0420074462890625,0.3448486328125,0.21019214820674717,7.0307305428157925,7.955716845392969e-07,0.0622359139578683,3.142934383208397,-6.46209716796875,7.54547119140625,14.007568359375,0.3064772394605243,-0.9670289513894392,-5.721834379251014e-06,0.013727082388741629,0.018251916509841606,0.2363433837890625,0.018415205954904448,0.1863597253306349,5.039267551632959,0
711.1224489795919,60.56186206244748,62.47910887632631,4.761904761904762,401.4285714285714,792.8571428571428,391.4285714285714,84.37365475678001,0.08516376068474461,-3.1206022620507285,13.438315251543397,85,1.9441776093982515,0.013252118156152952,1.6971588134765625,2.0664215087890625,0.3692626953125,0.21745944664547937,8.36530710441111,7.441881112356984e-07,0.0013253348214285715,2.941142207002917,-6.46209716796875,6.231689453125,12.69378662109375,0.28912545085236846,-1.021441329890337,-3.7952441410959193e-06,0.01366772678920201,0.017600072213210784,0.12409973144531249,0.01777002049387513,0.0667172631386354,1.3134200759746664,0
712.1088435374152,48.01829714356139,32.94159617107981,3.571428571428571,440.0,801.4285714285713,361.42857142857133,84.25678257546807,0.06743112036782119,-2.1066179776986185,10.242224306829023,85,1.9597293399629139,0.01295416071819153,1.767730712890625,2.0732879638671875,0.3055572509765625,0.344252121629768,5.784528759926932,7.16898838328652e-07,0.06933335803803943,2.7197400114001358,-5.23834228515625,6.048583984375,11.28692626953125,0.29571085414881476,-1.1710160116795503,-3.0772095212348476e-06,0.014583132062639509,0.01864605552171368,0.1149444580078125,0.018811547801150318,0.09417276231659773,0.9498249830984524,0
696.5780730897011,47.26716675605921,32.5513722711454,3.488372093023256,412.8571428571429,801.4285714285713,388.57142857142844,86.13535555873514,0.06785623691311976,-2.2875136404976306,13.130667382606028,87,1.975580170041039,0.013154046748005825,1.71966552734375,2.0877838134765625,0.3681182861328125,0.3106836723446375,7.068915221480857,7.047654737324164e-07,0.09157035464332217,4.2854804255728975,-15.51666259765625,15.13824462890625,30.6549072265625,-0.7058539110298139,3.4049987659851784,-6.107346958030324e-06,0.015221582685198102,0.0196463689233684,0.12249755859375001,0.019807888320378827,0.09514826385417796,1.187689024985203,0
696.4784053156146,72.30351102420326,77.84368860699227,8.13953488372093,424.2857142857143,867.1428571428571,442.85714285714283,86.14768174012593,0.10381299760677914,-1.2478132124814565,3.650694302578099,87,1.9903194427490234,0.01417982005988947,1.71966552734375,2.1183013916015625,0.3986358642578125,0.5594816859162667,5.7894221589599155,7.20242719005202e-07,0.04460630871000744,4.407021381140152,-15.51666259765625,15.13824462890625,30.6549072265625,-0.6234517821802646,2.8498271374217943,-2.285442687978946e-06,0.01883063725062779,0.02535522475218639,0.2545166015625,0.025484167875594117,0.08406699267816466,3.510929754446612,0
701.6302521008404,70.83523412351938,66.42582833923817,9.411764705882353,424.2857142857143,867.1428571428571,442.85714285714283,85.51512683546123,0.10095806717487252,-0.8907736126660226,2.0258271712757843,86,2.012390681675502,0.020108262587318494,1.82342529296875,2.1240234375,0.30059814453125,-0.10392665900485169,0.19470833607342986,1.425137015169225e-06,-0.2416355678013393,6.660927377720999,-19.44427490234375,24.041748046875,43.48602294921875,-0.16915465226599957,2.34438567739275,-4.321835818107086e-05,0.019867124285016743,0.026423143660765383,0.2545166015625,0.026555871354923755,0.03241482815013992,2.861382770934031,0
701.109243697479,78.01818253016638,78.40752849555545,10.588235294117647,405.71428571428567,825.7142857142858,420.0000000000001,85.5786748489788,0.11127821125095647,-1.6439755738753925,3.9693899001743818,86,2.038046945844378,0.01519095594193433,1.82342529296875,2.1511077880859375,0.3276824951171875,0.2117274011247037,2.627438257837407,9.839804659875178e-07,0.05189884730747768,6.623153625349172,-19.44427490234375,24.041748046875,43.48602294921875,-0.2865199778615339,2.504158530705551,-4.701016075641665e-06,0.01772377668108259,0.023234309449533176,0.1453399658203125,0.023386373079128026,-0.08598897866459836,1.41073188990317,0
710.9863945578231,68.78897470761846,71.84200488636814,9.523809523809524,405.71428571428567,825.7142857142858,420.0000000000001,84.38980050710424,0.09675146421106937,-1.9148834883852148,6.758144230430894,85,2.058567174275716,0.015120211292499141,1.937103271484375,2.16217041015625,0.225067138671875,0.2461350990511343,0.9461442848242623,9.800223333529594e-07,0.35076384771437874,2.6524396618141695,-5.80291748046875,6.817626953125,12.62054443359375,0.37433140532336795,-0.2984413319116297,-4.3523436879992994e-05,0.01733211953299386,0.022800677660344364,0.1453399658203125,0.022952043680127418,-0.10727288427057644,1.5117848786725157,0
699.4453781512605,59.7244951738947,64.79128485227433,7.0588235294117645,401.4285714285714,814.2857142857143,412.85714285714295,85.78225244491435,0.0853883620358684,-2.529074117318281,11.817852345934774,86,2.0767529987153552,0.013337817865375315,1.9866943359375,2.1942138671875,0.20751953125,0.383025861127146,2.615804579880744,7.82665079015066e-07,0.08112273443312872,2.751228092660945,-7.1014404296875,6.88018798828125,13.98162841796875,0.3185860674833729,-0.2239728230121365,1.386882466421859e-07,0.016385204860142298,0.021219178479785876,0.1251983642578125,0.021385883138376804,-0.04415905375577869,1.0097277213218634,0
696.295681063123,73.34711729780715,73.99003858847576,11.627906976744185,401.4285714285714,818.5714285714287,417.1428571428573,86.17028890426319,0.10533903813078202,-1.7980053338793716,6.078834781249059,87,2.0970663252330963,0.0179966807013123,1.99127197265625,2.2308349609375,0.23956298828125,0.5640285163479276,0.4726152073740053,1.108877284923072e-06,0.03881160191127232,3.0509977788424387,-7.1014404296875,8.07647705078125,15.17791748046875,0.3154936108359757,-0.3739859555113676,-2.897976262110766e-06,0.017394828796386718,0.023293775236777347,0.2509918212890625,0.023443000319412093,0.18726287944281408,4.18952996810843,0
674.301948051948,88.11715676966571,87.02918640828013,12.5,400.0,818.5714285714287,418.57142857142867,88.98090858752438,0.13067907785856966,-1.3046070503941445,2.6144512709728156,89,2.1142213003976003,0.01390490296718685,1.854705810546875,2.2308349609375,0.376129150390625,-0.13428184476202623,7.225236461757337,5.111911515224205e-07,0.04385949997674851,4.436588694816216,-14.31427001953125,18.16558837890625,32.4798583984375,0.0317154333781411,1.6599266418141232,2.4209057244869685e-06,0.017969466073172433,0.024272095581225585,0.2509918212890625,0.024406999566703586,0.3034258077631018,4.142602564194866,0
679.7402597402598,115.35569446530418,119.62889289386949,14.772727272727273,400.0,841.4285714285714,441.42857142857144,88.26901031715704,0.16970554974834584,-1.1386456940509249,0.4813264553320433,89,2.123780532110305,0.012008466417059025,1.854705810546875,2.236175537109375,0.3814697265625,0.13874948345500349,14.35114709556554,4.281946266237492e-07,0.0857483636765253,4.3665933633688905,-14.31427001953125,18.16558837890625,32.4798583984375,-0.054423201722209574,1.8731035274321393,1.4745489276512103e-06,0.01479671369280134,0.019796152993269808,0.2280120849609375,0.01996200366964749,0.3475682871458888,3.6827885230600677,0
721.4629948364889,103.25224743140849,109.92327293753652,12.048192771084338,407.14285714285717,841.4285714285714,434.2857142857143,83.16434859364935,0.1431150983077232,-2.0981782073953545,3.367598554136933,84,2.134677550906227,0.012219114508960368,2.0145416259765625,2.2418975830078125,0.22735595703125,0.4665260364185356,4.526755165146009,5.222162368604789e-07,0.03761778331938244,2.6680964473872044,-5.97991943359375,7.26470947265625,13.24462890625,0.14020084216924067,-0.505100701896076,-9.118162876425655e-07,0.012537628173828126,0.016443901495777364,0.2280120849609375,0.016648484701473426,0.09749979652699932,4.324346337050325,0
650.9782608695652,155.46919702042288,133.67433220807976,20.652173913043477,400.0,851.4285714285714,451.42857142857144,92.16897645683753,0.23882394599897988,-0.5672179611794791,-1.380265055250015,93,2.3934817541213262,0.011724294986141045,2.1274566650390625,2.5238037109375,0.3963470458984375,0.5756345861006562,15.733785339638715,5.688867036507172e-07,0.14328882126581102,2.0007243899118428,-4.74090576171875,6.01654052734375,10.7574462890625,0.044544883104808135,-0.18992077261825058,1.913567556484228e-05,0.006692681448800223,0.00950372751001575,0.0902252197265625,0.009844390974374492,-1.2817375214262927,7.495256044416564,2
652.7001569858713,133.19953021161948,121.57348962123612,21.978021978021978,400.0,830.0,430.0,91.92582437405295,0.20407461034899488,-0.6569445744161491,-0.9907762976898749,92,2.407186035882859,0.013978138020594652,2.2998809814453125,2.5333404541015625,0.23345947265625,0.9477144243611629,3.8997090232299216,7.987646951437969e-07,0.0094589596702939,3.218922428719883,-10.3240966796875,10.03875732421875,20.36285400390625,-0.2643547216160738,1.2856874671512495,2.3311986698553747e-07,0.008364955357142857,0.01426343244100408,0.24417114257812497,0.014485035227035873,0.08152209699908965,34.50197045903745,2
644.7772657450078,161.86529219226392,154.01575185346616,22.58064516129032,400.0,830.0,430.0,93.05539011316259,0.25104063184553616,-0.436556910251224,-1.556090100695573,94,2.42398320152646,0.014704042443669576,2.307891845703125,2.55126953125,0.243377685546875,0.14389965225462184,2.5971410994252295,8.775315151612135e-07,-0.07328676496233259,3.1167373791132635,-10.3240966796875,10.03875732421875,20.36285400390625,-0.2572095580377649,1.6605174979037374,1.5797926619909212e-05,0.008012290954589843,0.013863512718316151,0.24417114257812497,0.014099263006497572,0.17945260609062522,38.33462393743319,2
682.3809523809524,172.86381491373217,174.29415588727989,22.988505747126435,404.2857142857143,842.8571428571429,438.5714285714286,87.92742498255407,0.25332450196708833,-0.8480411378357396,-1.2263739895623242,88,2.4407813299269905,0.013238435107316012,2.2495269775390625,2.57415771484375,0.3246307373046875,0.7184557978569909,5.925281111108703,7.351425379580344e-07,0.060523550851004464,1.7243439521140689,-4.498291015625,4.254150390625,8.75244140625,0.11373576016014006,-0.6532601388297503,-5.395842803810928e-06,0.006389392307826451,0.009020665460935454,0.066558837890625,0.009386583959001353,-1.2439104435773287,6.734628480953944,2
692.9069767441861,140.3420541160355,142.03756498879858,19.767441860465116,405.71428571428567,835.7142857142858,430.0000000000001,86.59171001845947,0.20254097422351156,-1.1013111720439197,-0.30163198268204505,87,2.462009048461914,0.018119391586856704,2.2495269775390625,2.593231201171875,0.3437042236328125,0.22442330614291253,1.2601418511707179,1.262786149906848e-06,0.04344137282598586,2.854581086018918,-13.64898681640625,11.74163818359375,25.390625,-0.27883271276960386,6.248260513265292,-3.8124059640039202e-06,0.007188006809779576,0.01123698709198326,0.1614532470703125,0.011532890326224303,-0.3158159233038673,19.744674656758367,2
644.4099378881987,156.4193752329483,167.63235223825993,25.0,401.4285714285714,954.2857142857143,552.8571428571429,93.10843373493977,0.24273271722896078,-0.38830366616468276,-1.3396539192425874,93,2.4868159612019856,0.01651125740910094,2.371978759765625,2.610015869140625,0.238037109375,0.21916123507367666,1.64634719604285,1.1122137719514384e-06,0.08895056588309151,3.9447440193457264,-13.64898681640625,11.74163818359375,25.390625,-0.6669980969674579,2.8190375873266857,2.4686654187978723e-06,0.00718218994140625,0.011104645942645194,0.1614532470703125,0.011404692266211925,-0.2412821238842718,20.245319944946903,2
607.4927113702623,182.124198578357,189.15460766440046,27.55102040816326,401.4285714285714,954.2857142857143,552.8571428571429,98.76661707539473,0.29979651635252896,0.04476530083691119,-1.8348867695707785,99,2.5077104568481445,0.014841229518527186,2.40631103515625,2.62908935546875,0.2227783203125,0.2732262464572518,2.7466791728038533,9.530943512644483e-07,0.051957956949869794,3.1180636069902303,-12.95623779296875,10.66131591796875,23.6175537109375,-1.0394445388741682,5.477523292101759,-5.103834922997372e-06,0.006352939060756138,0.008718250141515161,0.0667877197265625,0.009097533298398493,-1.0875286125126997,5.443453382988849,2
673.0016051364365,167.4873382728262,150.1208542208082,15.730337078651685,402.85714285714283,832.8571428571429,430.00000000000006,89.15283342873498,0.24886617950765774,-0.8260296027486265,-1.2368879409291145,90,2.528811591012137,0.016233471144430557,2.40631103515625,2.6561737060546875,0.2498626708984375,0.3730032072197997,1.4816201729136038,1.1036792327643646e-06,0.03430967785063244,1.4556713436990307,-3.76739501953125,3.8970947265625,7.66448974609375,0.33778042965237287,-0.3039668016313444,3.990188283806614e-06,0.006323760986328125,0.008759497436591235,0.0667877197265625,0.009145027176310043,-1.1864666150599366,5.959243786170822,2
746.3214285714287,97.72795826441178,122.88636685100732,15.0,408.5714285714286,935.7142857142857,527.1428571428571,80.39431497344115,0.1309462043070072,-2.069612834518653,4.474963309165071,81,2.552731495811826,0.016910857863827008,2.3815155029296875,2.6752471923828125,0.293731689453125,0.08879155240377065,1.404215530002995,1.1668923845534347e-06,0.06484338669549851,3.195606033307311,-13.69171142578125,11.6607666015625,25.35247802734375,-1.281798209062292,6.221741171501197,-3.019541735888807e-06,0.006273416791643415,0.008649080158447606,0.0674285888671875,0.009050083968917204,-1.1522993256438878,5.831736277744156,2
718.8296041308089,111.28264962744599,136.4740333251197,21.686746987951807,400.0,935.7142857142857,535.7142857142857,83.4690163777416,0.15481088840519616,-1.4259209295291548,1.8117347735722547,84,2.575466719127837,0.01513715067018657,2.3815155029296875,2.736663818359375,0.3551483154296875,0.33552216552811803,4.077427281903276,9.806872954521504e-07,0.04593385968889509,3.365634032182863,-13.69171142578125,11.6607666015625,25.35247802734375,-1.0655133299390847,4.675044086200335,1.465863214031818e-06,0.006876255580357143,0.010311095903052792,0.18768310546875,0.010654773596597425,-0.6201364119778751,15.65616802548135,2
647.4378881987578,171.48556739407152,180.54178263484587,28.26086956521739,400.0,860.0,460.0,92.67298237198703,0.2648679827360164,-0.43484831690143916,-1.563949010009628,93,2.5955354145595004,0.015109792114955705,2.3998260498046875,2.736663818359375,0.3368377685546875,0.3451850730771555,3.607705884531746,9.78652674300366e-07,0.06674292428152902,1.7051482541725393,-5.0262451171875,5.91583251953125,10.94207763671875,0.2773064696936673,1.0857015996107648,9.963078040162904e-07,0.0068102427891322545,0.010299153761488355,0.18768310546875,0.01063675592003696,-0.667074172091655,15.876553390193504,2
641.9047619047619,51.75495228428249,32.452613737888434,11.827956989247312,480.0,764.2857142857142,284.2857142857142,93.47181008902076,0.08062715118471307,-0.015376958046132835,0.03371181139965351,94,3.2841644105457126,0.032973649518990164,3.151702880859375,3.453826904296875,0.3021240234375,0.4331308232500369,-0.8322209094138477,1.9714888243736434e-06,0.2978964306059338,6.667514392673348,-12.945556640625,20.60394287109375,33.54949951171875,0.6091481152684762,0.2933040615545863,7.603527212607128e-05,0.012948956080845423,0.018857648616257952,0.3003387451171875,0.019063234689601388,0.36229048480834053,13.34778422086605,1
651.3509316770186,52.47146692855265,47.41915134080359,13.043478260869565,468.57142857142856,764.2857142857142,295.71428571428567,92.1162419243331,0.08055790569525331,-0.22543391597048054,0.6172925547849872,93,3.301758466448103,0.021052158619843445,3.1810760498046875,3.453826904296875,0.2727508544921875,0.4432085203560277,1.785903931999508,-7.87019880324961e-07,-0.08378528413318452,7.173187023786723,-12.945556640625,24.15313720703125,37.09869384765625,0.8300750865068306,0.8227531967208241,8.750257330325996e-06,0.010986804417201452,0.014900076219365536,0.1297760009765625,0.015160723416439429,-0.044347281284301446,3.3608979770028293,1
673.1300160513642,51.210916453192816,42.403442643869695,15.730337078651685,437.14285714285717,760.0,322.85714285714283,89.13582602060283,0.07607878898879038,-1.1895641644141195,3.5266855914143562,90,3.2999011085146948,0.015309358519118087,2.9941558837890625,3.4358978271484375,0.441741943359375,0.0755617951387406,6.629849259684493,6.80440110498971e-07,-0.6402858915783111,7.384103719633278,-14.0533447265625,27.73284912109375,41.78619384765625,1.2593608440616657,1.9878346551558357,9.32748514573811e-06,0.01281832994733538,0.016884749806315925,0.1290435791015625,0.017104532892263446,-0.010553536217959047,1.8168149860596623,1
678.87987012987,37.34736957381765,34.88965884940976,15.909090909090908,594.2857142857143,762.8571428571429,168.57142857142856,88.38087950453145,0.055013222835246366,-0.18719127968818572,-0.5092146113387952,89,3.3155260994320823,0.015144424349645746,2.9941558837890625,3.45001220703125,0.4558563232421875,-0.03317620956500861,7.855318808660966,8.723938049763149e-07,-0.14695539928617932,7.378533871969871,-16.4764404296875,27.73284912109375,44.20928955078125,0.796529405233232,1.364433671832792,-4.14735811381513e-05,0.014239291599818639,0.01877562077897726,0.1791229248046875,0.018964066646042062,0.08214675516599589,2.446690412811547,1
693.9368770764121,72.04581679349896,70.62115078909089,17.441860465116278,400.0,835.7142857142858,435.7142857142858,86.46319569120286,0.10382185926914748,-1.2122127579574753,4.470933499642238,87,3.3413717269897463,0.026974023079512393,3.171539306640625,3.4759521484375,0.304412841796875,0.8898220609587308,0.9058514935822917,1.8940780425793597e-06,0.14591075352260044,6.681583164139116,-16.4764404296875,21.5423583984375,38.018798828125,0.35745042383046804,0.6129974569354442,-8.000411591945607e-05,0.012647699628557477,0.0170708591968009,0.1791229248046875,0.017275353524329885,0.06255008751392518,3.4788425289706373,1
695.3986710963454,75.2188394575445,69.46528752166934,18.6046511627907,400.0,835.7142857142858,435.7142857142858,86.28144184602155,0.10816649870635596,-1.1372550159371326,3.1110609397721634,87,3.3714502697899227,0.026834881117371638,3.2436370849609375,3.5114288330078125,0.267791748046875,1.1229602019705012,3.0807189385913762,9.322591792772455e-07,0.09875993274507068,6.08301440904807,-15.69061279296875,24.2340087890625,39.92462158203125,0.9784936664679786,1.9128494955550552,-5.982597539170213e-05,0.012553019932338169,0.01719491185138693,0.146942138671875,0.017402265350363363,-0.03139148205956122,3.4671478281264347,1
667.8491171749598,68.58985961352157,59.55403994247063,19.101123595505616,400.0,767.1428571428571,367.1428571428571,89.84065181339679,0.10270262825780263,-2.1796885174971727,6.340480017973881,90,3.378827594575428,0.019216176524258447,3.267669677734375,3.5114288330078125,0.2437591552734375,2.7047849371300927,11.574416417033879,-5.745921468453475e-07,0.6504332769484747,6.988045457578868,-14.67742919921875,28.36151123046875,43.0389404296875,0.9708016092889613,1.9581139623989179,2.673885766776855e-05,0.013628331865583147,0.018750399139528817,0.2206878662109375,0.018941542374687453,0.05872961689291163,4.578350502831363,1
663.1587301587302,83.88727303935526,83.54312810525803,24.444444444444443,400.0,837.1428571428572,437.1428571428572,90.47607649776202,0.1264965222116226,-1.5018215011165188,2.905267274050477,91,3.39416629246303,0.04533479679938016,3.1002044677734375,3.70941162109375,0.6092071533203125,3.9563195629007466,19.550524321466266,1.7174299681737355e-06,0.21728704543340774,8.582901417102802,-15.46783447265625,28.7506103515625,44.21844482421875,1.0466695208048618,1.5171131581572972,-2.7800851086212378e-05,0.014406624930245535,0.019977373906525434,0.2206878662109375,0.020161035683854626,0.09329695881245738,4.4926273544979685,1
683.1855500821018,95.38634630876598,105.32837886533532,26.436781609195403,400.0,837.1428571428572,437.1428571428572,87.82387155698697,0.1396199704418557,-1.3396833040431404,2.0162542750332637,88,3.412996446518671,0.04071825039176904,3.1002044677734375,3.70941162109375,0.6092071533203125,4.167992954379268,22.609632714547203,3.0896593614345183e-07,-0.28011398315429686,8.037845038701162,-15.46783447265625,28.7506103515625,44.21844482421875,0.9403324194074225,1.654812784003453,5.6372725039064196e-05,0.013554325648716517,0.018582727560687625,0.1687774658203125,0.018786684998584432,0.030907322677956425,3.7763783381520257,1
692.3255813953489,80.27570151666555,86.91815636771493,19.767441860465116,400.0,817.1428571428572,417.1428571428572,86.66442727578098,0.11595079493505604,-1.7557255096779647,4.628078946287259,87,3.412094906398228,0.009910238717862837,3.2451629638671875,3.53546142578125,0.2902984619140625,0.8590549276343614,17.540126003669812,9.879718402441438e-08,0.46354003179640996,7.257747550266881,-15.32440185546875,24.76043701171875,40.0848388671875,0.709626982426809,0.4824016169701273,4.582840439886207e-05,0.01262578364780971,0.017021577709169015,0.15875244140625,0.017244137820141347,-0.0771526472026757,2.9287602769354395,1
662.6190476190477,121.15286159648014,98.17282796387305,18.88888888888889,407.14285714285717,832.8571428571429,425.7142857142857,90.54976643909448,0.1828393886831536,-0.9245686718545173,-0.30264423414960584,91,3.420225679306757,0.012831179808584942,3.2749176025390625,3.54766845703125,0.2727508544921875,0.15119153372507624,5.415030932401839,7.031337878264602e-07,0.0008334568568638393,6.214365689183369,-9.85870361328125,24.76043701171875,34.619140625,1.4205980633726452,2.471358810869254,8.030276572155502e-07,0.010728324890136719,0.015346211720611461,0.15875244140625,0.015589088516500984,-0.17724861573191622,4.827173991571154,1
663.8683788121989,155.80124837598183,146.87578208057676,29.213483146067414,400.0,834.2857142857143,434.28571428571433,90.37936120312389,0.23468695504784134,-0.7313203057802904,-1.2170771080724567,90,3.435296912420364,0.01150850787704022,3.2749176025390625,3.5518646240234375,0.276947021484375,0.19016815435342196,9.64954728075974,6.112479421586675e-07,-0.3333240690685454,2.8310150489929695,-9.44366455078125,8.30230712890625,17.7459716796875,0.05470675505099626,1.3497248353291749,5.336717811263466e-05,0.007085016523088727,0.009766005699495465,0.0777740478515625,0.010150250372163714,-1.0330837532814912,5.665085425976345,1
679.0259740259739,107.34926988407963,115.62434421392541,23.863636363636363,400.0,834.2857142857143,434.28571428571433,88.36186286697907,0.15809302440612283,-1.188678503161762,1.1142687462658047,89,3.445291065034412,0.009500085074290582,3.316497802734375,3.57513427734375,0.258636474609375,0.9185983576615129,22.401354151839406,3.052466325357475e-07,0.09676328386579242,3.0169847363127174,-9.20867919921875,8.16192626953125,17.37060546875,-0.18306666018709933,0.6426258136477894,2.663175017442756e-06,0.007031067984444754,0.009777612431354426,0.0714569091796875,0.010166210608597168,-1.136661626881679,5.839146436057794,1
665.521669341894,47.84998677301067,35.42414614172273,16.853932584269664,575.7142857142858,804.2857142857142,228.57142857142844,90.1548405769138,0.07189846548547019,0.6715226339591508,0.17371551559046017,90,3.456142943246024,0.012608387082180287,3.34625244140625,3.5785675048828125,0.2323150634765625,0.7648481481388574,6.326472492267548,7.03184104202382e-07,0.013082849411737351,4.942330749151801,-12.72430419921875,17.88787841796875,30.6121826171875,0.2322226327263552,1.0202083485586169,-6.308890873018577e-06,0.0072854210989815845,0.010140334234348947,0.1221771240234375,0.01052673400936917,-0.8957634448268986,6.199161071500086,1
687.5697865353038,80.11870004122032,77.19298236152143,20.689655172413794,402.85714285714283,804.2857142857142,401.4285714285714,87.26386931913166,0.11652446284026263,-1.1947809344917657,2.636175542534061,88,3.4736963181268603,0.014222967754734108,3.29437255859375,3.6083221435546875,0.3139495849609375,0.12976408978645773,4.594161437983727,9.145791462732956e-07,-0.06665881928943453,4.826987127302874,-12.72430419921875,17.88787841796875,30.6121826171875,0.46861770221671695,1.2559703339794934,-8.340133461399003e-06,0.007010076250348773,0.009762118369408131,0.1221771240234375,0.010174850235320405,-0.9414039551455824,6.762471347488207,1
717.9001721170397,70.58306375176741,71.23947094139564,16.867469879518072,402.85714285714283,812.8571428571429,410.00000000000006,83.57707983696955,0.0983187725719896,-2.104686563280458,6.867135478605411,84,3.4903010141281854,0.014084622047191542,3.29437255859375,3.62091064453125,0.3265380859375,1.2579168083109187,6.624546687098038,4.128941406687475e-07,0.18082903907412573,4.34996330230307,-10.4705810546875,14.48822021484375,24.95880126953125,0.6767248672354074,0.7287381895857972,6.748413321956727e-06,0.007574329921177455,0.010783484593450578,0.1582489013671875,0.011157264611029373,-0.6214446534777005,12.181069804017117,1
725.7491289198606,57.67262080166124,44.78807070414898,13.414634146341465,474.28571428571433,815.7142857142858,341.42857142857144,82.67319602477316,0.07946633141330249,-1.221085952009129,2.772184371940841,83,3.490455772763207,0.013813016836560369,3.3054351806640625,3.62091064453125,0.3154754638671875,1.37340784794593,5.516551837555671,-6.021539144093577e-07,0.05361517043340774,4.8960106026164185,-10.4705810546875,14.48822021484375,24.95880126953125,0.5519237194009188,-0.13687095594873933,-2.499084424421345e-05,0.008055119105747768,0.011194020708591396,0.1582489013671875,0.011553167053288127,-0.5565062362552405,10.385358147007906,1
733.8624338624338,55.492228961852575,50.49247266591691,18.51851851851852,468.57142857142856,815.7142857142858,347.1428571428572,81.75919250180246,0.07561666383410337,-1.446691584102786,4.447739408551994,82,3.4878683816818965,0.010006582559000724,3.3786773681640625,3.6144256591796875,0.235748291015625,1.118988197432883,13.422567289015543,3.7349527220787036e-07,-0.03216679890950521,4.920582162481809,-9.24224853515625,12.26348876953125,21.5057373046875,0.3850137071270297,-0.6972495815867705,1.1755553983080836e-05,0.007626142229352678,0.010210932999852283,0.0693511962890625,0.01060294158643383,-0.9056110401390838,4.1529669891869325,1
708.078231292517,81.57448856133689,92.04717576874754,23.809523809523807,408.5714285714286,817.1428571428572,408.5714285714286,84.73639966374445,0.11520547441831655,-1.9924576417631517,4.926629016069423,85,3.5064488365536643,0.01847027206129456,3.3786773681640625,3.64227294921875,0.2635955810546875,0.24902851245935992,0.22802658879578352,1.3068449105029027e-06,0.11824711390904018,5.762629062483122,-18.26934814453125,14.50042724609375,32.769775390625,-0.06483255802578554,0.462296502309679,-1.396837858763939e-05,0.00821038055419922,0.01133140180611618,0.24961853027343753,0.011689996190726816,-1.088411237661782,21.301604812530364,1
725.2787456445992,90.89475286712113,92.4888912861316,23.170731707317074,408.5714285714286,860.0,451.4285714285714,82.72681415291491,0.12532388879855766,-1.7223656658702713,3.7795145692584216,83,3.53156616574242,0.015264168510914326,3.4091949462890625,3.644561767578125,0.2353668212890625,-0.2940388714238649,2.241459687685195,9.842830740773373e-07,-0.1986811319986979,6.275372536610127,-18.26934814453125,18.756103515625,37.02545166015625,0.2719898026418698,0.7471421472451136,-3.48749366735526e-05,0.008777876717703683,0.011896175339238658,0.24961853027343753,0.012245002060808455,-0.9335391797321091,17.493595102827786,1
723.8501742160279,102.40091643452062,108.46462768946176,28.04878048780488,400.0,860.0,460.0,82.89008159041133,0.14146700530317177,-1.7746331181706325,2.9410169074010923,83,3.546734973362514,0.010783815761850342,3.3168792724609375,3.6525726318359375,0.335693359375,0.12232730092342588,14.825570698800853,5.089682295238288e-07,0.059199015299479164,5.808963517914442,-11.82098388671875,18.756103515625,30.57708740234375,0.6112785924921917,0.4225988675832135,-3.6066444279016715e-06,0.008716344560895647,0.01138027350738666,0.0772247314453125,0.011755778019580148,-0.6432242614116913,2.711615515570845,1
712.874149659864,86.0250867560773,90.04602271088204,29.761904761904763,400.0,820.0,420.0,84.1663286971873,0.12067359546860093,-1.8437870404304448,3.8592701967830116,85,3.5580216725667317,0.011586442721080153,3.3168792724609375,3.6773681640625,0.3604888916015625,0.17293129966174953,12.584396586434725,6.353937986769514e-07,0.21185095650809152,5.217507198702927,-9.81292724609375,13.97552490234375,23.7884521484375,0.5891995242141528,-0.3436022327792334,-4.716827945065231e-05,0.008651350838797433,0.011320026587276242,0.0772247314453125,0.011705372504090742,-0.6753174465644268,2.899028711344685,1
861.3043478260869,122.09904754276717,98.43508412306318,33.33333333333333,400.0,1082.857142857143,682.8571428571429,69.66178697627461,0.14176063066550454,-0.9235634587274639,2.0418078914741704,70,0.9744066329229446,0.013230368892981731,0.7183074951171875,1.08795166015625,0.3696441650390625,1.100960671468601,9.816280775897958,-1.110286801630061e-07,-0.00566010248093378,3.375910388187157,-7.635498046875,9.04693603515625,16.68243408203125,0.29538517192525227,-0.46642710182330926,-9.103798703064692e-06,0.009408240182059152,0.011979987461476247,0.09429931640625,0.012235177774268241,-0.21793720164763938,1.2476161951159757,0
928.5044642857143,119.4498522370702,111.78036217654135,48.4375,400.0,1082.857142857143,682.8571428571429,64.62004471476308,0.12864757987885533,-2.1221230144785843,6.29687397286704,65,0.9697241646902902,0.013771212586700691,0.68511962890625,1.128387451171875,0.443267822265625,0.7923213718671689,12.919207355758076,-3.463147900921916e-07,0.060135904947916666,3.153880791309042,-6.91070556640625,7.89031982421875,14.801025390625,0.4124440426467074,-0.7092928393268476,-1.2175907551680145e-05,0.009399685450962612,0.011980668457774776,0.09429931640625,0.012230395138610569,-0.11097523448521433,1.4021985587057353,0
968.0327868852459,72.08418739613519,72.28133809452265,52.459016393442624,795.7142857142857,1088.5714285714284,292.8571428571428,61.98137171888231,0.0744646135675571,-0.2637249598926854,-0.722190612465345,62,0.9629549843924387,0.013585279519558395,0.68511962890625,1.128387451171875,0.443267822265625,1.0233844948224926,9.715875620457863,-3.174595443206411e-07,0.11988060360863095,2.844638233540326,-4.3121337890625,6.90765380859375,11.21978759765625,0.5111048368651803,-0.9304383258069402,-7.587795997870364e-06,0.008958861214773996,0.01129385295478787,0.0757598876953125,0.011567300885674153,-0.04498630174228951,1.0462816897340632,0
973.7704918032786,82.81717229672545,68.69581971458308,52.459016393442624,750.0,1088.5714285714284,338.57142857142844,61.61616161616163,0.08504793788047564,-0.6932058549721735,-0.1962125374167618,62,0.9564260119483584,0.013386892137906592,0.7720947265625,1.080322265625,0.3082275390625,1.2138745348128965,5.431594202729931,-2.996593147409219e-07,0.05343569800967262,3.550357739180287,-11.62567138671875,9.75799560546875,21.3836669921875,-0.017812325990032973,0.845122834459481,-8.646764739514135e-06,0.008001337323869978,0.009886565866129874,0.05218505859375,0.010213716030552447,-0.18497503437702426,0.25976869481674303,0
924.0401785714287,108.43375748923127,63.21353305469393,46.875,702.8571428571429,1085.7142857142856,382.85714285714266,64.93224146677295,0.11734744874067107,-0.3725638766008735,-1.001789791054889,65,0.9524591990879604,0.01306292697516472,0.6649017333984375,1.053619384765625,0.3887176513671875,1.1066912114867238,10.609764160878754,-8.252100450266357e-08,0.023248182024274554,3.6971486105176266,-11.62567138671875,9.75799560546875,21.3836669921875,-0.05866975576425185,0.6085881547157133,-1.7392267060940993e-06,0.007923782348632813,0.00980917667092152,0.06138610839843749,0.010143683758179839,-0.20294001981894325,0.40919996872775455,0
886.2686567164178,104.14438395489182,58.39642316712271,47.76119402985074,702.8571428571429,1084.2857142857142,381.42857142857133,67.6995621421354,0.1175088198884768,0.16063808613803368,-0.929528834809827,68,0.9482111612955729,0.013806801175834821,0.6374359130859375,1.0585784912109375,0.421142578125,0.6761277397577832,16.003539906575824,-2.653458101561188e-07,0.062155986967540926,3.0231209710351035,-7.58056640625,8.038330078125,15.618896484375,0.21318280739359166,-0.6642849634105601,-8.090810384415687e-06,0.008357391357421876,0.01038810400047572,0.0818023681640625,0.010700132041152926,-0.1660905600043472,0.6285784127793224,0
883.6673773987206,143.51792251665512,142.94726594469617,47.76119402985074,437.14285714285717,1111.4285714285713,674.2857142857142,67.89885146221407,0.1624117017187319,-0.9460194596768196,1.4445669521279374,68,0.9518078304472424,0.01592833543144328,0.6374359130859375,1.0921478271484375,0.4547119140625,0.71223421984623,6.954643532062805,7.002195227860686e-07,0.04444590977260045,3.3009645622454507,-7.67974853515625,10.00213623046875,17.681884765625,0.2733373382033941,-0.28046016265568996,-5.43110722651051e-06,0.008645983014787946,0.01077912577273467,0.0818023681640625,0.011078018674027,-0.14027816347131214,0.7411217685918357,0
894.9466950959488,140.58216896021653,151.73333702869223,44.776119402985074,437.14285714285717,1111.4285714285713,674.2857142857142,67.04309913515831,0.15708440483725622,-1.6398568704649297,3.124158567060345,68,0.967050906590053,0.01630132502843569,0.8464813232421875,1.0921478271484375,0.24566650390625,0.6412285907778054,2.2027038797339813,6.586695644540669e-07,0.09593149820963541,3.2827781393551714,-7.67974853515625,10.00213623046875,17.681884765625,0.2844472431348692,-0.22464997263650766,-1.7158000302071722e-07,0.008531064714704242,0.010639590884751311,0.0711822509765625,0.010941767085237397,-0.13220184632840518,0.7058446073570228,0
943.4467120181407,65.36218146972331,63.7938169906845,33.33333333333333,762.8571428571429,1112.8571428571427,349.9999999999998,63.596596644714694,0.06928020484581064,-0.25571206103326755,0.04984352471982678,64,0.9722571327572778,0.013624816845166705,0.8052825927734375,1.0906219482421875,0.28533935546875,1.2801669850005581,5.15299630785921,-2.1878962160009327e-07,0.08159183320545015,2.670045948775956,-5.63812255859375,6.77032470703125,12.408447265625,0.40984376553956564,-0.95880174970037,-2.182545603292429e-06,0.008146324157714845,0.010071741922476757,0.0711822509765625,0.010395487264135361,-0.1465102565879673,0.40461372488806857,0
939.0476190476192,69.28296742807555,57.124420989080676,36.507936507936506,782.8571428571428,1112.8571428571427,329.9999999999999,63.894523326572,0.07378003630778836,-0.10017238361599122,-0.6295191121842412,64,0.9712012518019904,0.013129264899378042,0.8052825927734375,1.0833740234375,0.2780914306640625,1.3334630007790855,5.701049667645858,1.618229975380729e-07,0.018214852469308037,2.497935011849032,-4.26483154296875,5.32073974609375,9.5855712890625,0.47901993345260657,-1.1301486065191535,2.86320308777179e-06,0.008206621442522322,0.010118898245504278,0.0553436279296875,0.010459807357068642,-0.1613643381914063,0.2532708315616463,0
940.9297052154195,79.48903827798829,58.84671734429044,41.269841269841265,782.8571428571428,1130.0,347.1428571428572,63.76671888179298,0.08447925263427601,0.263041542355565,-0.5936728312300623,64,0.9744576408749535,0.013026619297317122,0.867462158203125,1.1089324951171875,0.2414703369140625,1.4524689973718519,5.107422704343998,1.2718540596772145e-07,0.021620069231305803,2.72381618433585,-6.03179931640625,6.89849853515625,12.9302978515625,0.4172327331374159,-0.8669318857368631,-1.0222657851122111e-06,0.008183734348842077,0.01015979481260393,0.0579986572265625,0.010497014627844723,-0.1863231680837342,0.4138738146735905,0
954.1244239631337,74.836272831544,62.430690910918024,45.16129032258064,808.5714285714286,1130.0,321.42857142857144,62.8848800985293,0.0784345007338745,0.30183463606944355,-0.4593543405402878,63,0.9741658528645833,0.01325053905271695,0.8777618408203125,1.1089324951171875,0.231170654296875,1.4218820737297801,5.002039813123719,-1.3693104836053284e-07,0.0893982660202753,2.7447181633169673,-6.03179931640625,6.89849853515625,12.9302978515625,0.30841060632797895,-0.9585386190743512,4.391786205234605e-06,0.00807966831752232,0.010014434934607274,0.0579986572265625,0.010352334319244285,-0.2130862408229072,0.3578656738000894,0
925.7142857142857,63.21025007295662,57.36069589105919,45.3125,724.2857142857143,1081.4285714285713,357.142857142857,64.81481481481482,0.06828267754794697,-0.47678182794822743,0.9099761226846459,65,0.9732704253423782,0.013182192553775642,0.8625030517578125,1.0997772216796875,0.237274169921875,1.4621130806472362,5.698078420819844,9.229718430731271e-08,-0.08670741489955357,3.0404211928580884,-11.64703369140625,8.23211669921875,19.879150390625,-0.29891658739431765,1.02099447407985,-2.4877989725191172e-05,0.008150554112025669,0.010077196402087334,0.0809783935546875,0.010417563055168885,-0.22017891086316427,0.35111354374023174,0
896.8614718614718,78.29357391620356,50.29145821340607,39.39393939393939,724.2857142857143,1030.0,305.71428571428567,66.89996379872089,0.08729728767777493,-0.3894693244238778,-0.7954140942830947,67,0.9791516531081427,0.013946021406898717,0.81329345703125,1.111602783203125,0.298309326171875,1.1409413962637132,5.169346583941113,3.9440492884686e-07,-0.011581021263485864,2.8811474195413656,-11.64703369140625,8.23211669921875,19.879150390625,-0.3800588042110699,1.9004562492893937,1.5449962844685114e-06,0.008554527282714844,0.010967112116622296,0.1250152587890625,0.011273751153953748,-0.3382974069603325,3.641284753996893,0
857.7846790890269,74.51610087141714,44.79578847465491,28.985507246376812,727.1428571428571,1030.0,302.8571428571429,69.94762375998648,0.08687040313025145,0.443191069802583,-0.6825544120690452,70,0.9842349915277391,0.012884786292942105,0.7961273193359375,1.111602783203125,0.3154754638671875,1.3060412576396276,7.524348888246941,3.9195582384620186e-08,0.3690598624093192,2.727225314254728,-6.18438720703125,8.26568603515625,14.4500732421875,0.4285271212700549,-0.6456625039035218,5.704257543230829e-07,0.009178863525390626,0.01182597762582983,0.1250152587890625,0.012120881564597076,-0.2810551542187195,3.2726575375878575,0
832.4206349206348,68.56879909347025,55.9395435991898,19.444444444444446,572.8571428571429,958.5714285714286,385.71428571428567,72.07894360490062,0.08237277671523337,-0.6009687365412142,1.1765178650638202,73,0.9852774211338589,0.012838592397806152,0.7961273193359375,1.111602783203125,0.3154754638671875,1.3435632810927962,6.445187685547385,8.256289666290572e-08,0.0652389163062686,3.1267103412584745,-11.09161376953125,8.26568603515625,19.3572998046875,-0.16904851492592088,0.5430429991607597,-5.065254554246461e-06,0.00898480442592076,0.011268320327456702,0.1010284423828125,0.011589592216289432,-0.17555346471498195,1.1367025431228637,0
837.8672032193158,83.96260861742485,53.60067229028799,19.718309859154928,515.7142857142857,1050.0,534.2857142857143,71.6103933528649,0.10020992383377396,-0.3352242436055293,1.8767919509448774,72,0.9858047122047061,0.012761088976553508,0.7617950439453125,1.111602783203125,0.3498077392578125,1.288190898850481,7.607854368197168,-1.894819206958348e-08,-0.16090440295991443,3.1213527411966075,-11.09161376953125,6.17828369140625,17.2698974609375,-0.44599572961569683,0.5194086496687134,1.7746360482531496e-05,0.008506895882742746,0.010569788186693302,0.069305419921875,0.010907798770542071,-0.1853891970658527,0.6036304700314079,0
888.3368869936033,113.91613938223587,102.116289342911,38.80597014925373,420.0,1087.142857142857,667.1428571428571,67.54194369104482,0.1282352911942698,-0.8761635737820749,2.4590916810144003,68,0.985141100202288,0.012797062231721817,0.7617950439453125,1.1077880859375,0.3459930419921875,1.3145214130434881,7.632019596678271,-3.579519723062335e-08,0.03386760893322173,2.9433588321972715,-8.2763671875,6.17828369140625,14.45465087890625,-0.00953725716436808,-0.7228767969229986,-5.020228064701142e-06,0.008079493931361608,0.010001123297049552,0.069305419921875,0.010357266874479975,-0.16915049138616453,0.593510032318485,0
957.741935483871,129.48562551273307,145.58392938490454,61.29032258064516,420.0,1127.1428571428573,707.1428571428573,62.64735601212529,0.1351988679991487,-2.360948396606999,7.021579651893958,63,0.9834377379644484,0.01300817237589684,0.7938385009765625,1.1077880859375,0.3139495849609375,1.3461387027227065,6.448278245368403,-1.370289014931956e-07,0.051703026181175595,2.695848964142413,-4.33807373046875,5.267333984375,9.60540771484375,0.3547093543453529,-1.267453108999769,-1.1647421795447772e-05,0.007615018572126116,0.009340823669978925,0.050811767578125,0.00972119225785951,-0.16644790416988284,0.24196876775893417,0
973.0679156908666,133.2755959686588,156.23133902171165,59.01639344262295,412.8571428571429,1127.1428571428573,714.2857142857144,61.66064981949458,0.13696433087513188,-2.6224078019324377,7.64328231491867,62,0.9798877897716703,0.013117071362902582,0.7938385009765625,1.11236572265625,0.3185272216796875,1.2890307194288122,6.460601968780486,-1.8335762398856368e-07,0.08960960024879092,2.6862671432875214,-4.08172607421875,5.267333984375,9.34906005859375,0.38305583085231293,-1.3218171983822398,-1.3676205430587154e-06,0.007690569196428572,0.009493116290134633,0.059600830078125,0.009872118679665231,-0.16102393236931098,0.5332973411941646,0
931.5401785714286,120.47241848354432,113.79671461802191,51.5625,412.8571428571429,1115.7142857142856,702.8571428571427,64.40946013945799,0.12932605727033247,-1.4505455572121078,3.542412397065535,65,0.9755825133550735,0.01301349397425214,0.8197784423828125,1.11236572265625,0.2925872802734375,1.3688251225301733,5.465289230047276,-2.0195338501926725e-07,0.048560660226004464,2.856963424535052,-6.0455322265625,6.3262939453125,12.371826171875,0.2673601092085074,-1.17616780509228,-1.288656006169759e-05,0.007802997044154576,0.009666550044517247,0.0801544189453125,0.010043670471345889,-0.11111135660046734,0.7446220070879113,0
881.2366737739873,87.99070075280527,61.236486146916704,46.26865671641791,720.0,1115.7142857142856,395.71428571428555,68.08613597870796,0.09984911360528834,0.28414694793471695,-0.5328719263929771,68,0.9709459032331195,0.013114618234180296,0.81329345703125,1.076507568359375,0.263214111328125,1.321121948317557,5.367362162245438,-1.8786015695751934e-07,-0.04203011648995536,3.9969528057537937,-14.178466796875,12.38861083984375,26.56707763671875,-0.05191023275572309,1.3679522052591437,-9.512138955355943e-06,0.007883575439453125,0.009806249220514618,0.0801544189453125,0.010175760569275556,-0.08438058128105555,0.7798248594189392,0
864.264705882353,65.50683946909987,47.65886750163318,32.35294117647059,720.0,1014.2857142857142,294.2857142857142,69.42317508933128,0.07579487976686729,0.06713859558396548,-0.5491627815919875,69,0.9733297529674712,0.013916717192750463,0.81329345703125,1.0852813720703125,0.2719879150390625,1.1018737639558507,4.431061419134791,3.7569059600853226e-07,0.049634515671502975,3.7031013832993342,-14.178466796875,12.38861083984375,26.56707763671875,-0.14731448279027565,2.661688669334394,-1.2063410302350458e-05,0.008059749058314733,0.01000679375558043,0.0725555419921875,0.010375073101877002,-0.14032773887982627,0.6174451299532437,0
903.5714285714286,97.64963621698031,61.6275846003514,33.33333333333333,694.2857142857143,1114.2857142857142,419.9999999999999,66.40316205533597,0.1080707436393458,-0.019742874740828954,-0.7879227261799446,67,0.9736527579171317,0.01411766187646819,0.8563995361328125,1.0852813720703125,0.2288818359375,1.0452071279402197,3.9594476992029426,-3.895054759783434e-07,0.062143561953590026,2.415098882385873,-5.5938720703125,8.013916015625,13.6077880859375,0.4773436011071495,-0.3286055597778028,-1.9413302832518985e-05,0.008082994733537947,0.010088920322813454,0.0725555419921875,0.010454869283178618,-0.20901813611754316,0.6895577173563252,0
958.1797235023042,81.5260025704545,56.022088555817916,38.70967741935484,715.7142857142858,1114.2857142857142,398.57142857142844,62.618732716123596,0.08508424940622158,-0.7560296442858739,0.583451456597659,63,0.9660968689691453,0.01365267544774444,0.8235931396484375,1.076507568359375,0.2529144287109375,1.2094605767496756,5.093033614905348,-2.802025577846738e-07,0.11512204124813988,2.5790867086376656,-5.181884765625,8.013916015625,13.19580078125,0.5570341033638485,-0.520481475998134,-3.1540644783127992e-06,0.00810638645717076,0.010222411642684757,0.069488525390625,0.010568815761314479,-0.20981492523337436,1.0980981606170586,0
925.5133928571429,72.90083913194402,48.506025059988,32.8125,762.8571428571429,1097.142857142857,334.2857142857142,64.82888358295348,0.0787680002197403,-0.2189494282248547,-0.3780181953794788,65,0.9638471512567429,0.01308679379899365,0.8235931396484375,1.0852813720703125,0.261688232421875,1.4174594517366448,6.199501116045685,8.572043364124018e-08,0.1067061288016183,2.773408863204573,-6.280517578125,8.4442138671875,14.7247314453125,0.5104234520565981,-0.4364033382896326,-1.0527354541539394e-05,0.008247399466378348,0.010335940087937189,0.069488525390625,0.01067137667893634,-0.13913101137948386,1.086456922681907,0
877.6972281449894,102.2562867055718,99.24373898584815,40.298507462686565,420.0,1022.8571428571429,602.8571428571429,68.36070352735399,0.11650519498812839,-1.4831473203219865,4.2126263520164375,68,0.9663081850324359,0.01303904767874584,0.8731842041015625,1.0936737060546875,0.220489501953125,1.4733481389966359,5.663622074855743,1.6360976278195348e-07,0.006570761544363839,2.9906314546488293,-7.18841552734375,8.4442138671875,15.63262939453125,0.3491997834687594,-0.5232281018502114,-1.1177446379724416e-07,0.008375475202287947,0.010451919963206513,0.1003875732421875,0.01078069393911202,-0.09787057364321078,1.0078600646271445,0
888.4861407249466,142.54590415430224,147.93277652305676,46.26865671641791,407.14285714285717,1091.4285714285713,684.2857142857142,67.53059755219583,0.16043683476930107,-1.5744077415650264,2.7830822790857717,68,0.9654787881033761,0.013092520652749066,0.7884979248046875,1.0936737060546875,0.30517578125,1.3571517102793562,6.08888418230516,-2.0364186885744215e-07,0.05415304274786086,2.6866749090532314,-7.18841552734375,7.2235107421875,14.41192626953125,0.23513179732132888,-0.740718612535769,-1.2919629670581875e-06,0.00802234104701451,0.009984214598875402,0.1003875732421875,0.010327849596216566,-0.17678984562613845,0.8202409446808048,0
917.5384615384615,156.07499459145473,187.5117343266924,61.53846153846154,407.14285714285717,1091.4285714285713,684.2857142857142,65.3923541247485,0.17010185527237687,-2.047420247119774,3.8834150179094076,66,0.9606840042840867,0.013163224070845468,0.7293701171875,1.085662841796875,0.356292724609375,1.293180149600282,8.957922365561567,-2.104063067378881e-07,0.09488260178338914,2.7172988323592597,-5.11932373046875,6.91680908203125,12.0361328125,0.4315739593896134,-1.0281231376599966,1.7069445925874801e-06,0.008386293683733259,0.01054139985063802,0.0827178955078125,0.010863055242230876,-0.21489657896832495,0.8680541841397917,0
874.2857142857142,120.94813508505297,146.32278148449237,41.17647058823529,408.5714285714286,1084.2857142857142,675.7142857142856,68.62745098039217,0.13833937019532203,-1.3444682789877427,3.9934907643846103,69,0.9611344473702567,0.013309808939558283,0.7293701171875,1.085662841796875,0.356292724609375,1.260154212329348,7.561612901218563,2.3564938483520076e-07,0.025914510091145832,3.089801815735551,-8.2122802734375,10.03265380859375,18.24493408203125,0.3296845423660737,0.053479096565933304,-3.9952228839416105e-06,0.0094464601789202,0.012033011225140677,0.0982818603515625,0.012309136156189587,-0.2759986496796013,1.5011339602677376,0
873.172268907563,85.531263138596,57.92955273002249,30.88235294117647,724.2857142857143,1125.7142857142858,401.42857142857144,68.71496282751487,0.09795462611931693,0.5790360563856558,-0.06553461127127669,69,0.9639146986461821,0.012943002575594977,0.72784423828125,1.0955810546875,0.36773681640625,1.2628072770176568,8.11303459446721,6.472977446363591e-08,0.06285051618303572,2.9783756117140263,-8.2122802734375,10.03265380859375,18.24493408203125,0.22141829182972997,0.2971635454668542,8.353091138824292e-06,0.009352890014648438,0.011840820054864469,0.0982818603515625,0.01212312332120789,-0.28637278948525025,1.3561484671397928,0
913.4285714285714,109.42343545173335,117.49416507440108,47.69230769230769,424.2857142857143,1125.7142857142858,701.4285714285716,65.68658116984673,0.11979418957806279,-1.239096100186668,4.470106031288374,66,0.9648789542061942,0.012823561141195407,0.72784423828125,1.0955810546875,0.36773681640625,1.3681144242421794,9.185732385137088,7.414184916817315e-08,0.0614136468796503,2.827666419754901,-5.83648681640625,7.24945068359375,13.0859375,0.3148893125338766,-0.8943840383617219,-6.928709020362601e-06,0.008908479963030133,0.01110109852530379,0.0707244873046875,0.011404083788339339,-0.22140018582994803,0.41116188887041893,0
941.8594104308391,99.42094574213282,116.81532270284514,41.269841269841265,424.2857142857143,1117.142857142857,692.8571428571429,63.70377503852079,0.10555815936123017,-2.221632462863084,9.826280560598125,64,0.9654502777826218,0.012817057475133708,0.8609771728515625,1.09405517578125,0.2330780029296875,1.5730894386433087,6.585980135295692,-3.9047432616637105e-08,-0.015500095912388392,2.569540339851977,-5.83648681640625,7.24945068359375,13.0859375,0.4329794168383739,-0.7693140725504617,1.0474852814725718e-06,0.008403707231794086,0.010439341851625393,0.0707244873046875,0.010770466287428188,-0.27174141692977705,0.4110595378094666,0
941.0430839002269,67.49111513311696,69.07862538100547,34.92063492063492,698.5714285714287,1117.142857142857,418.57142857142844,63.7590361445783,0.071719474153505,-0.6762217739371197,1.813033071825127,64,0.963846797034854,0.01291945139281688,0.775909423828125,1.0807037353515625,0.3047943115234375,1.4290027507602474,7.109010503452394,-1.2262990638432752e-07,0.09698417300269717,2.5118150334292064,-5.9234619140625,6.134033203125,12.0574951171875,0.3407651447453491,-1.069949885926672,3.636105743556586e-06,0.008077012198311941,0.010002410614133737,0.0634918212890625,0.01033839154603837,-0.28427271949214755,0.3615421617352479,0
891.9402985074627,96.24022559719782,60.53564245484762,29.850746268656714,690.0,1050.0,360.0,67.26907630522088,0.10789985132215954,-0.2743553782880925,-0.9663963766737695,68,0.962016723269508,0.012958397971191742,0.775909423828125,1.1119842529296875,0.3360748291015625,1.497227830390641,7.515343998723848,-2.6240905310672368e-08,0.09116468883696056,2.969014909153979,-8.03070068359375,7.13043212890625,15.1611328125,0.16366196362148264,-0.5743478423208401,-2.215026109478753e-06,0.008503124782017299,0.010674662034021828,0.0786895751953125,0.010984175187285821,-0.2489303471560467,0.7889901683708271,0
902.2294372294372,97.98026153494551,59.43031485185734,30.303030303030305,712.8571428571429,1060.0,347.1428571428571,66.50193124295276,0.10859794359605794,-0.2759131179893791,-1.02334329009737,67,0.9643478211902436,0.013325925973740419,0.8701324462890625,1.1119842529296875,0.241851806640625,1.4529271050542774,6.027680688642116,2.55502788069508e-07,0.03547719319661458,2.8022614670582016,-8.03070068359375,7.13043212890625,15.1611328125,0.1957790885272812,-0.24276995508257349,7.589946182446093e-06,0.008354810442243303,0.010513377458705486,0.092559814453125,0.01083003421848502,-0.2711825465599542,1.1682452161826804,0
920.6813186813188,103.8321032415659,111.71723141896405,44.61538461538462,402.85714285714283,1061.4285714285713,658.5714285714284,65.16912940727124,0.11277746287964595,-2.22334137898446,8.242410512758118,66,0.968489138285319,0.012979977172736107,0.7648468017578125,1.071929931640625,0.3070831298828125,1.2889029003688048,7.10800918599948,1.0404849004269321e-07,0.05149176461356027,2.6244230119757663,-7.8826904296875,7.81402587890625,15.69671630859375,0.26310940402955385,-0.06450535765836518,4.904080641782998e-06,0.008093905857631138,0.010118160724534088,0.092559814453125,0.010446503730391002,-0.2952234710353372,0.9615822971261996,0
881.7016806722688,114.26766069404181,107.52256809626168,39.705882352941174,402.85714285714283,1061.4285714285713,658.5714285714284,68.05022754890516,0.12959900519517717,-1.114324838137646,2.61428802282016,69,0.9897986184983026,0.02626395530158408,0.6771087646484375,1.1173248291015625,0.440216064453125,0.39472483055370505,-0.04212831785021276,1.7255183643661636e-06,0.04982881091889881,2.8879413448091964,-7.8826904296875,7.81402587890625,15.69671630859375,0.182063605246021,-0.03829386435305038,5.4536801588145384e-06,0.008705065046037946,0.011493496490062633,0.1515655517578125,0.011789937047581009,0.07650566801002535,7.363364801262005,0
894.3070362473347,135.65591664510336,156.81567671181676,46.26865671641791,412.8571428571429,1102.8571428571427,689.9999999999998,67.09105214219298,0.15168830295056024,-1.22280476315735,2.3741464356713315,68,1.0164023989722841,0.01822674930510821,0.6771087646484375,1.1417388916015625,0.464630126953125,-0.3556221965695097,5.010503082654205,7.347613348398388e-07,-0.06292666480654761,2.864645481317343,-8.43963623046875,7.13653564453125,15.576171875,0.025908078558677747,-0.25213920353527186,-1.1234872471067038e-05,0.008504623413085938,0.011229302879493506,0.1515655517578125,0.011531381974312398,0.11526606729611862,8.011440488300453,0
429.27536231884056,37.47077985182167,48.474263359566834,1.4492753623188406,401.4285714285714,801.4285714285713,399.99999999999994,139.7704253882512,0.08728844732531044,7.230504265095955,67.86122688747953,139,2.6728475479852585,0.07649826110041286,2.489471435546875,2.9552459716796875,0.4657745361328125,0.41201579911246616,-0.035017059773771564,5.559274003573427e-06,0.2156252906436012,3.6828432799374005,-7.68280029296875,9.161376953125,16.84417724609375,0.5660785171077855,-0.5997502126324643,-7.303605431340171e-06,0.01041470227922712,0.013052717773469594,0.0917816162109375,0.013376542281915154,0.10114559992637735,0.8255617854650628,1
451.73160173160164,21.473999684068257,7.807666170885312,0.0,415.7142857142857,530.0,114.28571428571428,132.82223287014855,0.047537076444846844,1.3654935502856773,2.3117261578661825,133,2.778371320452009,0.07067856132180489,2.4967193603515625,3.0391693115234375,0.542449951171875,0.2375285280143942,-0.8736496545181014,4.914547635582486e-06,0.08139826456705729,3.4981625582393323,-8.64410400390625,10.78033447265625,19.4244384765625,0.4407114405254437,-0.2421990876375979,-4.110278157919802e-06,0.010242226736886162,0.012725009474325484,0.06390380859375,0.013071709301475066,0.09664311623670455,0.5477998030425382,1
459.41758241758237,19.8033472852454,7.553008371056597,0.0,437.14285714285717,530.0,92.85714285714283,130.60013873274812,0.043105331713764,1.6152323247739808,2.291014807825051,131,2.9206391924903508,0.11855165534205316,2.5150299072265625,3.26080322265625,0.7457733154296875,0.4225292312951073,-0.7502006090652182,8.46061061987205e-06,0.026878865559895833,3.3235025992633167,-8.64410400390625,10.78033447265625,19.4244384765625,0.40820857013768985,0.24662041042966587,1.3487315789031893e-05,0.010513304574148995,0.013130087950286001,0.0975494384765625,0.0134559763308883,0.09732140148432242,0.7695571122990419,1
465.08928571428567,22.7717083577542,9.327370438971593,0.0,437.14285714285717,577.1428571428572,140.00000000000006,129.0074870416587,0.04896201451465676,1.8643327415903799,5.224697482373022,129,2.993363434927804,0.07296589554001384,2.7866363525390625,3.26080322265625,0.4741668701171875,0.668314509791531,0.002995473284537642,-7.700782650800263e-07,-0.038679976690383186,3.349788958296184,-7.04498291015625,9.32159423828125,16.3665771484375,0.5582331209890424,-0.07794226703656859,-1.3800412261180619e-05,0.010980045863560267,0.013797922173860347,0.0975494384765625,0.014107702067978697,0.14254693193214427,0.9865637146210817,1
474.11564625850343,18.295178197603285,8.352440679593155,0.0,444.2857142857143,577.1428571428572,132.85714285714295,126.55140253963698,0.038588007676988056,2.2422292043290004,9.769616903317175,127,3.020856830051967,0.06861857282500404,2.797698974609375,3.2611846923828125,0.4634857177734375,0.06604902214428315,-0.6708324479066134,4.302936973051628e-06,0.017765626453218004,3.56272706476659,-7.92236328125,9.08050537109375,17.00286865234375,0.24436061319250615,-0.33763998132039363,4.5777211657921e-06,0.0106763916015625,0.013366936090751758,0.075531005859375,0.013698119393832241,0.1650394872802953,0.947572077009863,1
481.93960511033686,19.15861684324581,7.259008777437411,0.0,452.85714285714283,572.8571428571429,120.00000000000006,124.49692734064344,0.039753148818013354,2.0989433321152844,5.846566165785923,124,3.122395996820359,0.07224837021178022,2.936553955078125,3.3939361572265625,0.4573822021484375,0.512473076098467,-0.1818351456894045,5.218091835333264e-06,0.08509561447870163,3.3080297296150243,-7.92236328125,9.08050537109375,17.00286865234375,0.15535747501938962,-0.38394196417954696,-2.1896980339949012e-05,0.010364269801548549,0.012848402816593572,0.07305908203125,0.013200382054582896,0.13658452679427605,0.6456379104592616,1
499.67587034813926,22.87996832606219,8.143048296469216,0.0,452.85714285714283,572.8571428571429,120.00000000000006,120.07784157797371,0.045789620199432536,0.15112289946444524,-0.1551488919377464,120,3.2692065193539572,0.11543908866247064,3.0059814453125,3.58123779296875,0.57525634765625,0.256672713367208,-1.0001195329281394,9.087795194971386e-06,0.020569356282552083,3.3408763877247214,-8.44573974609375,13.45062255859375,21.8963623046875,0.5562804470960433,1.1233272700716164,-2.663285884754346e-06,0.010190773010253906,0.012566829968954292,0.0709075927734375,0.012937461866252614,0.15665570359926828,0.5983013910200143,1
519.4534161490683,20.356697267605096,8.889261837265078,0.0,477.14285714285717,587.1428571428572,110.00000000000006,115.50602640137747,0.03918868686728071,0.8042135972009994,0.6863164353127713,116,3.4878086635044645,0.13644289139089602,3.179931640625,3.7616729736328125,0.5817413330078125,-0.23355755096584294,-1.4395066707952533,1.074754780543593e-05,0.11006731305803572,3.3111834223630434,-8.44573974609375,13.45062255859375,21.8963623046875,0.4813777170213355,1.05462389558976,-7.598396629585312e-06,0.009768433707101004,0.011990533470383653,0.0709075927734375,0.01237839158817507,0.15210765786426317,0.5209469106734952,1
522.593984962406,25.513393623508836,11.303040038198185,0.0,482.8571428571429,587.1428571428572,104.28571428571433,114.81188403711963,0.04882067983492806,0.3347987985729815,-0.9036038011902425,115,3.703175444830032,0.1100065753929378,3.437042236328125,4.0283203125,0.591278076171875,0.3490115553940458,-1.0558913000166696,8.405471806646654e-06,0.07238406226748512,2.8394092674181968,-5.889892578125,7.00531005859375,12.89520263671875,0.1250134906919268,-0.9497530858378576,-3.921572161970787e-06,0.00968704332624163,0.01188858729807087,0.0667877197265625,0.012288610749912837,0.11199147887453631,0.49502778500803046,1
522.2556390977444,24.513084792810336,10.246201673144416,0.0,482.8571428571429,577.1428571428572,94.28571428571433,114.88626547653325,0.04693694611925964,0.32582325797463646,-0.8370345882779202,115,3.9217941738310316,0.1568594556497973,3.6151885986328125,4.4841766357421875,0.868988037109375,0.5870612165016789,0.4301773585137232,1.1286735980461115e-05,0.06265622093563988,3.0890038318677857,-8.03375244140625,10.80169677734375,18.83544921875,0.2589035750067281,0.062457688467044914,3.406278769468866e-06,0.009637438092912946,0.011833742237428826,0.06829833984375,0.012261725525619124,0.11110220392230014,0.6146793474996479,1
520.2882205513785,29.765872311720898,8.895069891595979,0.0,460.0,577.1428571428572,117.14285714285722,115.32069654856812,0.05721035213938986,-0.13411757680821354,-0.7513659137599684,115,4.058900006612142,0.08870152720192603,3.8372039794921875,4.4841766357421875,0.64697265625,1.5205176583642377,3.3430129008931857,2.4791229313076813e-06,0.027395847865513395,3.1991697436699407,-8.03375244140625,10.80169677734375,18.83544921875,0.2614943831673785,-0.0539991129522881,-3.922348735476133e-06,0.009299853733607701,0.01137059686706133,0.06829833984375,0.011825040459469822,0.09451621854708826,0.5878652114026517,1
468.2114735658042,48.288386086960905,5.815431366846947,0.0,404.2857142857143,574.2857142857143,170.00000000000006,128.14722275610225,0.10313370947364081,0.673167787927087,-0.7923531900460277,128,4.138709540594192,0.08691667034772067,3.9154052734375,4.3674468994140625,0.4520416259765625,-0.09987359476166174,-1.0220773122510503,6.3483624249629114e-06,-0.017050861176990326,4.450019345959647,-13.92974853515625,14.18304443359375,28.11279296875,-0.23838442128124615,1.071393758647135,-4.471949595745793e-06,0.008970909118652344,0.010852110731088795,0.0520477294921875,0.011325777049365243,0.030100023130641848,0.254167989265226,1
515.1304347826087,142.24413766225507,93.36730878718265,20.0,400.0,797.1428571428571,397.1428571428571,116.47535449020931,0.2761322726394215,1.1533857273149293,-0.41872040292302737,116,4.2665569123767675,0.07087892590924479,4.0531158447265625,4.4769287109375,0.4238128662109375,-0.055278234691089376,-0.8641765637170788,5.37878711938652e-06,0.12977541968936013,4.420453970003155,-13.92974853515625,14.18304443359375,28.11279296875,-0.3590153121344276,1.2988003586277124,4.006923801628731e-06,0.009283079964773995,0.0112240153186057,0.06166076660156251,0.011697173348194943,0.05904424106010714,0.28776023174026477,1
525.0063211125158,155.67781893521996,124.15406175217417,26.548672566371685,400.0,797.1428571428571,397.1428571428571,114.28433827778848,0.29652560869234973,0.8828731704772484,-1.0185805967905568,114,4.38996692839123,0.07715375672644795,4.074859619140625,4.66461181640625,0.589752197265625,0.3149840832404663,-0.9548847433632539,5.948153319362169e-06,0.10268496558779762,3.192059448173893,-8.82415771484375,8.2305908203125,17.05474853515625,-0.1910649016931256,0.07631527783110137,-6.175608833138835e-06,0.009644215175083706,0.011675934338763962,0.06166076660156251,0.012141996282355731,0.04793134725131936,0.21377141382306863,1
434.1188738269031,60.77214704533848,65.36959747244495,4.37956204379562,400.0,795.7142857142857,395.71428571428567,138.2109915449654,0.13998964502421116,5.01262394115701,25.75278281968965,138,4.517301377795992,0.07289213512595447,4.3064117431640625,4.7122955322265625,0.4058837890625,-0.36889674698586616,-1.1867783366971285,5.248134660807602e-06,0.023589615594773065,3.1079062868955085,-8.14361572265625,8.2305908203125,16.37420654296875,-0.15410500396531865,0.13793025341707343,1.3107048598794438e-05,0.009762076241629464,0.011844142055012632,0.0532379150390625,0.0123020972271355,0.01793352100866111,0.1617118045515733,1
435.5891553701773,16.815145766332158,4.5125541833980485,0.0,407.14285714285717,484.2857142857143,77.14285714285711,137.74447609700044,0.038603224067968636,0.7928117887559789,0.47718778079087043,138,4.612005333673387,0.04265076051007432,4.3621063232421875,4.7992706298828125,0.437164306640625,0.5472020334182544,-0.25428834295830116,2.216506756821129e-06,0.06160514468238467,3.18222448764995,-8.48541259765625,11.10076904296875,19.586181640625,0.07245872871041398,0.5536695670578133,3.4889839304593637e-06,0.009895079476492746,0.011999316716718358,0.0538787841796875,0.012453799144863088,0.04908517142378882,0.19612709977146858,1
456.6373626373626,24.797998057182046,7.276708219970679,0.0,425.7142857142857,564.2857142857143,138.5714285714286,131.39529287192568,0.05430567028934798,1.8299733362261354,4.36959017386417,131,4.675051707313174,0.04847294391932899,4.3621063232421875,4.9076080322265625,0.545501708984375,0.6417991284097463,0.9271820797115526,2.555940749706495e-06,0.27173385620117185,3.6573988687136576,-8.48541259765625,15.01617431640625,23.5015869140625,0.6763801416753578,1.5474538592844622,3.923184481139497e-05,0.00995041002546038,0.012042627360553879,0.0538787841796875,0.01250100515400262,0.09872440648428846,0.18970563659871464,1
468.132733408324,20.1133792641262,7.267617915466456,0.0,440.0,564.2857142857143,124.28571428571433,128.1687771824014,0.04296512042148206,2.33947032285564,7.105387942139107,128,4.717991474696568,0.05240302017186893,4.4727325439453125,4.9488067626953125,0.47607421875,1.1385328150371568,1.074262781102087,2.0053568310457323e-06,0.004262470063709077,4.54455481772219,-16.13006591796875,15.01617431640625,31.146240234375,-0.2943480701822699,2.326709028769274,-3.3707246680255693e-06,0.01000679452078683,0.01209923984793923,0.0497589111328125,0.012560894300822145,0.08594669851455136,0.12884915939335073,1
474.0136054421768,17.581974496672128,5.077360715641019,0.0,447.1428571428571,524.2857142857142,77.14285714285711,126.57864523536166,0.03709170853919063,1.0950019544230198,0.6700214256051811,127,4.7455721264793755,0.052859122097547694,4.55474853515625,4.9488067626953125,0.3940582275390625,0.44415616546632447,0.021797535554027192,1.5418735901221984e-06,-0.21667037237258185,4.000773627392747,-16.13006591796875,13.14544677734375,29.2755126953125,-0.9349172483911525,3.6050886043740658,3.6267170357264106e-05,0.010031737191336496,0.012138935560872765,0.0538787841796875,0.012602580898444772,0.038006009707317184,0.09568108282777787,1
484.75029036004645,16.46097993619786,5.810086866918379,0.0,455.7142857142857,532.8571428571428,77.14285714285705,123.77506768574646,0.03395764842961008,1.0072920965890486,0.5671985020156023,124,4.8258668082101,0.10310266341545915,4.569244384765625,5.16510009765625,0.595855712890625,0.9261087162775085,-0.037683191505016644,4.513900212522961e-06,0.10536429995582217,2.689844748680854,-9.95941162109375,6.23626708984375,16.1956787109375,-0.33077592439317827,0.0843602609194436,3.323763254911177e-06,0.0099006838117327,0.012014144104701988,0.0543365478515625,0.012482559218433326,0.05165659385166211,0.22352747316599553,1
493.55371900826447,20.746008931208124,7.213932098830054,0.0,462.85714285714283,568.5714285714287,105.71428571428584,121.56731413261889,0.04203394307897158,1.3242142051293617,1.5778070614781345,122,4.890182277134486,0.1062329191561158,4.6436309814453125,5.3234100341796875,0.679779052734375,0.8204101849673319,0.6258597060609543,1.1916004164187352e-06,0.040279570079985116,2.9371819230507716,-6.88323974609375,6.45294189453125,13.336181640625,-0.001903960482863197,-0.72248608907115,-4.794747366501563e-06,0.009782406398228237,0.011880101059847666,0.0680694580078125,0.012351594035179327,0.060871798806737126,0.3090743757016092,1
509.30402930402926,27.274991906243034,11.417790481491593,0.0,471.42857142857144,611.4285714285714,140.0,117.80782508630611,0.053553457928684906,1.4512989807797843,2.0798001203457313,118,4.938055347260975,0.12409021285163131,4.723358154296875,5.3684234619140625,0.6450653076171875,0.8999470289628998,-0.0028309858342701055,5.435911283556555e-06,-0.045242563883463545,3.3322870571909258,-9.8602294921875,10.5194091796875,20.379638671875,0.05070635806695492,0.30564392271458996,-5.673186473769324e-06,0.00974034663609096,0.011836033040540183,0.0680694580078125,0.012321081968031587,0.027460194143973993,0.340973131768743,1
698.2689075630251,144.9088125105728,166.9890710622327,29.411764705882355,402.85714285714283,971.4285714285714,568.5714285714287,85.9267817170915,0.20752579835798213,-0.9322657559805687,-0.09558248589799945,86,2.020785749526251,0.02253486012354404,1.8871307373046875,2.18658447265625,0.2994537353515625,0.6217827885685057,0.4620459542556037,1.4214301194605891e-06,0.0668576921735491,2.3433889699432235,-5.86395263671875,8.489990234375,14.35394287109375,0.3534780281779002,-0.06698461282569435,-3.522449520613941e-06,0.007656782967703683,0.009355420095339106,0.0559844970703125,0.009744674241613401,-0.14396435430812746,0.2534474692247919,2
691.0963455149503,120.61161066566578,139.6184132574504,19.767441860465116,407.14285714285717,880.0,472.85714285714283,86.81857513700605,0.17452213638287373,-1.2779463137710187,0.836942043401455,87,2.0590260460263208,0.031246514366328065,1.8871307373046875,2.191162109375,0.3040313720703125,0.36866860183677325,-0.7268120408834928,2.0151105641926456e-06,0.06526601882207961,2.156399557338722,-6.30035400390625,6.72760009765625,13.0279541015625,0.15451129327673796,0.1929090093403194,-2.3698659777444175e-06,0.007729800633021764,0.009581905918443575,0.1495513916015625,0.009971457631542153,0.09814492541655802,4.121185671704514,2
685.9634551495017,82.62144040066502,77.66397283857444,6.976744186046512,407.14285714285717,860.0,452.85714285714283,87.46821649110062,0.12044583392953224,-2.011873773362106,4.947338565874202,87,2.1112232844034833,0.04025121815654029,1.944732666015625,2.26593017578125,0.321197509765625,0.07179043387901275,-0.5680953250411775,2.8398554995986085e-06,0.1994427998860677,3.0666704155658353,-8.05816650390625,9.71527099609375,17.7734375,0.37142080786985365,0.02639846723583794,1.9720438026829575e-05,0.007936473301478794,0.009801298468728225,0.1495513916015625,0.010193775717711077,0.13691873818871578,3.7427118230246936,2
693.5548172757476,44.494601233942554,27.478683214675424,2.3255813953488373,571.4285714285714,784.2857142857142,212.85714285714278,86.5108258287028,0.06415441162778648,-0.3646699500280368,-0.13620835676526521,87,2.165173893883115,0.03254751174758854,2.0168304443359375,2.303314208984375,0.2864837646484375,-0.5427257751878519,-0.5474208553830295,2.316393901895047e-06,0.025521378290085564,4.736500936169997,-18.44940185546875,15.924072265625,34.37347412109375,-0.4128052382058418,3.0982279040121528,-3.893472798277493e-06,0.007834984915597098,0.009532364544394028,0.0490264892578125,0.009944081529992058,-0.07903253458700192,0.15536297154507395,2
680.4597701149426,40.23826192066616,18.442563386931017,1.1494252873563218,598.5714285714286,784.2857142857142,185.71428571428567,88.17567567567568,0.0591339322144925,0.34898144325348773,-0.10563975315047935,88,2.193680136544364,0.014633053643247821,1.94854736328125,2.3197174072265625,0.3711700439453125,0.5478844883178515,5.195385392860501,3.5370687116169747e-07,-0.09214862641834078,4.460714012312624,-18.44940185546875,15.924072265625,34.37347412109375,-0.5843342131999202,4.575286485597465,2.2352928747671294e-05,0.007760590689522879,0.009458719303094235,0.0490264892578125,0.009876538438414158,-0.09704185307033435,0.14307274987574292,2
668.5553772070626,26.834434563293662,15.802585448734773,0.0,605.7142857142858,742.8571428571429,137.1428571428571,89.74574439989435,0.040137938423884065,0.335543720962074,0.40228590988766477,90,2.1908795583815803,0.01486809399786218,1.94854736328125,2.3197174072265625,0.3711700439453125,0.6359037386695111,4.045429491758323,-6.279668348452399e-07,0.04674381074451265,4.581835592243955,-16.25213623046875,13.818359375,30.07049560546875,-0.5312385280216844,2.4089280273391775,-6.238187803092094e-06,0.007820638384137836,0.009543645105271677,0.06211853027343749,0.009951262390922193,-0.08052814247996062,0.2844352236413963,2
683.1527093596059,38.855390868352686,18.33027688779152,0.0,605.7142857142858,770.0,164.28571428571422,87.82809345255265,0.056876581672019005,0.05395621938998287,-0.5776889834516248,88,2.179170136224656,0.013165437315780269,1.9756317138671875,2.32391357421875,0.3482818603515625,0.8179075753855176,6.671577430473645,-3.472466744801865e-07,0.02197730654761905,4.435526451162985,-16.25213623046875,13.818359375,30.07049560546875,-0.5286802748352214,2.7839011611570488,-2.2015872131213823e-06,0.0077348229544503344,0.009418591954621093,0.06211853027343749,0.009828680770841949,-0.0917883007840836,0.2696822802777241,2
692.0930232558139,49.60580140185611,19.536034978087695,2.3255813953488373,597.1428571428572,804.2857142857142,207.142857142857,86.69354838709678,0.0716750490685421,0.05126803226506656,-0.6643249331741417,87,2.168829145885649,0.014617231592069669,1.9756317138671875,2.32391357421875,0.3482818603515625,0.6797253913145775,5.562569494898408,-6.157964593134413e-07,0.056535412016369045,2.6585775621735386,-7.60345458984375,10.41717529296875,18.0206298828125,0.5457197704869502,0.9499171709322387,-7.935527356701008e-06,0.007740272521972656,0.009380649414176604,0.0469207763671875,0.009800255351382422,-0.11721115980644946,0.09949931352206987,2
683.7931034482758,48.6475919737245,20.620419699666943,2.2988505747126435,597.1428571428572,804.2857142857142,207.142857142857,87.74583963691377,0.07114373006747406,0.37006731441764873,-0.4493051847087135,88,2.1589555104573566,0.015870707107452,2.04620361328125,2.291107177734375,0.244903564453125,0.6694787521912974,2.3030060742074667,-2.368783987365685e-07,0.05667786371140253,2.8710114629113503,-7.60345458984375,10.41717529296875,18.0206298828125,0.4670038106578582,0.2931915441907611,-4.5488234848190136e-06,0.007837572370256696,0.009506697407894255,0.0469207763671875,0.00993396413761471,-0.11552747301024212,0.134419387159328,2
708.0952380952381,58.76330498116734,38.49453673249392,2.380952380952381,410.0,798.5714285714286,388.57142857142856,84.73436449226631,0.08298785505074069,-1.5278967914979322,5.894745414365364,85,2.1630010514032274,0.017725520140409814,1.9641876220703125,2.291107177734375,0.3269195556640625,0.3569844201349538,1.9669983779577542,7.06364712437609e-07,0.03198747180757069,2.485339304516782,-5.99212646484375,6.72760009765625,12.7197265625,0.38847141307708355,-0.7778318646107505,-8.075934107779965e-06,0.007920357840401786,0.009637864339731878,0.0438079833984375,0.010051568465763074,-0.11687205793926853,0.14406190248345174,2
690.1162790697675,66.10393475895361,18.338552860255984,0.0,592.8571428571429,798.5714285714286,205.71428571428567,86.94187026116258,0.09578666199275501,0.09129834513888069,-1.537833333106045,87,2.1728365035284134,0.013798829535520177,1.9641876220703125,2.2869110107421875,0.322723388671875,0.5583910355039614,6.894383054595618,1.3664942762436284e-07,0.04411766415550595,2.9011323265469096,-8.26873779296875,9.454345703125,17.72308349609375,0.3037087455765028,0.18209817305732745,-5.278710990415952e-06,0.00813372802734375,0.00990743465184691,0.0439910888671875,0.010299844194386143,-0.07574652691224619,0.15486555405468394,2
740.0881834215168,181.97377367305685,169.68653573033797,48.148148148148145,405.71428571428567,1101.4285714285713,695.7142857142857,81.07142006052952,0.24588120409080197,-0.12487503674212865,-0.5733201502690961,82,5.466553397405715,0.08988849447705737,5.1361083984375,5.6850433349609375,0.5489349365234375,0.23087347401396952,-1.3646405147591478,-6.918179605072509e-06,0.23028597150530133,5.353887457409022,-14.21356201171875,20.44219970703125,34.65576171875,0.31348664741513754,1.1408364705048113,-1.4429045613012826e-05,0.011725600106375559,0.018177759401019688,0.3213043212890625,0.01852430782729143,0.06301718424399176,20.911586609809028,0
906.7692307692308,139.89439320807904,126.15752321310569,63.07692307692307,425.7142857142857,1145.7142857142858,720.0,66.16898540889039,0.15427783438284928,-0.9846979970280497,1.7354643931880407,66,5.354645892551967,0.040198337492268414,5.1361083984375,5.4931640625,0.3570556640625,0.791715027354334,-0.4860856252600212,-3.050617458273318e-06,-0.017813800630115326,2.612790074238378,-5.75103759765625,6.98089599609375,12.73193359375,0.40341681382945316,-0.760519837002883,1.0322855414313194e-05,0.008609987531389508,0.011148568855954541,0.1667633056640625,0.011698587540964747,-0.5331539648710211,8.41257967147292,0
890.7889125799572,115.1632840933832,92.6058871786025,49.25373134328358,668.5714285714286,1145.7142857142858,477.1428571428572,67.35602470199628,0.12928235013594888,0.1528671604525011,-0.7666139065550195,68,5.317093812851679,0.010604274330691306,5.057525634765625,5.3943634033203125,0.3368377685546875,0.29007365753333914,9.816835645431059,-4.743439421884648e-07,0.01683295113699777,2.438771515009021,-5.401611328125,6.50787353515625,11.90948486328125,0.39167200211568765,-0.9078899434564631,4.5961660735566245e-06,0.01069344220842634,0.015112146312874435,0.24444580078125,0.015526915005139615,-0.6229135695109381,9.860411567825121,0
894.2424242424242,106.2938860427942,87.91800804242304,50.0,668.5714285714286,1115.7142857142856,447.142857142857,67.09589969501863,0.11886473193535102,0.21905223129317783,-0.5832476855668798,67,5.317812438238235,0.010736235173054975,5.057525634765625,5.4080963134765625,0.3505706787109375,0.11967892816378027,9.139502465484187,4.5779459855402877e-07,0.03535443260556176,2.5117187176893143,-5.401611328125,6.56585693359375,11.96746826171875,0.47353284816868485,-0.6945086287508997,5.285438368827622e-07,0.01005219268798828,0.01399829994907223,0.24444580078125,0.014442803834173033,-0.5969567382644891,10.629289881940359,0
942.5396825396825,93.98855268897974,101.98135858260655,66.66666666666666,647.1428571428571,1115.7142857142856,468.57142857142844,63.657797238127316,0.09971840382966864,-0.3318873930654627,-0.03812341411536657,64,5.317867197309222,0.011229218349263452,5.1609039306640625,5.4157257080078125,0.25482177734375,0.10361729717386972,3.289633933471247,-4.66886855996272e-07,0.008810969761439733,2.3372305140162006,-4.40826416015625,6.56585693359375,10.97412109375,0.5877112333414338,-0.7536857221714759,-3.280148273173629e-06,0.008138577052525112,0.009804612837877733,0.0632171630859375,0.010426541765514457,-0.23869930194598643,0.4250530108169448,0
961.3364055299538,77.5445553368674,91.06136005324873,66.12903225806451,804.2857142857142,1132.857142857143,328.57142857142867,62.413115382771686,0.08066328799242715,-0.09768066049927616,-0.47774531316330915,63,5.306298573811849,0.01097466356901142,5.129241943359375,5.4157257080078125,0.2864837646484375,0.3631062245757843,4.540488758303617,-6.325488040035694e-07,0.068269529796782,2.2051588611720154,-3.81622314453125,5.21697998046875,9.033203125,0.42780284683517483,-1.178977157275202,2.407852710152471e-06,0.00828813934326172,0.009999925222763623,0.0632171630859375,0.01060597565539597,-0.22880323115662687,0.43169986864601206,0
971.7096018735364,70.84814273511432,86.77576858550688,57.377049180327866,807.1428571428571,1132.857142857143,325.7142857142858,61.74684276487033,0.0729108188274699,-0.0018089513427177492,-0.3358468687711893,62,5.2960032417660665,0.009137731230412576,5.129241943359375,5.3821563720703125,0.2529144287109375,0.4163871186327068,4.419691459404635,-4.368231693057063e-07,0.09197805495489211,1.9799665220723317,-3.4027099609375,3.95050048828125,7.35321044921875,0.40831669039281504,-1.2627567959494495,-9.975154516587763e-07,0.008373080662318639,0.010121509646776619,0.0514068603515625,0.01071879200435476,-0.22437620589699617,0.3661360895136583,0
952.0967741935484,75.7350279134891,85.19141849513039,56.451612903225815,794.2857142857142,1081.4285714285713,287.1428571428571,63.01880399796713,0.07954551466434566,-0.10212579851039545,-0.9531076584854885,63,5.290718523661296,0.007825412260178015,5.236053466796875,5.3668975830078125,0.1308441162109375,0.9033275573151206,3.8575125287932828,-1.1712486201410192e-07,0.04870659964425223,2.0306285395911363,-4.3182373046875,5.32379150390625,9.64202880859375,0.4630622629543833,-1.104805257200746,7.195646132410814e-06,0.008685529436383928,0.01088102603159337,0.1600799560546875,0.011442157642951825,-0.38353294232554397,4.570449700613451,0
944.1496598639454,111.9071397303355,118.0356837845147,61.904761904761905,652.8571428571428,1171.4285714285716,518.5714285714288,63.54924706390951,0.11852690784897559,-0.48352522599568043,0.0033848895278216773,64,5.296931711832682,0.01101592466716627,5.236053466796875,5.3714752197265625,0.1354217529296875,0.5891712981894573,0.9425039575700769,6.046830108756294e-07,-0.022316087995256695,3.8948670053002186,-14.65911865234375,15.94085693359375,30.5999755859375,-0.06348840284203149,5.028794062643513,-7.174663959389912e-06,0.011891893659319197,0.016122971849410996,0.1600799560546875,0.016512032093122478,-0.4013245695021917,3.8687538345606747,0
944.4217687074832,123.66362787601174,126.38267541542746,60.317460317460316,652.8571428571428,1205.7142857142858,552.857142857143,63.530937117337736,0.13094110277154594,-0.33610824210396273,-0.2817897588155782,64,5.308710815792992,0.00985692267476051,5.078887939453125,5.38177490234375,0.302886962890625,-0.03999624426108844,9.983119292165433,4.790441130541657e-07,-0.01178374517531622,4.273078291976486,-14.65911865234375,15.94085693359375,30.5999755859375,-0.034021467291634765,3.1193810420660366,1.180290777803227e-06,0.013256874084472656,0.017338203873670233,0.139068603515625,0.01770194919099297,-0.3359299446993673,2.0848160991935707,0
907.3186813186813,103.78413404703889,94.15135177370706,43.07692307692308,704.2857142857143,1205.7142857142858,501.42857142857144,66.12891504977836,0.11438553639852407,0.670293744507872,0.30755367283876334,66,5.3162925266084216,0.008903484103076597,5.078887939453125,5.384063720703125,0.30517578125,0.016644248427396025,18.29278133345238,2.0135177222748987e-07,0.07197320120675223,2.810642396075045,-10.58807373046875,9.70001220703125,20.2880859375,0.2670717843028343,0.7766575475250597,-3.7054450437632632e-06,0.011846052987234934,0.014786156879195865,0.0875701904296875,0.015214852992597502,-0.26589599337942155,0.5484269139163884,0
900.2597402597403,79.15091660829037,63.51775731640323,43.93939393939394,760.0,1070.0,310.0,66.64743219849971,0.0879200891350023,0.32033705615994884,-0.8006642235318226,67,5.320166333516439,0.008937279744751617,5.194854736328125,5.40618896484375,0.211334228515625,0.5355296145772233,3.562691292477692,-6.692933839008889e-09,0.08103892008463541,2.181763518373928,-3.94744873046875,4.72259521484375,8.6700439453125,0.4542676885834862,-1.1643234592242326,-1.680379202571618e-06,0.012005511692592076,0.015067084417263127,0.1089019775390625,0.0154957417531668,-0.2757205464049081,0.8431252773439981,0
924.2410714285714,71.90597990286216,74.38398349324899,53.125,798.5714285714286,1070.0,271.42857142857144,64.91812780756412,0.07780002655770238,0.2657216807271542,-1.111628320824655,65,5.322118541172572,0.009141933102804969,5.2089691162109375,5.40618896484375,0.1972198486328125,0.4130744850566061,2.3297661063294086,1.4222186145768148e-07,0.06438082740420387,2.290224204916253,-4.50897216796875,6.11114501953125,10.6201171875,0.4030336948040155,-0.9989413790116481,-1.081466302721718e-06,0.011863433837890625,0.015184408384442646,0.1189727783203125,0.015608028277928147,-0.3210570627056919,1.7960518219650679,0
900.6709956709956,97.0709626041107,97.54618919613208,59.09090909090909,662.8571428571428,1132.857142857143,470.0000000000001,66.6170003124174,0.10777627243541167,0.11552362459839213,0.13350757210746833,67,5.326394889468238,0.010014124770106186,5.158233642578125,5.4073333740234375,0.2490997314453125,0.2824260626438343,3.0436765000701156,2.0026983143357724e-07,0.044507744198753724,3.1268690327299375,-11.0321044921875,9.78851318359375,20.82061767578125,-0.4166704192882979,1.466059374105674,4.445114681612395e-06,0.011128991263253347,0.014429201785933474,0.1563720703125,0.014872950767245574,-0.3783263230496637,3.716174537618323,0
895.6277056277056,122.24929637045884,127.44118599169646,56.060606060606055,424.2857142857143,1132.857142857143,708.5714285714287,66.99212141717821,0.1364956617602397,-0.8367276251540658,1.7166486055060997,67,5.332342874436152,0.009823266776933839,5.158233642578125,5.4073333740234375,0.2490997314453125,0.11322370730472431,3.971530119704238,2.092333453458478e-07,0.0017146155947730655,3.0884999215098428,-11.0321044921875,9.78851318359375,20.82061767578125,-0.4125921192364854,1.582365628454486,-3.579031478518368e-06,0.010441162109375,0.01328735301765775,0.1563720703125,0.013769306580325194,-0.35127419400378923,3.5585037510609085,0
892.0895522388059,113.00382585481653,125.30975843755512,56.71641791044776,424.2857142857143,1078.5714285714284,654.2857142857142,67.25782164965702,0.12667318608453584,-1.2115719405419219,3.063057047339888,68,5.342847515287853,0.012192114711265113,5.2448272705078125,5.4248809814453125,0.1800537109375,0.3506457223784576,0.5169711546063125,7.905022260790018e-07,0.03555664789109003,2.257673679782146,-4.23126220703125,6.0882568359375,10.31951904296875,0.4399286179596473,-0.9224981843397759,3.1262903144104847e-06,0.011893402099609375,0.016195796820392308,0.159942626953125,0.016597131538517065,-0.2930504061685643,5.4490879561905405,0
862.5258799171843,73.62468470976307,69.00902041008247,42.028985507246375,610.0,1074.2857142857142,464.2857142857142,69.56313010081612,0.08535939201828027,0.16215080521045747,1.7341517413903578,70,5.3579427446637835,0.01165107718462075,5.2520751953125,5.4607391357421875,0.2086639404296875,0.09605430005841697,1.0215985780538785,6.740431000703684e-07,0.08917817615327381,2.120192300915056,-5.01556396484375,6.0882568359375,11.10382080078125,0.2807225599375717,-0.8174263945857501,-2.0606094016142966e-06,0.016621189662388392,0.02355170566530988,0.2378082275390625,0.023832315097756383,-0.2950388337467182,5.17188364098573,0
858.4886128364388,57.79078015909872,55.47919588882472,36.231884057971016,747.1428571428571,1017.1428571428571,270.0,69.89026890148318,0.06731688608909848,0.3806809905638773,-0.17236557678659636,70,5.374291038513183,0.012348797435581475,5.2520751953125,5.4607391357421875,0.2086639404296875,0.25258937957512456,0.19735412334669444,7.586870971660453e-07,0.028933570498511904,2.2063079560996517,-5.01556396484375,4.56695556640625,9.58251953125,0.31266057277393206,-1.0800113399849371,1.6996499224759135e-06,0.016611045837402343,0.022771343300952884,0.2378082275390625,0.0230622531675984,-0.2627734202506695,4.947296930804093,0
900.2813852813853,82.68500543326118,78.8944409324706,46.96969696969697,750.0,1124.2857142857142,374.2857142857142,66.64582982713438,0.09184351335601343,0.4191939918105769,-0.16813627911384899,67,5.383828372047061,0.008056533699299892,5.3249359130859375,5.4584503173828125,0.133514404296875,0.6986215126661309,3.6376554737372535,9.977486316118832e-08,0.005794307163783482,2.172542381055916,-3.78570556640625,4.56695556640625,8.3526611328125,0.4284253705955706,-1.1732073253010926,-8.751024277744805e-07,0.013134128025599889,0.01644409793868904,0.0927886962890625,0.01683753028154125,-0.0954119801935735,0.4994497508151441,0
902.034632034632,119.9232027515857,129.92837055726972,51.515151515151516,411.42857142857144,1138.5714285714287,727.1428571428572,66.5162931324087,0.1329474484600293,-0.968743899895573,2.818178204250845,67,5.389029402959914,0.012406351033297585,5.2051544189453125,5.4645538330078125,0.2593994140625,1.2424855492894513,3.909116193773161,5.260025109574076e-07,-0.1473797389439174,3.7368998823988058,-14.5263671875,14.52789306640625,29.05426025390625,-0.46704882805955283,4.835079317437771,-2.7465252787741408e-05,0.012779028756277901,0.015979559693352335,0.082489013671875,0.016387854628408093,-0.10573038287207895,0.4684298826928668,0
909.6263736263737,131.6482342364957,136.0638121227968,49.23076923076923,411.42857142857144,1138.5714285714287,727.1428571428572,65.96114815888663,0.14472781138882174,-0.7564240226273028,1.702434064278627,66,5.414903431846982,0.026469157365487276,5.2051544189453125,5.5202484130859375,0.315093994140625,0.1609935705834846,-1.1301399326618482,2.0097136566355098e-06,0.04477212088448661,3.739695798554675,-14.5263671875,14.52789306640625,29.05426025390625,-0.5781956676522212,4.957838002931308,-4.935453869126897e-06,0.01117896488734654,0.014100551350953377,0.082489013671875,0.014577305793976196,-0.1584200115489594,0.9167257570395924,0
951.4512471655329,107.80235188744565,97.89791945343568,49.2063492063492,578.5714285714287,1170.0,591.4285714285713,63.061560094377846,0.11330307486442368,-0.5386273183316101,0.7036371425003982,64,5.446042178926014,0.01738356080486839,5.2677154541015625,5.5225372314453125,0.25482177734375,-0.7223788702064481,0.45076559936975524,1.0367689511142915e-06,0.2692586626325335,1.9525174363813689,-3.36151123046875,5.34820556640625,8.709716796875,0.38611727330488976,-0.9113433387600876,-2.207619737431421e-05,0.009780507768903459,0.012141072284532851,0.0968170166015625,0.01271469746036829,-0.3147209293662477,0.9183565318872549,0
973.208430913349,78.49566529797951,87.2386280915313,55.73770491803278,804.2857142857142,1170.0,365.7142857142858,61.6517470401386,0.08065658167830698,-0.0858254523679221,-0.48389108203443953,62,5.45884451184954,0.00984391027680472,5.2677154541015625,5.5263519287109375,0.258636474609375,0.018531048087304137,4.32518331680775,3.032571518447979e-07,0.046518016996837795,1.8471186822340415,-3.23638916015625,3.96575927734375,7.2021484375,0.4639733336091538,-1.1570292771738246,-4.334581291448964e-06,0.010014522007533482,0.012437706202911118,0.0968170166015625,0.013015125742175561,-0.3525319034735593,0.8939529340987726,0
963.4331797235023,107.1466849323674,94.75894299052285,58.06451612903226,708.5714285714286,1172.857142857143,464.28571428571433,62.277282184966396,0.11121340554527887,-0.39989360540723845,-0.36442272695181543,63,5.464019493829636,0.008290345333160101,5.2402496337890625,5.5400848388671875,0.299835205078125,0.03954914552163798,14.976024643372579,2.0026238996252208e-07,0.014458538237072173,2.2966852043187784,-6.20269775390625,7.19757080078125,13.4002685546875,0.35386642350712166,-0.1730336881745429,6.279316741306528e-06,0.01145395987374442,0.015089967679068481,0.1664886474609375,0.01557455581822382,-0.45322637318242853,4.387193613765619,0
987.3333333333334,109.2293557345964,89.24565687382515,56.666666666666664,708.5714285714286,1172.857142857143,464.28571428571433,60.76975016880486,0.11063067765151559,-0.8288759157822007,0.06183959328748134,61,5.470839600335984,0.009319565185269567,5.2402496337890625,5.5400848388671875,0.299835205078125,0.1948509625828195,10.01201742034125,4.008928670708609e-07,0.06809169224330357,2.357710508173003,-6.20269775390625,7.19757080078125,13.4002685546875,0.3228419094216516,-0.34499240582359647,-1.789929884333347e-07,0.012015231541224889,0.015804888502885358,0.1664886474609375,0.016289555853895528,-0.4886413121908591,3.6503513565048813,0
930.625,151.32511522364348,77.72998207499266,45.3125,640.0,1125.7142857142858,485.7142857142858,64.47280053727334,0.1626058995015645,-0.7647826702697892,-0.8613880450917479,65,5.488034057617187,0.02563240744541636,5.3272247314453125,5.6201934814453125,0.29296875,1.7266113123007774,2.146747124744522,1.5257343634535407e-06,-0.29620237804594496,5.050354429751908,-25.31890869140625,15.545654296875,40.86456298828125,-1.4365409093512407,8.106256977166431,-4.541350247776829e-05,0.01147612762451172,0.014741953073156148,0.1165924072265625,0.015268014335433736,-0.48594230599655197,1.8182366145490931,0
863.4873949579832,159.92427348741234,121.75060771191713,45.588235294117645,402.85714285714283,1127.1428571428573,724.2857142857144,69.48566979709017,0.18520742100143125,-0.40638335718596896,-0.6210526163269856,69,5.5139853977021716,0.026297195648245668,5.3272247314453125,5.6201934814453125,0.29296875,-0.13850979151999432,-0.9279986425086033,1.5869444899974513e-06,0.02821353730701265,5.535719723940707,-25.31890869140625,15.545654296875,40.86456298828125,-0.9941072247978533,5.658960388217302,1.2789642134868125e-06,0.011774621146065848,0.016751310214727304,0.27850341796875,0.01720369852521783,-0.36973504022053805,14.932882778422822,0
946.825396825397,173.76384535252745,171.12655808156327,58.730158730158735,400.0,1250.0,850.0,63.369656328583396,0.18352258603871296,-1.0343425310270753,1.1999257461017194,64,5.534810429527646,0.014926639242531134,5.336761474609375,5.6156158447265625,0.2788543701171875,0.439401205318305,1.6165282915925356,6.645945416851064e-07,0.36103831699916294,2.932815309474214,-7.05108642578125,15.39764404296875,22.44873046875,1.4334800007029058,5.474108483356918,-5.088931182753272e-05,0.011996463230678014,0.016696445615472455,0.27850341796875,0.017145516782048297,-0.30396571613137935,14.400155757342329,0
971.0772833723655,153.75889233279753,163.69832881597435,63.934426229508205,400.0,1250.0,850.0,61.78704931870251,0.15833847106259383,-1.4111903162813668,3.2993663427956355,62,5.535516084943499,0.014240898377521497,5.3379058837890625,5.6156158447265625,0.2777099609375,0.5619753565965511,1.4312222357065076,-6.529997854344466e-07,0.06221956525530134,2.1056886170535285,-4.41131591796875,5.18341064453125,9.5947265625,0.4104571057284592,-0.8110788874728128,1.0993645337216812e-06,0.012015428815569197,0.014983442029746127,0.0842742919921875,0.015482647780689513,-0.26244136943169055,0.4913826191102646,0
899.3290043290043,113.27590118620408,123.09585804110542,60.60606060606061,431.42857142857144,1161.4285714285716,730.0000000000001,66.7164071337457,0.12595601903301232,-0.8535381912272546,2.8481221001323664,67,5.527626083010719,0.009591206193323262,5.42449951171875,5.6056976318359375,0.1811981201171875,0.484820417406984,1.616956930877218,-1.76015886202992e-07,0.044394647507440474,2.2589250384080097,-4.64019775390625,5.633544921875,10.27374267578125,0.40487915970288796,-0.9212221983127042,-4.772356840861306e-06,0.012602908543178014,0.016493511390190188,0.2434844970703125,0.016957023818972145,-0.4762259797231424,5.23463228917945,0
873.0042016806723,93.63704149837909,92.79906335195906,51.470588235294116,581.4285714285714,1078.5714285714284,497.142857142857,68.72819155336302,0.10725840874317999,-0.30224026999790293,0.30000845730054015,69,5.521925317673456,0.009602062309718508,5.37567138671875,5.5942535400390625,0.2185821533203125,0.4541574141940824,2.3541909014161897,-3.293920932802195e-07,0.029605175199962797,2.1445693715054737,-4.64019775390625,5.633544921875,10.27374267578125,0.426956904997225,-0.922753404231206,1.3485787468817417e-06,0.0130511965070452,0.017033897559270542,0.2434844970703125,0.017487382456314378,-0.4604832703402193,4.569589972293336,0
895.5627705627707,88.57182264535946,81.43107765566695,48.484848484848484,698.5714285714287,1108.5714285714284,409.9999999999998,66.99697885196375,0.09890074214418385,-0.19846334352585335,-0.004368079274927439,67,5.519052305675689,0.007912522335099929,5.37567138671875,5.596160888671875,0.220489501953125,0.24683192232900936,9.27442676155829,7.970120088843836e-08,0.047648475283668154,2.0332563547436515,-3.42864990234375,3.97796630859375,7.4066162109375,0.4077662074220878,-1.29312328243668,-4.141189538493861e-06,0.012932115827287946,0.016178970255680714,0.0820770263671875,0.016647810802036537,-0.2686071870422493,0.45314261049749227,0
867.6470588235294,90.40019225785443,81.5564028595896,44.11764705882353,698.5714285714287,1108.5714285714284,409.9999999999998,69.15254237288136,0.10419005209379832,0.23216321374390034,-0.4465981529697598,69,5.5189080192929225,0.007825069228709701,5.381011962890625,5.596160888671875,0.21514892578125,0.4061719615536998,7.00614742439307,-1.096013786803804e-07,0.04244246709914434,2.0745573716040644,-3.56597900390625,4.193115234375,7.75909423828125,0.3902466824069221,-1.2600027980211803,-8.070041452230703e-07,0.01288702610560826,0.016073371602700615,0.0787811279296875,0.0165470185550777,-0.2721979952529771,0.4009828044045509,0
852.4285714285716,87.35182372378794,78.30445892469285,45.714285714285715,654.2857142857142,1037.142857142857,382.8571428571429,70.38712921065861,0.10247406838721561,0.10639250851933199,-0.4131522078005192,71,5.5240127472650435,0.010293151313197597,5.4653167724609375,5.5942535400390625,0.128936767578125,0.1707507663903973,0.17195628038693078,5.949088149423168e-07,0.2746614002046131,2.5425837801107174,-7.244873046875,10.70404052734375,17.94891357421875,0.9936300963130408,1.3962164516223519,2.7425839736812024e-05,0.012609521048409598,0.015719651848419787,0.0776824951171875,0.01621086506224155,-0.2666062185142617,0.43575783386529254,0
917.0329670329671,126.75476209516816,123.75850310922773,49.23076923076923,400.0,1124.2857142857142,724.2857142857142,65.42840023966447,0.13822268844410188,-1.1045459542821798,2.6671863918766876,66,5.533910923912412,0.007949089769414617,5.403900146484375,5.61065673828125,0.206756591796875,0.25526324763549874,5.443132771734263,2.0068711751617884e-07,0.05044272286551339,2.969656571095994,-11.376953125,10.70404052734375,22.08099365234375,-0.32154103816671165,3.153056121535853,-1.3364369035739093e-07,0.01289775848388672,0.016086909096207087,0.0908660888671875,0.016569603519330494,-0.20824336452288297,0.5017453670480458,0
796.152380952381,193.09593306198698,101.33921236369021,28.000000000000004,400.0,1124.2857142857142,724.2857142857142,75.36245753385329,0.2425364009223962,0.1450412004627666,-1.4356250258546117,76,5.569021234058199,0.05979578122032812,5.403900146484375,5.8078765869140625,0.4039764404296875,1.7660056014724024,1.8794617230009107,1.3202215641800158e-06,-0.15754964919317335,4.415831850686233,-15.4510498046875,18.8201904296875,34.271240234375,0.10038296930406597,3.2395398485184987,3.38519914776347e-05,0.013618338448660715,0.020636644520667786,0.315948486328125,0.02101842148824622,-0.2968932502033667,21.240642810453828,0
720.3310104529617,153.13682102041727,96.93241548668664,29.268292682926827,471.42857142857144,1067.142857142857,595.7142857142857,83.29503954337679,0.21259229270737784,0.7158908950287463,-0.6176201406598585,83,5.5842376164027625,0.05586219625643238,5.4103851318359375,5.8078765869140625,0.397491455078125,1.5086410670804766,1.371588806244307,-2.2283911355886644e-06,0.07431578863234747,6.47111453109446,-19.92340087890625,18.8201904296875,38.74359130859375,-0.2649699516118629,1.1665764069326432,5.202738746624197e-06,0.014128802708217076,0.02431310998685572,0.3790283203125,0.024638466790226847,-0.30607414428690277,26.147335938510267,0
787.0300751879698,155.4451635807956,124.42684925821489,47.368421052631575,450.0,1072.857142857143,622.8571428571429,76.23596847384763,0.1975085431692937,-0.09408924054653714,-0.5075866886128808,77,5.577657381693522,0.026302899693542627,5.4103851318359375,5.6793212890625,0.2689361572265625,0.8085370333795683,0.5277762099714676,7.179751019646867e-07,0.08218467349097842,5.599867170430628,-19.92340087890625,17.21954345703125,37.1429443359375,-0.5384048628744056,2.4287286223324553,1.035455992136126e-05,0.013473370143345424,0.022192472016550755,0.3790283203125,0.022546406885017547,-0.2729839404729061,27.08383549007387,0
803.6486486486485,151.82583242558053,93.90125018408237,25.675675675675674,437.14285714285717,1121.4285714285713,684.2857142857142,74.65949218093158,0.18892065914735096,-0.46568583233040195,-0.6420500837585013,75,5.7402989796229775,0.01864476788276829,5.57708740234375,5.8307647705078125,0.2536773681640625,0.49459711234347065,0.4199664400176206,1.3092063068157462e-06,0.1416063944498698,2.888194868737502,-6.414794921875,7.17926025390625,13.59405517578125,0.1868424901247795,-0.7525551931539844,1.0563760310169212e-05,0.010498803274972098,0.012768451691887643,0.095672607421875,0.01338520115888287,0.045977739934709314,0.704368413223635,2
706.3945578231293,112.42089891411099,63.20452436862316,26.190476190476193,531.4285714285714,1027.142857142857,495.71428571428567,84.93836671802774,0.1591474589789514,0.7628532514537439,-0.21017406902964408,85,5.793560890924363,0.05913621545847076,5.7155609130859375,5.9734344482421875,0.25787353515625,1.2984407170859782,0.6827667813013187,4.271106943742371e-06,0.08211531866164434,2.5946969776868785,-5.81512451171875,8.93707275390625,14.752197265625,0.26636737971087815,-0.17840388891575776,1.5429553590506204e-05,0.011318562098911831,0.014188980041064956,0.1048736572265625,0.01474477058143055,0.011515018318117427,1.6151612326702205,2
719.2082616179001,117.63806436674388,73.41319542370813,30.120481927710845,401.4285714285714,1031.4285714285713,630.0,83.42507059780789,0.16356606374641794,0.4355383482130114,0.6667049341404003,84,5.914259710766021,0.09484161840726066,5.7552337646484375,6.0840606689453125,0.328826904296875,-0.07309337268612237,-1.3867265267005748,7.618545642911195e-06,0.0031039283389136907,2.5512192310384325,-5.79986572265625,8.93707275390625,14.7369384765625,0.39770833099398795,0.3975072129358552,1.667009249817558e-05,0.010718697684151787,0.013419432800908132,0.1048736572265625,0.014020947831355645,-0.027105187381636253,1.917675512616932,2
808.0308880308879,133.66935330240682,78.70172437872317,36.486486486486484,401.4285714285714,1031.4285714285713,630.0,74.2545871559633,0.165426044081247,-0.4300018942452079,0.12593633606845334,75,6.019340615045457,0.04224585015764743,5.8605194091796875,6.105804443359375,0.2452850341796875,-1.117433672554977,-0.3257104975435987,2.794806282082296e-06,-0.07526746477399554,3.0338922953873557,-6.634521484375,9.22393798828125,15.85845947265625,0.3792548091645499,-0.18502039087810074,1.212400227385347e-06,0.00933052498953683,0.01114089279383943,0.0626678466796875,0.011872512109285076,-0.016333662635141653,0.5483003660935735,2
865.5042016806723,102.0928257047335,59.45559702044518,36.76470588235294,638.5714285714286,1022.8571428571429,384.28571428571433,69.32375358027089,0.11795763152447485,-0.5372026509652437,-0.715184695156732,69,6.0430644989013675,0.013796634975238666,5.79681396484375,6.1161041259765625,0.3192901611328125,0.11749120143269222,2.4331287038956324,-4.312728558663057e-07,0.037895892915271574,3.453712429796495,-6.634521484375,9.22393798828125,15.85845947265625,0.37055073692073726,-0.8299403527069678,1.04730698952887e-05,0.00890898895263672,0.010475710354659022,0.0524139404296875,0.011245176914441704,-0.029010564966417227,0.23745475310964936,2
849.4285714285717,73.42452144790751,53.36142413138714,28.57142857142857,701.4285714285714,985.7142857142858,284.28571428571433,70.63572149344095,0.08643990079639294,0.0020381138297248906,-0.6490602801505667,71,6.019269698006767,0.02664555138948448,5.79681396484375,6.1161041259765625,0.3192901611328125,0.2756587814260423,-0.7525030496897172,-2.0870217111464293e-06,0.15732352847144718,3.823879272763202,-10.81695556640625,11.93695068359375,22.75390625,-0.09700733788603727,0.3554582496267513,4.3220224692301494e-07,0.009041581290108817,0.010634876669722062,0.050262451171875,0.01138707130185351,-0.00046439339541199385,0.22887883115101415,2
805.0579150579151,70.4352511924637,43.00431351933455,21.62162162162162,670.0,985.7142857142858,315.7142857142858,74.52879957795788,0.0874909119891041,0.05629446347735578,-0.6439011579344416,75,5.978840673537482,0.026798794218062336,5.7830810546875,6.0634613037109375,0.2803802490234375,-0.5729338412537176,-0.18745812948977214,-2.0255963213716203e-06,0.07703486851283482,3.7343099961843937,-10.81695556640625,11.93695068359375,22.75390625,-0.10498521154839985,0.4753935544530239,1.2748901838060548e-05,0.009432261875697545,0.011194129702469217,0.0550689697265625,0.011905192232319348,-0.02896951688312358,0.2043254280559368,2
809.706457925636,72.78706537488752,43.94969810725463,26.027397260273972,670.0,951.4285714285714,281.42857142857144,74.10092807424594,0.08989315160133296,0.02934725531248114,-0.9660160586142261,74,5.936991346450079,0.02894187503255768,5.670928955078125,6.0321807861328125,0.3612518310546875,0.5798036132478109,-0.9061284202282689,-2.080285505115051e-06,-0.012836129324776785,3.1183857346891752,-5.6060791015625,7.09991455078125,12.70599365234375,0.35471239300617774,-1.0514992021319944,7.4235742025935615e-06,0.009622794015066964,0.011503687577704412,0.0610198974609375,0.012190698390487295,-0.08624649088075614,0.2581435542277788,2
794.1714285714286,121.55271189367798,82.8340068883969,29.333333333333332,400.0,1012.8571428571429,612.8571428571429,75.55043891207367,0.1530560122420035,-0.7474746802274749,0.9367489459154346,76,5.926973751613072,0.01715755222233492,5.670928955078125,6.012725830078125,0.341796875,0.6178615288455599,1.5824549815971318,9.16774896555412e-07,-0.003716859363374256,4.572152002135763,-16.02935791015625,19.22149658203125,35.2508544921875,-0.06184760746820782,4.538912429751534,1.0271453517611136e-05,0.009686971391950334,0.011610812570381242,0.0610198974609375,0.01229298376618907,-0.0959584281309522,0.25195135059209717,2
791.6571428571428,122.22473780136426,76.67454015223394,22.666666666666664,400.0,1012.8571428571429,612.8571428571429,75.790385448246,0.15439099982127,-0.5927707960680471,0.9251383987668178,76,5.939820571172805,0.010932801334995931,5.8361053466796875,6.012725830078125,0.1766204833984375,1.0795978863594664,2.6194388351310236,5.091960843168653e-08,0.09789679391043526,4.4915255813603965,-16.02935791015625,19.22149658203125,35.2508544921875,-0.09444014200100967,5.042841425642759,5.090033705408384e-06,0.009799847194126673,0.011719768467864076,0.0729217529296875,0.012399166075420989,-0.08280727383858949,0.1824180313073258,2
822.4801587301587,77.6256179864306,43.191851935108815,22.22222222222222,637.1428571428571,971.4285714285714,334.28571428571433,72.95008805152824,0.09437992778607344,0.08311782253066924,-0.5227463977008542,73,5.9463738941010975,0.013801796594363685,5.8124542236328125,6.01043701171875,0.1979827880859375,0.880165470291559,0.6017483775697707,8.108699611646904e-07,0.13658948625837053,2.8130710818296456,-4.31976318359375,11.61956787109375,15.9393310546875,0.667694789988639,-0.40036266569409307,1.3602114014324355e-05,0.00972768293108259,0.011594301903139205,0.0729217529296875,0.012280127162327615,-0.06787733749726174,0.20631529203188448,2
510.9482758620689,56.8028505189362,25.207919770697618,6.0344827586206895,438.57142857142856,717.1428571428572,278.57142857142867,117.42871604521682,0.11117143006911759,1.176122531514019,1.1246448062314176,117,7.137104279654366,0.035320754116334035,6.99920654296875,7.2345733642578125,0.2353668212890625,-0.5252709158661659,-0.6377066132992941,-2.736898569206816e-06,-0.065580567859468,4.141476430041037,-6.44989013671875,13.02947998046875,19.4793701171875,0.8863837677365639,0.01029368281493337,2.5274909217612594e-06,0.009156855991908483,0.010950879355460399,0.1205291748046875,0.011788681626701719,0.14711814393948638,2.3273180032683642,1
561.7250673854447,50.37507259750761,34.130601506326755,12.264150943396226,457.1428571428571,717.1428571428572,260.0000000000001,106.81381957773513,0.08967923192742477,1.05679589107825,0.9217089036834354,107,7.088208316621326,0.02864732210702347,6.9087982177734375,7.2345733642578125,0.325775146484375,0.6167686428366416,-0.8647029141837681,-1.8488653810090843e-06,0.003008052280970982,3.394179264374811,-5.9539794921875,10.44769287109375,16.40167236328125,0.9376046941390264,0.3149846090717121,-3.5205812103956984e-05,0.008989386422293527,0.010750785316992506,0.1205291748046875,0.011603762912876228,0.14261037678138214,2.5648516356211513,1
569.5238095238094,77.08152428733713,61.48221526871416,17.142857142857142,404.2857142857143,795.7142857142857,391.4285714285714,105.3511705685619,0.135343813548,0.7727970337436124,1.0429722294375106,106,7.07228585197812,0.019815563755664956,6.9087982177734375,7.2231292724609375,0.3143310546875,2.7554955761079856,12.156314017200108,8.062057077998228e-07,0.21099446614583334,3.131447650602589,-5.33599853515625,10.34088134765625,15.6768798828125,1.0384754320064644,0.5748397007908284,9.89477915853662e-06,0.009019092014857701,0.011468049216554713,0.224212646484375,0.012269842732958232,-0.09274498962685596,19.62007785841681,1
551.7857142857143,71.54570422390805,55.542681874596404,10.185185185185185,404.2857142857143,795.7142857142857,391.4285714285714,108.7378640776699,0.12966211768734143,1.2948701949945245,2.7238786591307376,109,7.125520024980817,0.05245071169435687,7.0125579833984375,7.253265380859375,0.2407073974609375,-0.1145487890430712,-1.7206415018057075,3.649174836370854e-06,0.12930613926478796,3.0469472220053233,-7.07244873046875,10.34088134765625,17.413330078125,0.8658602130666083,1.0562314232255394,-2.9335377844686145e-05,0.009177491324288505,0.0118062136022436,0.224212646484375,0.01259466826332208,0.0010295672319242733,20.052563240904885,1
552.6835781041389,57.24780425603318,41.22848793217697,5.607476635514018,404.2857142857143,727.1428571428571,322.85714285714283,108.56121364383031,0.1035815184746566,0.7431294350189255,0.725226231058143,108,7.184894988650368,0.025879642030724768,7.0125579833984375,7.28759765625,0.2750396728515625,0.7256207904679821,-0.3022581754281788,9.318457845383712e-07,-0.026743970598493302,3.3907563664514875,-12.55035400390625,8.95843505859375,21.5087890625,0.17203580386080236,0.8089675552034232,2.1735059431168108e-05,0.008476822989327566,0.01025082563249943,0.1767425537109375,0.011146824552085008,0.23060821845326224,7.823420189374856,1
561.2803234501348,63.22787304150319,44.77435056386567,11.320754716981133,404.2857142857143,727.1428571428571,322.85714285714283,106.89845607126563,0.11264936681344481,0.44502252285998817,-0.21793521349559253,107,7.195927520025344,0.02428552474816499,7.01751708984375,7.28759765625,0.27008056640625,0.06013488219255794,-0.35935448249718416,2.4264746130765933e-07,0.12173538208007813,3.3460401513578084,-12.55035400390625,8.95843505859375,21.5087890625,0.3761761879210421,0.9436040234205865,-7.97905758184612e-06,0.007954766409737723,0.009369650119057707,0.1364593505859375,0.010334122828454147,0.11608392736132371,4.418550549904319,1
568.2721088435375,48.13638513516832,27.976989311328996,9.523809523809524,490.0,690.0,200.0,105.5832216050565,0.08470657698321372,0.6226778177968637,-0.14657934994949517,106,7.213654826936268,0.027289362047909584,7.01751708984375,7.3451995849609375,0.3276824951171875,0.6084926659805796,-0.6975891263432019,1.6338731856262212e-06,-0.014118630545479911,2.5324137514303655,-4.07257080078125,8.52813720703125,12.6007080078125,1.0576511878592794,0.49463851765762934,2.919147201601341e-06,0.00821875,0.009777944198282268,0.1463470458984375,0.010713580085810102,-0.02505924977220944,6.152262833420954,1
597.1428571428572,54.74477428281192,52.641788067042896,15.151515151515152,412.8571428571429,774.2857142857142,361.42857142857133,100.47846889952152,0.09167785166978071,0.4125446270580311,1.684358609865499,100,7.2676295507521855,0.04506009377006665,7.16094970703125,7.4909210205078125,0.3299713134765625,0.44958989194630145,1.4968219421105013,3.413611683496458e-06,-0.0028528849283854167,2.8051084653250267,-7.45391845703125,9.23004150390625,16.6839599609375,0.6091158331170611,0.4080612607945322,-3.3652575460962464e-06,0.008480503627232143,0.010228018931025457,0.1463470458984375,0.011142145494193827,-0.017109603510807904,6.172788537405957,1
588.4016973125883,56.99389605795285,50.33439202382564,12.871287128712872,412.8571428571429,774.2857142857142,361.42857142857133,101.97115384615385,0.09686222238695354,0.5854368575003186,1.2617543121067083,102,7.3750862121582035,0.07612541877028572,7.1620941162109375,7.5649261474609375,0.40283203125,0.09903633518998903,-1.62478960783236,4.887361971960263e-06,0.11137448265438989,3.4823151555560403,-7.45391845703125,11.16485595703125,18.6187744140625,0.506760789776087,-0.12338884182875098,4.15909946431519e-06,0.007881927490234374,0.009168920923720672,0.0816192626953125,0.010191504929409501,-0.09219574872332413,2.2341871709733043,1
561.9137466307278,33.43041831033583,17.614818392947473,3.7735849056603774,510.0,674.2857142857142,164.28571428571422,106.77795366239745,0.05949386095426005,1.0888048530064773,0.9671777146833054,107,7.4444054558163595,0.022784233438996267,7.210540771484375,7.5649261474609375,0.3543853759765625,0.691779844153147,1.210556621628542,-4.086241856951407e-07,0.07654615129743303,3.491142251620035,-6.158447265625,11.79046630859375,17.94891357421875,0.847842652540648,0.3610763090233786,-7.573745696490701e-06,0.008122386387416294,0.009450609562822872,0.05987548828125,0.010439556786704206,-0.028107236222424708,1.0683972681221539,1
599.9422799422799,65.97848864907697,36.05753420014675,13.131313131313133,510.0,825.7142857142858,315.7142857142858,100.0096209351549,0.10997472732781012,1.0030749102262213,0.575728328250575,100,7.4421025594075525,0.015633242009545332,7.3505401611328125,7.5222015380859375,0.171661376953125,0.15857957159718925,-0.05405867212116666,7.797155171555963e-08,0.0008465358189174107,3.2150790407447123,-6.60247802734375,11.79046630859375,18.3929443359375,0.7612665144016182,0.30110017411172585,6.5646195665457965e-06,0.008229191371372768,0.009599269307150196,0.05987548828125,0.010576299090878935,0.012831512793064765,1.1582907050739042,1
627.1428571428571,92.1419537170842,70.11466323721758,23.157894736842106,400.0,825.7142857142858,425.7142857142858,95.67198177676538,0.14692338861494064,-0.2984241366387608,-0.0013257501050971676,96,7.434364809308733,0.02948630048164781,7.341766357421875,7.5252532958984375,0.1834869384765625,-0.6435787736482974,-0.572147348821022,-1.837339374443763e-08,0.09825076148623511,3.54152646269765,-8.111572265625,9.71832275390625,17.82989501953125,0.17372824259565384,-0.7749059884612235,5.1958013466995746e-06,0.007557074410574777,0.00859855178273628,0.060791015625,0.009683473908591755,-0.07265605904956239,1.0344765118620938,1
554.9933244325767,89.36258348318428,56.64099020386691,10.2803738317757,411.42857142857144,808.5714285714286,397.1428571428571,108.10940845341482,0.16101560063726583,1.105965544892188,0.6107133232547657,108,7.424854478381929,0.03860367324163744,7.314300537109375,7.5351715087890625,0.2208709716796875,-0.42291068343257693,-1.1610219060310225,-3.080493745856425e-07,-0.01856042771112351,3.715717982448829,-8.111572265625,9.71832275390625,17.82989501953125,0.40365299679408156,-0.5406873871113826,-1.0151235490182811e-05,0.007544704982212612,0.008544101650625465,0.060791015625,0.009644610208377024,-0.08436832698335288,0.8160969635423716,1
472.5396825396826,43.963751335058824,8.817422456450087,0.7936507936507936,420.0,612.8571428571429,192.8571428571429,126.9734632180047,0.09303716271779326,0.893144564162477,0.09024045884039955,127,7.389074280148461,0.044420732868924256,7.3101043701171875,7.5351715087890625,0.225067138671875,0.5569785201646911,-1.2800924872333446,-2.955596038898057e-06,0.017625063941592262,3.674556012178116,-8.88519287109375,9.30328369140625,18.1884765625,0.24534985285286653,-0.5270310080498182,8.279679636556216e-06,0.007811814444405692,0.010079309339434303,0.45025634765625,0.011026003552022079,-0.11111284694641067,298.8994784653531,1
449.9891774891775,28.483357883471356,12.80980015079907,3.0303030303030303,420.0,632.8571428571429,212.8571428571429,133.336540080329,0.06329787316753056,3.023255333141919,14.100563975711115,133,7.35715453738258,0.014813376323289381,7.2750091552734375,7.4680328369140625,0.193023681640625,0.75742609399603,2.0718509894273547,3.868043043517528e-07,0.11994959513346354,4.0285879530232975,-10.88409423828125,13.25531005859375,24.139404296875,0.25185462821843807,0.12589376763524784,-8.71473470340983e-06,0.008321883065359933,0.011610317705433429,0.45025634765625,0.012426963467064577,-0.045111648979310706,190.38451132948637,1
504.37046004842614,80.5370018092604,43.36049545204543,10.16949152542373,425.7142857142857,820.0,394.2857142857143,118.96017858428746,0.15967826863121168,1.732542801396643,2.718573385038537,119,7.343271854945591,0.026757426190582245,7.13653564453125,7.4680328369140625,0.3314971923828125,-0.6431077434543557,0.4989208342338518,-1.428502959395731e-06,0.08969548543294271,3.8325434764652972,-10.88409423828125,13.25531005859375,24.139404296875,0.50403221753449,0.6740730720486194,9.766540988988156e-06,0.007895867483956473,0.010104831418329798,0.26202392578125,0.011025784430674397,0.008265737645889287,36.80815650919536,1
551.3888888888889,90.54914734639962,58.49061473609892,12.037037037037036,451.4285714285714,832.8571428571429,381.4285714285715,108.816120906801,0.16422011609422602,1.333975413804076,0.950946168835491,109,7.307422728765578,0.03019600428247357,7.0674896240234375,7.42340087890625,0.3559112548828125,0.42791576879618853,-1.0490043436609853,-2.011019634772319e-06,0.13253562563941593,3.901956890339881,-10.5194091796875,10.28900146484375,20.80841064453125,0.2701009733072825,-0.09863378941232925,1.3915699601593657e-05,0.007205279758998326,0.008055025358029759,0.0438995361328125,0.009173174841627127,-0.08683527857902006,0.5481566408022145,1
503.91041162227606,73.9932845322232,37.80590676639623,4.23728813559322,451.4285714285714,832.8571428571429,381.4285714285715,119.06878408572183,0.14683817366267776,2.618487125687748,6.6325957586918705,119,7.278061176481701,0.017556955578202433,7.0674896240234375,7.40203857421875,0.3345489501953125,1.3250303413087097,4.049157898737412,-7.646820896613127e-07,0.008817400251116072,4.281894002704658,-10.5194091796875,10.28900146484375,20.80841064453125,0.16928771463189873,-0.46866011637165483,1.0314954371688055e-05,0.007574699401855469,0.008590014942017011,0.065643310546875,0.009654478617737421,-0.03104506830296659,0.9344519055826073,1
463.39977851605755,11.667211954327616,3.982983575570618,0.0,438.57142857142856,495.7142857142857,57.14285714285717,129.47783486677022,0.02517742237963398,1.0140664040613527,0.34778396028349157,130,7.267148208618164,0.018198036732525458,7.207489013671875,7.3673248291015625,0.1598358154296875,1.581663077156193,3.1561349495175213,-5.319105588156664e-07,-0.06191573370070685,4.322891715444675,-10.4766845703125,13.09661865234375,23.57330322265625,0.37308227265679644,-0.019961994457943444,1.0644040965734851e-05,0.007657700674874442,0.008685505615994198,0.065643310546875,0.009755440471927241,-0.01919592841050569,0.9330936402954015,1
452.45670995671,14.457104351559899,4.22531042285615,0.0,424.2857142857143,492.8571428571429,68.57142857142861,132.60937163632883,0.03195245872901989,0.2553345150885502,0.27450922364416863,133,7.267412367321196,0.01829849814997182,7.207489013671875,7.3673248291015625,0.1598358154296875,1.2780481315929293,2.445936189716244,-7.501142986132848e-08,0.18442030407133556,4.492010847139031,-9.45281982421875,13.09661865234375,22.5494384765625,0.46518544556611113,-0.1719757613210322,2.4209952543443873e-05,0.007677649361746652,0.008691482188505741,0.0639495849609375,0.009763761007003883,-0.02523749038969563,0.7894874154163616,1
454.3075245365321,23.32935392853133,5.8163953836570155,0.0,424.2857142857143,542.8571428571428,118.5714285714285,132.06913106096977,0.05135145835924924,1.5198740316930657,2.647740065520484,132,7.277748416718983,0.02262950763315753,7.0404052734375,7.402801513671875,0.362396240234375,2.194721390732435,6.331550562327161,1.009175303394775e-06,0.1484020778111049,4.304916069224139,-8.61053466796875,11.163330078125,19.77386474609375,0.4937927822471167,-0.34482805817961326,1.0128458442041045e-05,0.007715240478515625,0.0087493225539084,0.0639495849609375,0.00981247445293601,-0.027951527414815262,0.8048205867517924,1
485.18002322880375,49.19744097922562,20.494064779859325,4.0650406504065035,431.42857142857144,764.2857142857142,332.8571428571428,123.66543783214439,0.10140038464861698,2.7433066281220437,10.99353913283457,124,7.30653699239095,0.03486288591059696,7.0404052734375,7.4466705322265625,0.4062652587890625,0.9608870055739703,0.6880871622059241,1.6290043132964089e-06,-0.05942164829799107,4.4980356799678285,-8.46405029296875,12.74566650390625,21.209716796875,0.7642923298307681,-0.09602274291327362,2.968187602112863e-05,0.007492128644670759,0.008447743122370057,0.0471954345703125,0.009549941599393324,-0.06165457062803144,0.76323433110402,1
524.7281921618205,79.08453985768186,74.36931128255391,14.15929203539823,451.4285714285714,927.1428571428571,475.7142857142857,114.34491398833903,0.15071524846390003,2.44905776808534,6.819643837437132,114,7.3322042465209964,0.0242748942613993,7.2040557861328125,7.4466705322265625,0.24261474609375,0.9962496728285843,1.2354170090285228,2.6059221391261216e-07,-0.01756751650855655,4.4444020364374905,-8.46405029296875,13.68255615234375,22.1466064453125,0.9842026911296801,0.4108641610869248,1.3659509738352813e-05,0.007393011910574777,0.00831267358655192,0.0465545654296875,0.00943510486110784,-0.07876339396069296,0.819901921470124,1
